{"changes": [{"formId": "csdtthikyov11so4", "recordId": "cl6v1lufn0000gcnm2le4rfth", "parentRecordId": "cgog875kzobxhgp14", "fields": {"mes": "2022-07", "colltmgkykvhxgij6": "cbuoigikylzqu4h3y", "rmrp": "Si", "covid": "No", "espacion_apoyo": "No", "poblacion_meta": ["Refugiados/as y Migrantes", "Comunidad de acogida"], "poblacion_meta_freq": "Primera vez", "modalidad_impl": "c3jf6gykykwwemuk7", "mecanismos": "c3de3pmkym0dbino", "transferencia": "Incondicional", "usd_transfer": 3736, "CBI2_01_RM_NA_PR": 5, "CBI2_01_RM_NN_PR": 4, "CBI2_01_RM_MM_PR": 6, "CBI2_01_RM_HH_PR": 3, "CBI2_01_CA_NA_PR": 0, "CBI2_01_CA_NN_PR": 0, "CBI2_01_CA_MM_PR": 0, "CBI2_01_CA_HH_PR": 0, "CBI2_01_CUAL": null}}, {"formId": "csdtthikyov11so4", "recordId": "cl6v1lvgg0001gcnmejny6egp", "parentRecordId": "cnj8b7okzoc25e718", "fields": {"mes": "2022-07", "colltmgkykvhxgij6": "cbuoigikylzqu4h3y", "rmrp": "Si", "covid": "No", "espacion_apoyo": "No", "poblacion_meta": ["Refugiados/as y Migrantes", "Comunidad de acogida"], "poblacion_meta_freq": "Primera vez", "modalidad_impl": "c3jf6gykykwwemuk7", "mecanismos": "c3de3pmkym0dbino", "transferencia": "Incondicional", "usd_transfer": 5385, "CBI2_01_RM_NA_PR": 12, "CBI2_01_RM_NN_PR": 12, "CBI2_01_RM_MM_PR": 11, "CBI2_01_RM_HH_PR": 5, "CBI2_01_CA_NA_PR": 0, "CBI2_01_CA_NN_PR": 1, "CBI2_01_CA_MM_PR": 0, "CBI2_01_CA_HH_PR": 0, "CBI2_01_CUAL": null}}, {"formId": "csdtthikyov11so4", "recordId": "cl6v1lwh00002gcnm5no4z4dv", "parentRecordId": "cmdro7ykzobzn4m16", "fields": {"mes": "2022-07", "colltmgkykvhxgij6": "cbuoigikylzqu4h3y", "rmrp": "Si", "covid": "No", "espacion_apoyo": "No", "poblacion_meta": ["Refugiados/as y Migrantes", "Comunidad de acogida"], "poblacion_meta_freq": "Primera vez", "modalidad_impl": "c3jf6gykykwwemuk7", "mecanismos": "c3de3pmkym0dbino", "transferencia": "Incondicional", "usd_transfer": 5385, "CBI2_01_RM_NA_PR": 10, "CBI2_01_RM_NN_PR": 11, "CBI2_01_RM_MM_PR": 14, "CBI2_01_RM_HH_PR": 7, "CBI2_01_CA_NA_PR": 0, "CBI2_01_CA_NN_PR": 0, "CBI2_01_CA_MM_PR": 0, "CBI2_01_CA_HH_PR": 0, "CBI2_01_CUAL": null}}, {"formId": "csdtthikyov11so4", "recordId": "cl6v1lxs10003gcnmbznuhmc5", "parentRecordId": "csoq09akzobu7ku12", "fields": {"mes": "2022-07", "colltmgkykvhxgij6": "cbuoigikylzqu4h3y", "rmrp": "Si", "covid": "No", "espacion_apoyo": "No", "poblacion_meta": ["Refugiados/as y Migrantes", "Comunidad de acogida"], "poblacion_meta_freq": "Primera vez", "modalidad_impl": "c3jf6gykykwwemuk7", "mecanismos": "c3de3pmkym0dbino", "transferencia": "Incondicional", "usd_transfer": 20548, "CBI2_01_RM_NA_PR": 36, "CBI2_01_RM_NN_PR": 40, "CBI2_01_RM_MM_PR": 43, "CBI2_01_RM_HH_PR": 24, "CBI2_01_CA_NA_PR": 0, "CBI2_01_CA_NN_PR": 0, "CBI2_01_CA_MM_PR": 0, "CBI2_01_CA_HH_PR": 0, "CBI2_01_CUAL": null}}, {"formId": "csdtthikyov11so4", "recordId": "cl6v1lyyj0004gcnmgfvxyf1a", "parentRecordId": "ca57qpykzobs78710", "fields": {"mes": "2022-07", "colltmgkykvhxgij6": "cbuoigikylzqu4h3y", "rmrp": "Si", "covid": "No", "espacion_apoyo": "No", "poblacion_meta": ["Refugiados/as y Migrantes", "Comunidad de acogida"], "poblacion_meta_freq": "Primera vez", "modalidad_impl": "c3jf6gykykwwemuk7", "mecanismos": "c3de3pmkym0dbino", "transferencia": "Incondicional", "usd_transfer": 15493, "CBI2_01_RM_NA_PR": 29, "CBI2_01_RM_NN_PR": 44, "CBI2_01_RM_MM_PR": 39, "CBI2_01_RM_HH_PR": 14, "CBI2_01_CA_NA_PR": 0, "CBI2_01_CA_NN_PR": 0, "CBI2_01_CA_MM_PR": 0, "CBI2_01_CA_HH_PR": 0, "CBI2_01_CUAL": null}}, {"formId": "csdtthikyov11so4", "recordId": "cl6v1m0f30005gcnm49pgj6bm", "parentRecordId": "cn74v13kzobmi1du", "fields": {"mes": "2022-07", "colltmgkykvhxgij6": "cbuoigikylzqu4h3y", "rmrp": "Si", "covid": "No", "espacion_apoyo": "No", "poblacion_meta": ["Refugiados/as y Migrantes", "Comunidad de acogida"], "poblacion_meta_freq": "Primera vez", "modalidad_impl": "c3jf6gykykwwemuk7", "mecanismos": "c3de3pmkym0dbino", "transferencia": "Incondicional", "usd_transfer": 9230, "CBI2_01_RM_NA_PR": 16, "CBI2_01_RM_NN_PR": 18, "CBI2_01_RM_MM_PR": 20, "CBI2_01_RM_HH_PR": 13, "CBI2_01_CA_NA_PR": 0, "CBI2_01_CA_NN_PR": 0, "CBI2_01_CA_MM_PR": 0, "CBI2_01_CA_HH_PR": 0, "CBI2_01_CUAL": null}}, {"formId": "csdtthikyov11so4", "recordId": "cl6v1m1fk0006gcnmeowa55yd", "parentRecordId": "c5qe0t7kzobju8gs", "fields": {"mes": "2022-07", "colltmgkykvhxgij6": "cbuoigikylzqu4h3y", "rmrp": "Si", "covid": "No", "espacion_apoyo": "No", "poblacion_meta": ["Refugiados/as y Migrantes", "Comunidad de acogida"], "poblacion_meta_freq": "Primera vez", "modalidad_impl": "c3jf6gykykwwemuk7", "mecanismos": "c3de3pmkym0dbino", "transferencia": "Incondicional", "usd_transfer": 16153, "CBI2_01_RM_NA_PR": 28, "CBI2_01_RM_NN_PR": 36, "CBI2_01_RM_MM_PR": 39, "CBI2_01_RM_HH_PR": 26, "CBI2_01_CA_NA_PR": 0, "CBI2_01_CA_NN_PR": 0, "CBI2_01_CA_MM_PR": 0, "CBI2_01_CA_HH_PR": 0, "CBI2_01_CUAL": null}}, {"formId": "csdtthikyov11so4", "recordId": "cl6v1m2gb0007gcnmhurpf9vm", "parentRecordId": "cdob6y5kzobhpxbq", "fields": {"mes": "2022-07", "colltmgkykvhxgij6": "cbuoigikylzqu4h3y", "rmrp": "Si", "covid": "No", "espacion_apoyo": "No", "poblacion_meta": ["Refugiados/as y Migrantes", "Comunidad de acogida"], "poblacion_meta_freq": "Primera vez", "modalidad_impl": "c3jf6gykykwwemuk7", "mecanismos": "c3de3pmkym0dbino", "transferencia": "Incondicional", "usd_transfer": 27360, "CBI2_01_RM_NA_PR": 49, "CBI2_01_RM_NN_PR": 60, "CBI2_01_RM_MM_PR": 67, "CBI2_01_RM_HH_PR": 38, "CBI2_01_CA_NA_PR": 2, "CBI2_01_CA_NN_PR": 1, "CBI2_01_CA_MM_PR": 0, "CBI2_01_CA_HH_PR": 0, "CBI2_01_CUAL": null}}, {"formId": "csdtthikyov11so4", "recordId": "cl6v1m3ho0008gcnm0tzjkcde", "parentRecordId": "c1ugzjekzobfh5yo", "fields": {"mes": "2022-07", "colltmgkykvhxgij6": "cbuoigikylzqu4h3y", "rmrp": "Si", "covid": "No", "espacion_apoyo": "No", "poblacion_meta": ["Refugiados/as y Migrantes", "Comunidad de acogida"], "poblacion_meta_freq": "Primera vez", "modalidad_impl": "c3jf6gykykwwemuk7", "mecanismos": "c3de3pmkym0dbino", "transferencia": "Incondicional", "usd_transfer": 24503, "CBI2_01_RM_NA_PR": 52, "CBI2_01_RM_NN_PR": 61, "CBI2_01_RM_MM_PR": 62, "CBI2_01_RM_HH_PR": 27, "CBI2_01_CA_NA_PR": 0, "CBI2_01_CA_NN_PR": 0, "CBI2_01_CA_MM_PR": 0, "CBI2_01_CA_HH_PR": 0, "CBI2_01_CUAL": null}}, {"formId": "csdtthikyov11so4", "recordId": "cl6v1m4g90009gcnmyh3lcb19", "parentRecordId": "cjf0pfxkzobavk7m", "fields": {"mes": "2022-07", "colltmgkykvhxgij6": "cbuoigikylzqu4h3y", "rmrp": "Si", "covid": "No", "espacion_apoyo": "No", "poblacion_meta": ["Refugiados/as y Migrantes", "Comunidad de acogida"], "poblacion_meta_freq": "Primera vez", "modalidad_impl": "c3jf6gykykwwemuk7", "mecanismos": "c3de3pmkym0dbino", "transferencia": "Incondicional", "usd_transfer": 4945, "CBI2_01_RM_NA_PR": 6, "CBI2_01_RM_NN_PR": 5, "CBI2_01_RM_MM_PR": 13, "CBI2_01_RM_HH_PR": 11, "CBI2_01_CA_NA_PR": 0, "CBI2_01_CA_NN_PR": 0, "CBI2_01_CA_MM_PR": 0, "CBI2_01_CA_HH_PR": 0, "CBI2_01_CUAL": null}}, {"formId": "csdtthikyov11so4", "recordId": "cl6v1m5l8000agcnmpw63ke8n", "parentRecordId": "cwxndckzob8dwgk", "fields": {"mes": "2022-07", "colltmgkykvhxgij6": "cbuoigikylzqu4h3y", "rmrp": "Si", "covid": "No", "espacion_apoyo": "No", "poblacion_meta": ["Refugiados/as y Migrantes", "Comunidad de acogida"], "poblacion_meta_freq": "Primera vez", "modalidad_impl": "c3jf6gykykwwemuk7", "mecanismos": "c3de3pmkym0dbino", "transferencia": "Incondicional", "usd_transfer": 7802, "CBI2_01_RM_NA_PR": 18, "CBI2_01_RM_NN_PR": 11, "CBI2_01_RM_MM_PR": 19, "CBI2_01_RM_HH_PR": 12, "CBI2_01_CA_NA_PR": 0, "CBI2_01_CA_NN_PR": 0, "CBI2_01_CA_MM_PR": 0, "CBI2_01_CA_HH_PR": 0, "CBI2_01_CUAL": null}}, {"formId": "csdtthikyov11so4", "recordId": "cl6v1m6i4000bgcnmdbp2kh0s", "parentRecordId": "cx0caqdkzob4xewi", "fields": {"mes": "2022-07", "colltmgkykvhxgij6": "cbuoigikylzqu4h3y", "rmrp": "Si", "covid": "No", "espacion_apoyo": "No", "poblacion_meta": ["Refugiados/as y Migrantes", "Comunidad de acogida"], "poblacion_meta_freq": "Primera vez", "modalidad_impl": "c3jf6gykykwwemuk7", "mecanismos": "c3de3pmkym0dbino", "transferencia": "Incondicional", "usd_transfer": 4066, "CBI2_01_RM_NA_PR": 6, "CBI2_01_RM_NN_PR": 12, "CBI2_01_RM_MM_PR": 9, "CBI2_01_RM_HH_PR": 6, "CBI2_01_CA_NA_PR": 0, "CBI2_01_CA_NN_PR": 0, "CBI2_01_CA_MM_PR": 0, "CBI2_01_CA_HH_PR": 0, "CBI2_01_CUAL": null}}]}