{"changes": [{"formId": "cesmivokysrxu0z3", "recordId": "cl6qu54ik002jlwnm3vfssmt0", "parentRecordId": "cv54gqakzhukabp6", "fields": {"mes": "2022-07", "colltmgkykvhxgij6": "ci405vckylzqu5361", "rmrp": "Si", "covid": "No", "wash_individual": "No", "poblacion_meta": ["Refugiados/as y migrantes", "Comunidad de acogida"], "WA1_02_RM_NA": 68, "WA1_02_RM_NN": 98, "WA1_02_RM_MM": 154, "WA1_02_RM_HH": 463, "WA1_02_CA_NA": 2, "WA1_02_CA_NN": 2, "WA1_02_CA_MM": 3, "WA1_02_CA_HH": 11, "WA1_02_CUAL": "Dentro del espacio de apoyo integral se ha atendido a un total de 918 personas, de las cuales 783 son de nacionalidad venezolana, 105 de nacionalidad colombiana, 18 de nacionalidad ecuatoriana y 12 de otras nacionalidades."}}]}