{"changes": [{"formId": "c5vie2zkysumtk35", "recordId": "cl6qu4n8g001zlwnmuszspdsb", "parentRecordId": "cl5q96ew7001790nmsvunj5od", "fields": {"mes": "2022-07", "colltmgkykvhxgij6": "cu2uyackylzqu4r4y", "rmrp": "Si", "covid": "No", "PRPI5_03": 21, "PRPI5_03_CUAL": "Programa Ibarra: Inicio de los talleres enfocados en Empleabilidad con la participaci\u00f3n de los voluntarios en la casa de la Juventud Carchi y los talleres de educaci\u00f3n financiera durante el seguimiento del grupo de autoahorro."}}, {"formId": "c5vie2zkysumtk35", "recordId": "cl6qu4nm40020lwnm01rzwc4l", "parentRecordId": "cl5q96ew7001h90nmbbzpluuh", "fields": {"mes": "2022-07", "colltmgkykvhxgij6": "cu2uyackylzqu4r4y", "rmrp": "Si", "covid": "No", "PRPI5_03": 9, "PRPI5_03_CUAL": "Nuevos integrantes a procesos de Campeones Comunitarios ,13 personas adultas corresponden al grupo Desaf\u00edo Quito - los dem\u00e1s son NNA que pasan a ser parte del CC"}}, {"formId": "c5vie2zkysumtk35", "recordId": "cl6qu4nw10021lwnmmrfa3dyi", "parentRecordId": "cl5q96ew8001i90nmpzxogrz0", "fields": {"mes": "2022-07", "colltmgkykvhxgij6": "cu2uyackylzqu4r4y", "rmrp": "Si", "covid": "No", "PRPI5_03": 3, "PRPI5_03_CUAL": "Nuevos integrantes a procesos de Campeones Comunitarios ,13 personas adultas corresponden al grupo Desaf\u00edo Quito - los dem\u00e1s son NNA que pasan a ser parte del CC"}}, {"formId": "c5vie2zkysumtk35", "recordId": "cl6qu4o770022lwnmgff71ftr", "parentRecordId": "cl5q96ew8001j90nm6oiky1xx", "fields": {"mes": "2022-07", "colltmgkykvhxgij6": "cu2uyackylzqu4r4y", "rmrp": "Si", "covid": "No", "PRPI5_03": 51, "PRPI5_03_CUAL": "Nuevos integrantes a procesos de Campeones Comunitarios ,13 personas adultas corresponden al grupo Desaf\u00edo Quito - los dem\u00e1s son NNA que pasan a ser parte del CC"}}, {"formId": "c5vie2zkysumtk35", "recordId": "cl6qu4oi80023lwnmwr1ism1g", "parentRecordId": "cl5q96ew8001k90nm0he2k8sj", "fields": {"mes": "2022-07", "colltmgkykvhxgij6": "cu2uyackylzqu4r4y", "rmrp": "Si", "covid": "No", "PRPI5_03": 8, "PRPI5_03_CUAL": "Nuevos integrantes a procesos de Campeones Comunitarios ,13 personas adultas corresponden al grupo Desaf\u00edo Quito - los dem\u00e1s son NNA que pasan a ser parte del CC"}}, {"formId": "c5vie2zkysumtk35", "recordId": "cl6qu4osh0024lwnm810dote9", "parentRecordId": "cl5q96ew8001q90nmmgclnsoa", "fields": {"mes": "2022-07", "colltmgkykvhxgij6": "cu2uyackylzqu4r4y", "rmrp": "Si", "covid": "No", "PRPI5_03": 8, "PRPI5_03_CUAL": "Nuevos integrantes a procesos de Campeones Comunitarios ,13 personas adultas corresponden al grupo Desaf\u00edo Quito - los dem\u00e1s son NNA que pasan a ser parte del CC"}}]}