{"changes": [{"formId": "cgev2lrkyoystct6", "recordId": "cl6qu4rlp0025lwnmyn5ttn57", "parentRecordId": "cl5q96ewb002q90nmzpukwkix", "fields": {"mes": "2022-07", "colltmgkykvhxgij6": "c8d1qw4kylzqu4o4n", "rmrp": "Si", "covid": "No", "PRVBG4_01": 20, "PRVBG4_01_CUAL": "Correspondiente al proceso de capacitaci\u00f3n con la Defensor\u00eda P\u00fablica."}}, {"formId": "cgev2lrkyoystct6", "recordId": "cl6qu4rwv0026lwnmaxdg54rm", "parentRecordId": "cpjim6l1pa6w9di", "fields": {"mes": "2022-07", "colltmgkykvhxgij6": "c8d1qw4kylzqu4o4n", "rmrp": "Si", "covid": "No", "PRVBG4_01": 25, "PRVBG4_01_CUAL": "HIAS brind\u00f3 talleres sobre diversidades sexuales, sensibilizaci\u00f3n sobre VBG con funcionarios del GTRM y proveedores de servicios en Ambato, talleres de sensibilizaci\u00f3n sobre prevenci\u00f3n y respuesta a la VBG con funcionarios (as) de las Tenencias y secretarias pol\u00edticas Esmeraldas, R\u00edo Verde, Muisne y Atacames, talleres de sensibilizaci\u00f3n sobre prevenci\u00f3n y respuesta a la VBG con funcionarios (as) Funcionarios de los Departamentos de Consejer\u00eda estudiantil \"DECE\" y personal de apoyo/UDAI del Distrito 10D01 de Ibarra, sensibilizaci\u00f3n sobre VBG con funcionarios (as) de la Unida de salud Jambi Huasi y un taller sobre diversidades sexuales y de g\u00e9nero con funcionarios (as) del Ministerio de Educaci\u00f3n Loreto Orellana; y , un taller de sensibilizaci\u00f3n sobre PEAS con funcionarios (as) del Distrito de Educaci\u00f3n 17D09 y un taller sobre prevenci\u00f3n y respuesta a la VBG con funcionarios (as) del Centro de Salud La Magdalena en Quito.\t\t\t\t\t\t\t\t\t\t\t\t\t\t\n"}}, {"formId": "cgev2lrkyoystct6", "recordId": "cl6qu4s7n0027lwnmt8y7sj7j", "parentRecordId": "c3rorfml1pa2y49g", "fields": {"mes": "2022-07", "colltmgkykvhxgij6": "c8d1qw4kylzqu4o4n", "rmrp": "Si", "covid": "No", "PRVBG4_01": 50, "PRVBG4_01_CUAL": "HIAS brind\u00f3 talleres sobre diversidades sexuales, sensibilizaci\u00f3n sobre VBG con funcionarios del GTRM y proveedores de servicios en Ambato, talleres de sensibilizaci\u00f3n sobre prevenci\u00f3n y respuesta a la VBG con funcionarios (as) de las Tenencias y secretarias pol\u00edticas Esmeraldas, R\u00edo Verde, Muisne y Atacames, talleres de sensibilizaci\u00f3n sobre prevenci\u00f3n y respuesta a la VBG con funcionarios (as) Funcionarios de los Departamentos de Consejer\u00eda estudiantil \"DECE\" y personal de apoyo/UDAI del Distrito 10D01 de Ibarra, sensibilizaci\u00f3n sobre VBG con funcionarios (as) de la Unida de salud Jambi Huasi y un taller sobre diversidades sexuales y de g\u00e9nero con funcionarios (as) del Ministerio de Educaci\u00f3n Loreto Orellana; y , un taller de sensibilizaci\u00f3n sobre PEAS con funcionarios (as) del Distrito de Educaci\u00f3n 17D09 y un taller sobre prevenci\u00f3n y respuesta a la VBG con funcionarios (as) del Centro de Salud La Magdalena en Quito.\t\t\t\t\t\t\t\t\t\t\t\t\t\t\n"}}, {"formId": "cgev2lrkyoystct6", "recordId": "cl6qu4shs0028lwnm2r6e4sdq", "parentRecordId": "c3z6n5ul0l5457l4", "fields": {"mes": "2022-07", "colltmgkykvhxgij6": "c8d1qw4kylzqu4o4n", "rmrp": "Si", "covid": "No", "PRVBG4_01": 54, "PRVBG4_01_CUAL": "HIAS brind\u00f3 talleres sobre diversidades sexuales, sensibilizaci\u00f3n sobre VBG con funcionarios del GTRM y proveedores de servicios en Ambato, talleres de sensibilizaci\u00f3n sobre prevenci\u00f3n y respuesta a la VBG con funcionarios (as) de las Tenencias y secretarias pol\u00edticas Esmeraldas, R\u00edo Verde, Muisne y Atacames, talleres de sensibilizaci\u00f3n sobre prevenci\u00f3n y respuesta a la VBG con funcionarios (as) Funcionarios de los Departamentos de Consejer\u00eda estudiantil \"DECE\" y personal de apoyo/UDAI del Distrito 10D01 de Ibarra, sensibilizaci\u00f3n sobre VBG con funcionarios (as) de la Unida de salud Jambi Huasi y un taller sobre diversidades sexuales y de g\u00e9nero con funcionarios (as) del Ministerio de Educaci\u00f3n Loreto Orellana; y , un taller de sensibilizaci\u00f3n sobre PEAS con funcionarios (as) del Distrito de Educaci\u00f3n 17D09 y un taller sobre prevenci\u00f3n y respuesta a la VBG con funcionarios (as) del Centro de Salud La Magdalena en Quito.\t\t\t\t\t\t\t\t\t\t\t\t\t\t\n"}}, {"formId": "cgev2lrkyoystct6", "recordId": "cl6qu4ssc0029lwnm0sjaa8tj", "parentRecordId": "c4rz53zl0kb0t3n1r", "fields": {"mes": "2022-07", "colltmgkykvhxgij6": "c8d1qw4kylzqu4o4n", "rmrp": "Si", "covid": "No", "PRVBG4_01": 31, "PRVBG4_01_CUAL": "HIAS brind\u00f3 talleres sobre diversidades sexuales, sensibilizaci\u00f3n sobre VBG con funcionarios del GTRM y proveedores de servicios en Ambato, talleres de sensibilizaci\u00f3n sobre prevenci\u00f3n y respuesta a la VBG con funcionarios (as) de las Tenencias y secretarias pol\u00edticas Esmeraldas, R\u00edo Verde, Muisne y Atacames, talleres de sensibilizaci\u00f3n sobre prevenci\u00f3n y respuesta a la VBG con funcionarios (as) Funcionarios de los Departamentos de Consejer\u00eda estudiantil \"DECE\" y personal de apoyo/UDAI del Distrito 10D01 de Ibarra, sensibilizaci\u00f3n sobre VBG con funcionarios (as) de la Unida de salud Jambi Huasi y un taller sobre diversidades sexuales y de g\u00e9nero con funcionarios (as) del Ministerio de Educaci\u00f3n Loreto Orellana; y , un taller de sensibilizaci\u00f3n sobre PEAS con funcionarios (as) del Distrito de Educaci\u00f3n 17D09 y un taller sobre prevenci\u00f3n y respuesta a la VBG con funcionarios (as) del Centro de Salud La Magdalena en Quito.\t\t\t\t\t\t\t\t\t\t\t\t\t\t\n"}}, {"formId": "cgev2lrkyoystct6", "recordId": "cl6qu4t2x002alwnm2eqzx4mk", "parentRecordId": "ckvy73ol0kazk2s1p", "fields": {"mes": "2022-07", "colltmgkykvhxgij6": "c8d1qw4kylzqu4o4n", "rmrp": "Si", "covid": "No", "PRVBG4_01": 45, "PRVBG4_01_CUAL": "HIAS brind\u00f3 talleres sobre diversidades sexuales, sensibilizaci\u00f3n sobre VBG con funcionarios del GTRM y proveedores de servicios en Ambato, talleres de sensibilizaci\u00f3n sobre prevenci\u00f3n y respuesta a la VBG con funcionarios (as) de las Tenencias y secretarias pol\u00edticas Esmeraldas, R\u00edo Verde, Muisne y Atacames, talleres de sensibilizaci\u00f3n sobre prevenci\u00f3n y respuesta a la VBG con funcionarios (as) Funcionarios de los Departamentos de Consejer\u00eda estudiantil \"DECE\" y personal de apoyo/UDAI del Distrito 10D01 de Ibarra, sensibilizaci\u00f3n sobre VBG con funcionarios (as) de la Unida de salud Jambi Huasi y un taller sobre diversidades sexuales y de g\u00e9nero con funcionarios (as) del Ministerio de Educaci\u00f3n Loreto Orellana; y , un taller de sensibilizaci\u00f3n sobre PEAS con funcionarios (as) del Distrito de Educaci\u00f3n 17D09 y un taller sobre prevenci\u00f3n y respuesta a la VBG con funcionarios (as) del Centro de Salud La Magdalena en Quito.\t\t\t\t\t\t\t\t\t\t\t\t\t\t\n"}}]}