{"changes": [{"formId": "c4d8wbzkyngr50t3", "recordId": "cl6qu5mec002rlwnma8g3yjd8", "parentRecordId": "czcr5tyl48lllcl1c", "fields": {"mes": "2022-07", "colltmgkykvhxgij6": "cxjbtsykylzqu4g3u", "rmrp": "Si", "covid": "No", "espacion_apoyo": "No", "poblacion_meta": ["Refugiados/as y migrantes", "Comunidad de acogida"], "poblacion_meta_freq": "Primera vez", "modalidad_impl": "c3jf6gykykwwemuk7", "mecanismos": "cr04avekym0dbimj", "transferencia": "Condicional", "usd_transfer": 2000, "semilla": "Si", "IN5_01_RM_MM_N": 4, "IN5_01_RM_HH_N": 0, "IN5_01_RM_OTR_N": 0, "IN5_01_RM_LGBT_N": 0, "IN5_01_CA_MM_N": 0, "IN5_01_CA_HH_N": 0, "IN5_01_CA_OTR_N": 0, "IN5_01_CA_LGBT_N": 0, "IN5_01_CUAL": "En el marco del Proyecto Girl in Tech que se desarrolla en Guayas, se entregaron 4 capitales semilla en los sectores de belleza y gastronom\u00eda. Para Ibarra y Lago Agrio, se entreg\u00f3 capital semilla MDG enfocado en los sectores de belleza y gastronom\u00eda."}}, {"formId": "c4d8wbzkyngr50t3", "recordId": "cl6qu5ntp002slwnmm06h7dk0", "parentRecordId": "cfzw69vl48l6v1a14", "fields": {"mes": "2022-07", "colltmgkykvhxgij6": "cxjbtsykylzqu4g3u", "rmrp": "Si", "covid": "No", "espacion_apoyo": "No", "poblacion_meta": ["Refugiados/as y migrantes", "Comunidad de acogida"], "poblacion_meta_freq": "Primera vez", "modalidad_impl": "c3jf6gykykwwemuk7", "mecanismos": "cr04avekym0dbimj", "transferencia": "Condicional", "usd_transfer": 2000, "semilla": "Si", "IN5_01_RM_MM_N": 3, "IN5_01_RM_HH_N": 1, "IN5_01_RM_OTR_N": 0, "IN5_01_RM_LGBT_N": 0, "IN5_01_CA_MM_N": 0, "IN5_01_CA_HH_N": 0, "IN5_01_CA_OTR_N": 0, "IN5_01_CA_LGBT_N": 0, "IN5_01_CUAL": "En el marco del Proyecto Girl in Tech que se desarrolla en Guayas, se entregaron 4 capitales semilla en los sectores de belleza y gastronom\u00eda. Para Ibarra y Lago Agrio, se entreg\u00f3 capital semilla MDG enfocado en los sectores de belleza y gastronom\u00eda."}}, {"formId": "c4d8wbzkyngr50t3", "recordId": "cl6qu5p9k002tlwnm7j9vlltj", "parentRecordId": "c90yir0l30avmy5c", "fields": {"mes": "2022-07", "colltmgkykvhxgij6": "cxjbtsykylzqu4g3u", "rmrp": "Si", "covid": "No", "espacion_apoyo": "No", "poblacion_meta": ["Refugiados/as y migrantes", "Comunidad de acogida"], "poblacion_meta_freq": "Primera vez", "modalidad_impl": "c3jf6gykykwwemuk7", "mecanismos": "cr04avekym0dbimj", "transferencia": "Condicional", "usd_transfer": 1000, "semilla": "Si", "IN5_01_RM_MM_N": 1, "IN5_01_RM_HH_N": 0, "IN5_01_RM_OTR_N": 0, "IN5_01_RM_LGBT_N": 0, "IN5_01_CA_MM_N": 1, "IN5_01_CA_HH_N": 0, "IN5_01_CA_OTR_N": 0, "IN5_01_CA_LGBT_N": 0, "IN5_01_CUAL": "En el marco del Proyecto Girl in Tech que se desarrolla en Guayas, se entregaron 4 capitales semilla en los sectores de belleza y gastronom\u00eda. Para Ibarra y Lago Agrio, se entreg\u00f3 capital semilla MDG enfocado en los sectores de belleza y gastronom\u00eda."}}]}