{"changes": [{"formId": "c5vie2zkysumtk35", "recordId": "cl6qu2k9n001clwnmn9ei5y7t", "parentRecordId": "cl5q96ew7001990nmwq17nnvh", "fields": {"mes": "2022-07", "colltmgkykvhxgij6": "cjo64mykylzqu4p4r", "rmrp": "Si", "covid": "No", "espacion_apoyo": "No", "poblacion_meta": ["Refugiados/as y migrantes", "Comunidad de acogida"], "modalidad_impl": "cmo12q1kykwwosjka", "PRPI1_01_RM_NA": 2, "PRPI1_01_RM_NN": 2, "PRPI1_01_RM_OTR": 0, "PRPI1_01_RM_LGBT": 0, "PRPI1_01_RM_DS": 0, "PRPI1_01_CA_NA": 0, "PRPI1_01_CA_NN": 0, "PRPI1_01_CA_OTR": 0, "PRPI1_01_CA_LGBT": 0, "PRPI1_01_CA_DS": 0, "PRPI1_01_CUAL": "Programa Ibarra: Se realiza el seguimiento a 15 adolescentes durante el mes de Julio, de los cuales 14 se encuentran recibiendo acompa\u00f1amiento con CBI y 1 solamente t\u00e9cnico. Programa Tulc\u00e1n: Durante el mes de julio no se realizan ingresos.  Se mantiene el acompa\u00f1amiento a 6 adolescentes "}}, {"formId": "c5vie2zkysumtk35", "recordId": "cl6qu2lkq001dlwnmbw638vau", "parentRecordId": "chuqttwkzcxucpy3", "fields": {"mes": "2022-07", "colltmgkykvhxgij6": "cjo64mykylzqu4p4r", "rmrp": "Si", "covid": "No", "espacion_apoyo": "No", "poblacion_meta": ["Refugiados/as y migrantes", "Comunidad de acogida"], "modalidad_impl": "cmo12q1kykwwosjka", "PRPI1_01_RM_NA": 13, "PRPI1_01_RM_NN": 3, "PRPI1_01_RM_OTR": 1, "PRPI1_01_RM_LGBT": 1, "PRPI1_01_RM_DS": 0, "PRPI1_01_CA_NA": 0, "PRPI1_01_CA_NN": 1, "PRPI1_01_CA_OTR": 0, "PRPI1_01_CA_LGBT": 1, "PRPI1_01_CA_DS": 0, "PRPI1_01_CUAL": "Durante el mes de Julio se ha evaluado la modalidad de atenci\u00f3n de 18 NNA, a trav\u00e9s de las entrevistas preliminares y de diagn\u00f3stico se determina la modalidad de atenci\u00f3n m\u00e1s adecuada para el NNA."}}, {"formId": "c5vie2zkysumtk35", "recordId": "cl6qu2n53001elwnmscdgdqhl", "parentRecordId": "cl5q96ew7001990nmwq17nnvh", "fields": {"mes": "2022-07", "colltmgkykvhxgij6": "cjo64mykylzqu4p4r", "rmrp": "Si", "covid": "No", "espacion_apoyo": "No", "poblacion_meta": ["Refugiados/as y migrantes", "Comunidad de acogida"], "modalidad_impl": "cmo12q1kykwwosjka", "mecanismos": "c6gspwxkym0dbinm", "transferencia": "cib4u00kym0ixwew", "usd_transfer": 5900, "PRPI1_01_RM_NA": 2, "PRPI1_01_RM_NN": 2, "PRPI1_01_RM_OTR": 0, "PRPI1_01_RM_LGBT": 0, "PRPI1_01_RM_DS": 0, "PRPI1_01_CA_NA": 0, "PRPI1_01_CA_NN": 0, "PRPI1_01_CA_OTR": 0, "PRPI1_01_CA_LGBT": 0, "PRPI1_01_CA_DS": 0, "PRPI1_01_CUAL": "Ibarra: Se reportan 5 nuevas entregas y 11 de seguimiento que reciben CBI. Tulc\u00e1n: no hay ingresos nuevos y se registran 6 entregas de CBI de seguimiento."}}, {"formId": "c5vie2zkysumtk35", "recordId": "cl6qu2olc001flwnmcgvoxsgg", "parentRecordId": "chuqttwkzcxucpy3", "fields": {"mes": "2022-07", "colltmgkykvhxgij6": "cjo64mykylzqu4p4r", "rmrp": "Si", "covid": "No", "espacion_apoyo": "No", "poblacion_meta": ["Refugiados/as y migrantes", "Comunidad de acogida"], "modalidad_impl": "cmo12q1kykwwosjka", "mecanismos": "c6gspwxkym0dbinm", "transferencia": "cib4u00kym0ixwew", "usd_transfer": 460, "PRPI1_01_RM_NA": 9, "PRPI1_01_RM_NN": 6, "PRPI1_01_RM_OTR": 0, "PRPI1_01_RM_LGBT": 1, "PRPI1_01_RM_DS": 0, "PRPI1_01_CA_NA": 0, "PRPI1_01_CA_NN": 0, "PRPI1_01_CA_OTR": 0, "PRPI1_01_CA_LGBT": 0, "PRPI1_01_CA_DS": 0, "PRPI1_01_CUAL": "En el mes de julio se ha a entregado asistencia en movilizaci\u00f3n a 18 personas que fueron evaluadas para esta entrega. El CBI entregado en mano al NNA es para utilizaci\u00f3n en varias actividades que tengan los adolescentes como: compras, talleres, terapias."}}]}