{"changes": [{"formId": "cgrklmakym3h7n64", "recordId": "cl6qu69gq0033lwnmzboeqr5d", "parentRecordId": "cl5q96ewd003n90nmvc5m7ing", "fields": {"mes": "2022-07", "colltmgkykvhxgij6": "clp734wkylzqu4y5o", "rmrp": "Si", "covid": "No", "poblacion_meta": ["Refugiados/as y migrantes", "Comunidad de acogida"], "poblacion_meta_freq": "cijhw0kyp1p6zv36", "mecanismos": "cmo12q1kykwwosjka", "AT1_01_RM_NA_PR": 1, "AT1_01_RM_NN_PR": 1, "AT1_01_RM_MM_PR": 2, "AT1_01_RM_HH_PR": 2, "AT1_01_RM_OTR_PR": 0, "AT1_01_RM_LGBT_PR": 2, "AT1_01_CA_NA_PR": 0, "AT1_01_CA_NN_PR": 0, "AT1_01_CA_MM_PR": 0, "AT1_01_CA_HH_PR": 0, "AT1_01_CA_OTR_PR": 0, "AT1_01_CA_LGBT_PR": 1}}, {"formId": "cgrklmakym3h7n64", "recordId": "cl6qu6aqw0034lwnmn8nj7brn", "parentRecordId": "cl5q96ewd003o90nmgkbcyrpm", "fields": {"mes": "2022-07", "colltmgkykvhxgij6": "clp734wkylzqu4y5o", "rmrp": "Si", "covid": "No", "poblacion_meta": ["Refugiados/as y migrantes", "Comunidad de acogida"], "poblacion_meta_freq": "cijhw0kyp1p6zv36", "mecanismos": "cmo12q1kykwwosjka", "AT1_01_RM_NA_PR": 23, "AT1_01_RM_NN_PR": 23, "AT1_01_RM_MM_PR": 37, "AT1_01_RM_HH_PR": 31, "AT1_01_RM_OTR_PR": 0, "AT1_01_RM_LGBT_PR": 0, "AT1_01_CA_NA_PR": 3, "AT1_01_CA_NN_PR": 0, "AT1_01_CA_MM_PR": 0, "AT1_01_CA_HH_PR": 0, "AT1_01_CA_OTR_PR": 0, "AT1_01_CA_LGBT_PR": 0}}, {"formId": "cgrklmakym3h7n64", "recordId": "cl6qu6bys0035lwnm27ysabnq", "parentRecordId": "cl5q96ewd003q90nm09ug8nnv", "fields": {"mes": "2022-07", "colltmgkykvhxgij6": "clp734wkylzqu4y5o", "rmrp": "Si", "covid": "No", "poblacion_meta": ["Refugiados/as y migrantes", "Comunidad de acogida"], "poblacion_meta_freq": "cijhw0kyp1p6zv36", "mecanismos": "cmo12q1kykwwosjka", "AT1_01_RM_NA_PR": 0, "AT1_01_RM_NN_PR": 0, "AT1_01_RM_MM_PR": 6, "AT1_01_RM_HH_PR": 10, "AT1_01_RM_OTR_PR": 0, "AT1_01_RM_LGBT_PR": 12, "AT1_01_CA_NA_PR": 0, "AT1_01_CA_NN_PR": 0, "AT1_01_CA_MM_PR": 0, "AT1_01_CA_HH_PR": 2, "AT1_01_CA_OTR_PR": 0, "AT1_01_CA_LGBT_PR": 3}}, {"formId": "cgrklmakym3h7n64", "recordId": "cl6qu6d8p0036lwnmlikn9nig", "parentRecordId": "cl5q96ewd003x90nmfusky9q8", "fields": {"mes": "2022-07", "colltmgkykvhxgij6": "clp734wkylzqu4y5o", "rmrp": "Si", "covid": "No", "poblacion_meta": ["Refugiados/as y migrantes", "Comunidad de acogida"], "poblacion_meta_freq": "cijhw0kyp1p6zv36", "mecanismos": "cmo12q1kykwwosjka", "AT1_01_RM_NA_PR": 35, "AT1_01_RM_NN_PR": 26, "AT1_01_RM_MM_PR": 24, "AT1_01_RM_HH_PR": 23, "AT1_01_RM_OTR_PR": 0, "AT1_01_RM_LGBT_PR": 0, "AT1_01_CA_NA_PR": 0, "AT1_01_CA_NN_PR": 0, "AT1_01_CA_MM_PR": 0, "AT1_01_CA_HH_PR": 0, "AT1_01_CA_OTR_PR": 0, "AT1_01_CA_LGBT_PR": 0}}, {"formId": "cgrklmakym3h7n64", "recordId": "cl6qu6ef10037lwnmvt1k20yi", "parentRecordId": "cnoo9pel482w9za2", "fields": {"mes": "2022-07", "colltmgkykvhxgij6": "clp734wkylzqu4y5o", "rmrp": "Si", "covid": "No", "poblacion_meta": ["Refugiados/as y migrantes", "Comunidad de acogida"], "poblacion_meta_freq": "cijhw0kyp1p6zv36", "mecanismos": "cmo12q1kykwwosjka", "AT1_01_RM_NA_PR": 42, "AT1_01_RM_NN_PR": 52, "AT1_01_RM_MM_PR": 52, "AT1_01_RM_HH_PR": 33, "AT1_01_RM_OTR_PR": 0, "AT1_01_RM_LGBT_PR": 0, "AT1_01_CA_NA_PR": 0, "AT1_01_CA_NN_PR": 0, "AT1_01_CA_MM_PR": 0, "AT1_01_CA_HH_PR": 0, "AT1_01_CA_OTR_PR": 0, "AT1_01_CA_LGBT_PR": 0}}, {"formId": "cgrklmakym3h7n64", "recordId": "cl6qu6fl40038lwnmrpu2qa8t", "parentRecordId": "c2651vol0k3pbri12", "fields": {"mes": "2022-07", "colltmgkykvhxgij6": "clp734wkylzqu4y5o", "rmrp": "Si", "covid": "No", "poblacion_meta": ["Refugiados/as y migrantes", "Comunidad de acogida"], "poblacion_meta_freq": "cijhw0kyp1p6zv36", "mecanismos": "cmo12q1kykwwosjka", "AT1_01_RM_NA_PR": 6, "AT1_01_RM_NN_PR": 0, "AT1_01_RM_MM_PR": 7, "AT1_01_RM_HH_PR": 6, "AT1_01_RM_OTR_PR": 0, "AT1_01_RM_LGBT_PR": 1, "AT1_01_CA_NA_PR": 0, "AT1_01_CA_NN_PR": 0, "AT1_01_CA_MM_PR": 0, "AT1_01_CA_HH_PR": 0, "AT1_01_CA_OTR_PR": 0, "AT1_01_CA_LGBT_PR": 0}}, {"formId": "cgrklmakym3h7n64", "recordId": "cl6qu6gqm0039lwnmfltrajjs", "parentRecordId": "cw2nrlakzofelph2r", "fields": {"mes": "2022-07", "colltmgkykvhxgij6": "clp734wkylzqu4y5o", "rmrp": "Si", "covid": "No", "poblacion_meta": ["Refugiados/as y migrantes", "Comunidad de acogida"], "poblacion_meta_freq": "cijhw0kyp1p6zv36", "mecanismos": "cmo12q1kykwwosjka", "AT1_01_RM_NA_PR": 3, "AT1_01_RM_NN_PR": 5, "AT1_01_RM_MM_PR": 12, "AT1_01_RM_HH_PR": 6, "AT1_01_RM_OTR_PR": 0, "AT1_01_RM_LGBT_PR": 1, "AT1_01_CA_NA_PR": 0, "AT1_01_CA_NN_PR": 0, "AT1_01_CA_MM_PR": 0, "AT1_01_CA_HH_PR": 0, "AT1_01_CA_OTR_PR": 0, "AT1_01_CA_LGBT_PR": 0}}, {"formId": "cgrklmakym3h7n64", "recordId": "cl6qu6hxu003alwnmenkrqna2", "parentRecordId": "cy45a7kzmwkl0g2", "fields": {"mes": "2022-07", "colltmgkykvhxgij6": "clp734wkylzqu4y5o", "rmrp": "Si", "covid": "No", "poblacion_meta": ["Refugiados/as y migrantes", "Comunidad de acogida"], "poblacion_meta_freq": "cijhw0kyp1p6zv36", "mecanismos": "cmo12q1kykwwosjka", "AT1_01_RM_NA_PR": 6, "AT1_01_RM_NN_PR": 4, "AT1_01_RM_MM_PR": 5, "AT1_01_RM_HH_PR": 4, "AT1_01_RM_OTR_PR": 0, "AT1_01_RM_LGBT_PR": 0, "AT1_01_CA_NA_PR": 0, "AT1_01_CA_NN_PR": 0, "AT1_01_CA_MM_PR": 0, "AT1_01_CA_HH_PR": 0, "AT1_01_CA_OTR_PR": 0, "AT1_01_CA_LGBT_PR": 0}}, {"formId": "cgrklmakym3h7n64", "recordId": "cl6qu6j34003blwnmy2n3hpis", "parentRecordId": "ccu2xgkkzofishx2t", "fields": {"mes": "2022-07", "colltmgkykvhxgij6": "clp734wkylzqu4y5o", "rmrp": "Si", "covid": "No", "poblacion_meta": ["Refugiados/as y migrantes", "Comunidad de acogida"], "poblacion_meta_freq": "cijhw0kyp1p6zv36", "mecanismos": "cmo12q1kykwwosjka", "AT1_01_RM_NA_PR": 14, "AT1_01_RM_NN_PR": 8, "AT1_01_RM_MM_PR": 13, "AT1_01_RM_HH_PR": 19, "AT1_01_RM_OTR_PR": 0, "AT1_01_RM_LGBT_PR": 1, "AT1_01_CA_NA_PR": 1, "AT1_01_CA_NN_PR": 0, "AT1_01_CA_MM_PR": 0, "AT1_01_CA_HH_PR": 0, "AT1_01_CA_OTR_PR": 0, "AT1_01_CA_LGBT_PR": 0}}, {"formId": "cgrklmakym3h7n64", "recordId": "cl6qu6kb4003clwnm2v61infn", "parentRecordId": "cihzehxkzofmb642x", "fields": {"mes": "2022-07", "colltmgkykvhxgij6": "clp734wkylzqu4y5o", "rmrp": "Si", "covid": "No", "poblacion_meta": ["Refugiados/as y migrantes", "Comunidad de acogida"], "poblacion_meta_freq": "cijhw0kyp1p6zv36", "mecanismos": "cmo12q1kykwwosjka", "AT1_01_RM_NA_PR": 0, "AT1_01_RM_NN_PR": 2, "AT1_01_RM_MM_PR": 1, "AT1_01_RM_HH_PR": 2, "AT1_01_RM_OTR_PR": 0, "AT1_01_RM_LGBT_PR": 1, "AT1_01_CA_NA_PR": 0, "AT1_01_CA_NN_PR": 0, "AT1_01_CA_MM_PR": 0, "AT1_01_CA_HH_PR": 0, "AT1_01_CA_OTR_PR": 0, "AT1_01_CA_LGBT_PR": 0}}]}