{"changes": [{"formId": "c4d8wbzkyngr50t3", "recordId": "cl6qu79pb003nlwnm1nseq39t", "parentRecordId": "clfaqyrl4cyfpdk2", "fields": {"mes": "2022-07", "colltmgkykvhxgij6": "csob121kylzqu4e3o", "rmrp": "Si", "covid": "No", "espacion_apoyo": "Si", "poblacion_meta": ["Refugiados/as y migrantes", "Comunidad de acogida"], "poblacion_meta_freq": "Recurrente", "modalidad_impl": "cmo12q1kykwwosjka", "IN1_01_RM_MM_R": 21, "IN1_01_RM_HH_R": 1, "IN1_01_RM_OTR_R": 0, "IN1_01_RM_LGBT_R": 0, "IN1_01_CA_MM_R": 20, "IN1_01_CA_HH_R": 8, "IN1_01_CA_OTR_R": 0, "IN1_01_CA_LGBT_R": 0, "IN1_01_CUAL": "Base de datos con hojas de vida en el HRE,Personas que asistieron a las cl\u00ednicas del CV presenciales y virtuales"}}, {"formId": "c4d8wbzkyngr50t3", "recordId": "cl6qu7auz003olwnmbw35z3mo", "parentRecordId": "c9ysqqbl4cym44j6", "fields": {"mes": "2022-07", "colltmgkykvhxgij6": "csob121kylzqu4e3o", "rmrp": "Si", "covid": "No", "espacion_apoyo": "Si", "poblacion_meta": ["Refugiados/as y migrantes", "Comunidad de acogida"], "poblacion_meta_freq": "Recurrente", "modalidad_impl": "cmo12q1kykwwosjka", "IN1_01_RM_MM_R": 5, "IN1_01_RM_HH_R": 2, "IN1_01_RM_OTR_R": 0, "IN1_01_RM_LGBT_R": 0, "IN1_01_CA_MM_R": 1, "IN1_01_CA_HH_R": 1, "IN1_01_CA_OTR_R": 0, "IN1_01_CA_LGBT_R": 0, "IN1_01_CUAL": "Base de datos con hojas de vida en el HRE,Personas que asistieron a las cl\u00ednicas del CV presenciales y virtuales"}}, {"formId": "c4d8wbzkyngr50t3", "recordId": "cl6qu7bz4003plwnmk400ryrq", "parentRecordId": "c2krtv6l4acnyqz6", "fields": {"mes": "2022-07", "colltmgkykvhxgij6": "csob121kylzqu4e3o", "rmrp": "Si", "covid": "No", "espacion_apoyo": "Si", "poblacion_meta": ["Refugiados/as y migrantes", "Comunidad de acogida"], "poblacion_meta_freq": "Recurrente", "modalidad_impl": "cmo12q1kykwwosjka", "IN1_01_RM_MM_R": 19, "IN1_01_RM_HH_R": 3, "IN1_01_RM_OTR_R": 0, "IN1_01_RM_LGBT_R": 1, "IN1_01_CA_MM_R": 14, "IN1_01_CA_HH_R": 9, "IN1_01_CA_OTR_R": 0, "IN1_01_CA_LGBT_R": 1, "IN1_01_CUAL": "El indicador fue adicionado al monitoreo del proyecto durante el segundo semestre de ejecuci\u00f3n. Los datos que aqu\u00ed se presentan corresponden a la ejecuci\u00f3n acumulada desde inicios del a\u00f1o. En total hemos realizado 16 talleres para la inducci\u00f3n al mercado laboral, 8 en Manta, 3 en Portoviejo, y 5 en Cuenca. En total han participado 378 personas. "}}, {"formId": "c4d8wbzkyngr50t3", "recordId": "cl6qu7d52003qlwnmi7ic6w8q", "parentRecordId": "c5y9akel31pydo34", "fields": {"mes": "2022-07", "colltmgkykvhxgij6": "csob121kylzqu4e3o", "rmrp": "Si", "covid": "No", "espacion_apoyo": "Si", "poblacion_meta": ["Refugiados/as y migrantes", "Comunidad de acogida"], "poblacion_meta_freq": "Recurrente", "modalidad_impl": "cmo12q1kykwwosjka", "IN1_01_RM_MM_R": 1, "IN1_01_RM_HH_R": 1, "IN1_01_RM_OTR_R": 0, "IN1_01_RM_LGBT_R": 0, "IN1_01_CA_MM_R": 8, "IN1_01_CA_HH_R": 9, "IN1_01_CA_OTR_R": 0, "IN1_01_CA_LGBT_R": 0, "IN1_01_CUAL": "Base de datos con hojas de vida en el HRE,Personas que asistieron a las cl\u00ednicas del CV presenciales y virtuales"}}, {"formId": "c4d8wbzkyngr50t3", "recordId": "cl6qu7eap003rlwnmle9pokbr", "parentRecordId": "c56lp1el1y3syct2", "fields": {"mes": "2022-07", "colltmgkykvhxgij6": "csob121kylzqu4e3o", "rmrp": "Si", "covid": "No", "espacion_apoyo": "Si", "poblacion_meta": ["Refugiados/as y migrantes", "Comunidad de acogida"], "poblacion_meta_freq": "Recurrente", "modalidad_impl": "cmo12q1kykwwosjka", "IN1_01_RM_MM_R": 75, "IN1_01_RM_HH_R": 16, "IN1_01_RM_OTR_R": 0, "IN1_01_RM_LGBT_R": 2, "IN1_01_CA_MM_R": 62, "IN1_01_CA_HH_R": 34, "IN1_01_CA_OTR_R": 1, "IN1_01_CA_LGBT_R": 2, "IN1_01_CUAL": "El indicador fue adicionado al monitoreo del proyecto durante el segundo semestre de ejecuci\u00f3n. Los datos que aqu\u00ed se presentan corresponden a la ejecuci\u00f3n acumulada desde inicios del a\u00f1o. En total hemos realizado 16 talleres para la inducci\u00f3n al mercado laboral, 8 en Manta, 3 en Portoviejo, y 5 en Cuenca. En total han participado 378 personas. "}}, {"formId": "c4d8wbzkyngr50t3", "recordId": "cl6qu7fhb003slwnmqoqnb2jz", "parentRecordId": "c3epqakl1y334dvh", "fields": {"mes": "2022-07", "colltmgkykvhxgij6": "csob121kylzqu4e3o", "rmrp": "Si", "covid": "No", "espacion_apoyo": "Si", "poblacion_meta": ["Refugiados/as y migrantes", "Comunidad de acogida"], "poblacion_meta_freq": "Recurrente", "modalidad_impl": "cmo12q1kykwwosjka", "IN1_01_RM_MM_R": 53, "IN1_01_RM_HH_R": 17, "IN1_01_RM_OTR_R": 0, "IN1_01_RM_LGBT_R": 1, "IN1_01_CA_MM_R": 11, "IN1_01_CA_HH_R": 0, "IN1_01_CA_OTR_R": 0, "IN1_01_CA_LGBT_R": 1, "IN1_01_CUAL": "El indicador fue adicionado al monitoreo del proyecto durante el segundo semestre de ejecuci\u00f3n. Los datos que aqu\u00ed se presentan corresponden a la ejecuci\u00f3n acumulada desde inicios del a\u00f1o. En total hemos realizado 16 talleres para la inducci\u00f3n al mercado laboral, 8 en Manta, 3 en Portoviejo, y 5 en Cuenca. En total han participado 378 personas. "}}]}