{"changes": [{"formId": "c4d8wbzkyngr50t3", "recordId": "cl6qu5a4a002klwnmoaffowq6", "parentRecordId": "cl5q96ew7001590nmx7e3sgw4", "fields": {"mes": "2022-07", "colltmgkykvhxgij6": "c595hvlkylzqu4g3t", "rmrp": "Si", "covid": "No", "poblacion_meta": ["Refugiados/as y migrantes", "Comunidad de acogida"], "IN4_01_RM_NA": 33, "IN4_01_RM_NN": 20, "IN4_01_RM_MM": 0, "IN4_01_RM_HH": 0, "IN4_01_RM_OTR": 0, "IN4_01_RM_LGBT": 0, "IN4_01_CA_NA": 72, "IN4_01_CA_NN": 30, "IN4_01_CA_MM": 0, "IN4_01_CA_HH": 0, "IN4_01_CA_OTR": 0, "IN4_01_CA_LGBT": 0, "IN4_01_CUAL": "En el mes de julio se acuerda junto a la directiva del barrio aleda\u00f1o al albergue, la necesidad de organizar actividades para los NNA como un vacacional. Se organizaron varias actividades relacionadas a deporte, arte, refuerzo escolar, juegos, excursiones para que NNA migrantes y de comunidad de acogida puedan aprovechar su tiempo libre, compartir y convivir. "}}, {"formId": "c4d8wbzkyngr50t3", "recordId": "cl6qu5bdz002llwnm89yc66u1", "parentRecordId": "cl5q96ew5000m90nmyd45g7il", "fields": {"mes": "2022-07", "colltmgkykvhxgij6": "c595hvlkylzqu4g3t", "rmrp": "Si", "covid": "No", "poblacion_meta": ["Refugiados/as y migrantes", "Comunidad de acogida"], "IN4_01_RM_NA": 14, "IN4_01_RM_NN": 17, "IN4_01_RM_MM": 150, "IN4_01_RM_HH": 14, "IN4_01_RM_OTR": 0, "IN4_01_RM_LGBT": 6, "IN4_01_CA_NA": 0, "IN4_01_CA_NN": 0, "IN4_01_CA_MM": 0, "IN4_01_CA_HH": 0, "IN4_01_CA_OTR": 0, "IN4_01_CA_LGBT": 1, "IN4_01_CUAL": "Se desarrollaron actividades para el fortalecimiento de comunidades, dise\u00f1o participativo, adem\u00e1s de actividades de integraci\u00f3n local. En los espacios de intervenci\u00f3n, de los espacios comunitarios, Las tinas, La aurora, Martha Bucaram y en las Brisas que ya es un lugar intervenido.  Se entrego informaci\u00f3n a barrio 18 de Octubre sobre derechos humanos y movilidad humana."}}, {"formId": "c4d8wbzkyngr50t3", "recordId": "cl6qu5cjc002mlwnmtrppp445", "parentRecordId": "cl5q96ew6000r90nmhrctkxl7", "fields": {"mes": "2022-07", "colltmgkykvhxgij6": "c595hvlkylzqu4g3t", "rmrp": "Si", "covid": "No", "poblacion_meta": ["Refugiados/as y migrantes", "Comunidad de acogida"], "IN4_01_RM_NA": 1, "IN4_01_RM_NN": 3, "IN4_01_RM_MM": 40, "IN4_01_RM_HH": 47, "IN4_01_RM_OTR": 0, "IN4_01_RM_LGBT": 67, "IN4_01_CA_NA": 1, "IN4_01_CA_NN": 5, "IN4_01_CA_MM": 62, "IN4_01_CA_HH": 61, "IN4_01_CA_OTR": 0, "IN4_01_CA_LGBT": 109, "IN4_01_CUAL": "Las personas con discapacidad, ind\u00edgenas y afrodescendientes que se encuentran en la desegregaci\u00f3n por diversidad pertenecen a la comunidad LGBTIQ+. "}}, {"formId": "c4d8wbzkyngr50t3", "recordId": "cl6qu5drw002nlwnm923m1uxz", "parentRecordId": "cgtgvlal47fio366", "fields": {"mes": "2022-07", "colltmgkykvhxgij6": "c595hvlkylzqu4g3t", "rmrp": "Si", "covid": "No", "poblacion_meta": ["Refugiados/as y migrantes", "Comunidad de acogida"], "IN4_01_RM_NA": 5, "IN4_01_RM_NN": 5, "IN4_01_RM_MM": 28, "IN4_01_RM_HH": 13, "IN4_01_RM_OTR": 0, "IN4_01_RM_LGBT": 0, "IN4_01_CA_NA": 0, "IN4_01_CA_NN": 0, "IN4_01_CA_MM": 0, "IN4_01_CA_HH": 0, "IN4_01_CA_OTR": 0, "IN4_01_CA_LGBT": 0, "IN4_01_CUAL": "En ambos territorios, participaron un importante n\u00famero de personas de la comunidad de acogida, sin embargo, con base en la meta establecida se reporta la poblaci\u00f3n en situaci\u00f3n de movilidad humana. En Quito, las actividades realizadas en los CDC incluyeron talleres y jornadas de integraci\u00f3n en donde se contabiliz\u00f3 el n\u00famero total de beneficiarios. En Santo Domingo, las actividades realizadas en los CDC Voluntad de Dios, 4 de Julio y FEDAFRO correspondieron a talleres, brigadas de capacitaci\u00f3n y actividades de integraci\u00f3n.,Se siguen realizando talleres, brigadas de informaci\u00f3n y actividades de integraci\u00f3n con la poblaci\u00f3n asistida hasta la fecha del proyecto. "}}, {"formId": "c4d8wbzkyngr50t3", "recordId": "cl6qu5eyj002olwnmzb46e7n1", "parentRecordId": "c2xlvvkl47f23hk4", "fields": {"mes": "2022-07", "colltmgkykvhxgij6": "c595hvlkylzqu4g3t", "rmrp": "Si", "covid": "No", "poblacion_meta": ["Refugiados/as y migrantes", "Comunidad de acogida"], "IN4_01_RM_NA": 0, "IN4_01_RM_NN": 0, "IN4_01_RM_MM": 2, "IN4_01_RM_HH": 2, "IN4_01_RM_OTR": 0, "IN4_01_RM_LGBT": 0, "IN4_01_CA_NA": 0, "IN4_01_CA_NN": 0, "IN4_01_CA_MM": 0, "IN4_01_CA_HH": 0, "IN4_01_CA_OTR": 0, "IN4_01_CA_LGBT": 0, "IN4_01_CUAL": "En ambos territorios, participaron un importante n\u00famero de personas de la comunidad de acogida, sin embargo, con base en la meta establecida se reporta la poblaci\u00f3n en situaci\u00f3n de movilidad humana. En Quito, las actividades realizadas en los CDC incluyeron talleres y jornadas de integraci\u00f3n en donde se contabiliz\u00f3 el n\u00famero total de beneficiarios. En Santo Domingo, las actividades realizadas en los CDC Voluntad de Dios, 4 de Julio y FEDAFRO correspondieron a talleres, brigadas de capacitaci\u00f3n y actividades de integraci\u00f3n.,Se siguen realizando talleres, brigadas de informaci\u00f3n y actividades de integraci\u00f3n con la poblaci\u00f3n asistida hasta la fecha del proyecto. "}}, {"formId": "c4d8wbzkyngr50t3", "recordId": "cl6qu5ga3002plwnmhfwkqk09", "parentRecordId": "c2a29g8l0laoheb4", "fields": {"mes": "2022-07", "colltmgkykvhxgij6": "c595hvlkylzqu4g3t", "rmrp": "Si", "covid": "No", "poblacion_meta": ["Refugiados/as y migrantes", "Comunidad de acogida"], "IN4_01_RM_NA": 13, "IN4_01_RM_NN": 10, "IN4_01_RM_MM": 18, "IN4_01_RM_HH": 5, "IN4_01_RM_OTR": 1, "IN4_01_RM_LGBT": 1, "IN4_01_CA_NA": 22, "IN4_01_CA_NN": 18, "IN4_01_CA_MM": 31, "IN4_01_CA_HH": 22, "IN4_01_CA_OTR": 0, "IN4_01_CA_LGBT": 2, "IN4_01_CUAL": "San Lorenzo: Acompa\u00f1amiento en la implementaci\u00f3n del Plan de Acci\u00f3n de la RedInterbarrial: Encuentro de mujeres, Encuentro de lideres y lideresas \"Transformando Comunidades e implementaci\u00f3n de la propuesta del FAC de la Red de Personas con Discapacidad en Encuentro \"Derechos  y responsabilidades de las personas con discapacidad y adultos mayores\" y Red Casa de la Juventud con Juegos ancestrales.                                                                                                           Esmeraldas: Acompa\u00f1amiento de la red interbarrial con  Feria virtual de la salud en articulaci\u00f3n con los vigilantes epidemiol\u00f3gicos "}}, {"formId": "c4d8wbzkyngr50t3", "recordId": "cl6qu5hll002qlwnmoy1r9opc", "parentRecordId": "c7gqfs9kzhizc405", "fields": {"mes": "2022-07", "colltmgkykvhxgij6": "c595hvlkylzqu4g3t", "rmrp": "Si", "covid": "No", "poblacion_meta": ["Refugiados/as y migrantes", "Comunidad de acogida"], "IN4_01_RM_NA": 0, "IN4_01_RM_NN": 0, "IN4_01_RM_MM": 5, "IN4_01_RM_HH": 4, "IN4_01_RM_OTR": 1, "IN4_01_RM_LGBT": 1, "IN4_01_CA_NA": 0, "IN4_01_CA_NN": 0, "IN4_01_CA_MM": 18, "IN4_01_CA_HH": 12, "IN4_01_CA_OTR": 1, "IN4_01_CA_LGBT": 1, "IN4_01_CUAL": "San Lorenzo: Acompa\u00f1amiento en la implementaci\u00f3n del Plan de Acci\u00f3n de la RedInterbarrial: Encuentro de mujeres, Encuentro de lideres y lideresas \"Transformando Comunidades e implementaci\u00f3n de la propuesta del FAC de la Red de Personas con Discapacidad en Encuentro \"Derechos  y responsabilidades de las personas con discapacidad y adultos mayores\" y Red Casa de la Juventud con Juegos ancestrales.                                                                                                           Esmeraldas: Acompa\u00f1amiento de la red interbarrial con  Feria virtual de la salud en articulaci\u00f3n con los vigilantes epidemiol\u00f3gicos "}}]}