{"changes": [{"formId": "cgrklmakym3h7n64", "recordId": "cl6qu6qfg003dlwnmsnat07ny", "parentRecordId": "cl5q96ewd003t90nmfn494mz0", "fields": {"mes": "2022-07", "colltmgkykvhxgij6": "c2ghc8ykylzqu505v", "rmrp": "Si", "covid": "No", "AT4_01": 1, "AT4_01_CUAL": "Luego de la intervenci\u00f3n realizada en el proceso de formaci\u00f3n de promotores comunitarios, se realiz\u00f3 la entrega de los insumos para el mejoramiento de la infraestructura de la casa comunal, con el fin de que sea un espacio adecuado para realizar intervenciones de integraci\u00f3n y protecci\u00f3n comunitaria."}}, {"formId": "cgrklmakym3h7n64", "recordId": "cl6qu6qre003elwnmveoymegw", "parentRecordId": "cl5q96ewd003v90nmxzb5aywm", "fields": {"mes": "2022-07", "colltmgkykvhxgij6": "c2ghc8ykylzqu505v", "rmrp": "Si", "covid": "No", "AT4_01": 1, "AT4_01_CUAL": "Luego de la intervenci\u00f3n realizada en el proceso de formaci\u00f3n de promotores comunitarios, se realiz\u00f3 la entrega de los insumos para el mejoramiento de la infraestructura de la casa comunal, con el fin de que sea un espacio adecuado para realizar intervenciones de integraci\u00f3n y protecci\u00f3n comunitaria."}}, {"formId": "cgrklmakym3h7n64", "recordId": "cl6qu6r30003flwnmpg1ulpdb", "parentRecordId": "crjrl46l4722b6i2", "fields": {"mes": "2022-07", "colltmgkykvhxgij6": "c2ghc8ykylzqu505v", "rmrp": "Si", "covid": "No", "AT4_01": 1, "AT4_01_CUAL": "En el mes de agosto se dar\u00e1 inicio a la segunda fase de intervenci\u00f3n del CDC de San Mateo continuando con el apoyo al Proyecto Ciudades Incluyentes. ,Se realizaron adecuaciones en dos CDC de los territorios de intervenci\u00f3n. El 5 de julio se iniciaron en Quito las obras para el mejoramiento de infraestructura tras la socializaci\u00f3n y validaci\u00f3n de la propuesta de intervenci\u00f3n arquitect\u00f3nica y de equipamiento con l\u00edderes del cabildo comunal del CDC de Llano Grande. Las obras finalizaron el d\u00eda 10 de julio. En el CDC Voluntad de Dios de Santo Domingo, se efectu\u00f3 el cambio del techado y refuerzo de las estructuras, la construcci\u00f3n del bar comunitario, el equipamiento de mesas, sillas y cocina industrial, el arreglo de las bater\u00edas hidrosanitarias, el desarrollo del mural, la soldadura de puertas y juegos infantiles, la limpieza de la cisterna y las mingas comunitarias. "}}, {"formId": "cgrklmakym3h7n64", "recordId": "cl6qu6ref003glwnmvfqm3oyp", "parentRecordId": "c1df573l45ze4al2", "fields": {"mes": "2022-07", "colltmgkykvhxgij6": "c2ghc8ykylzqu505v", "rmrp": "Si", "covid": "No", "AT4_01": 1, "AT4_01_CUAL": "En el mes de agosto se dar\u00e1 inicio a la segunda fase de intervenci\u00f3n del CDC de San Mateo continuando con el apoyo al Proyecto Ciudades Incluyentes. ,Se realizaron adecuaciones en dos CDC de los territorios de intervenci\u00f3n. El 5 de julio se iniciaron en Quito las obras para el mejoramiento de infraestructura tras la socializaci\u00f3n y validaci\u00f3n de la propuesta de intervenci\u00f3n arquitect\u00f3nica y de equipamiento con l\u00edderes del cabildo comunal del CDC de Llano Grande. Las obras finalizaron el d\u00eda 10 de julio. En el CDC Voluntad de Dios de Santo Domingo, se efectu\u00f3 el cambio del techado y refuerzo de las estructuras, la construcci\u00f3n del bar comunitario, el equipamiento de mesas, sillas y cocina industrial, el arreglo de las bater\u00edas hidrosanitarias, el desarrollo del mural, la soldadura de puertas y juegos infantiles, la limpieza de la cisterna y las mingas comunitarias. "}}, {"formId": "cgrklmakym3h7n64", "recordId": "cl6qu6rq1003hlwnmxqnncfym", "parentRecordId": "cdfjli6l0k3latbz", "fields": {"mes": "2022-07", "colltmgkykvhxgij6": "c2ghc8ykylzqu505v", "rmrp": "Si", "covid": "No", "AT4_01": 1, "AT4_01_CUAL": "Luego de la intervenci\u00f3n realizada en el proceso de formaci\u00f3n de promotores comunitarios, se realiz\u00f3 la entrega de los insumos para el mejoramiento de la infraestructura de la casa comunal, con el fin de que sea un espacio adecuado para realizar intervenciones de integraci\u00f3n y protecci\u00f3n comunitaria."}}]}