{"changes": [{"formId": "ci7r5tmkytar1k23", "recordId": "cl6qu6y68003ilwnmxbzv7ce4", "parentRecordId": "cl6qu1nxu0001lwnm24lut30t", "fields": {"mes": "2022-07", "colltmgkykvhxgij6": "cfjcfskkylzqu4d3k", "rmrp": "Si", "covid": "No", "poblacion_meta": ["Refugiados/as y migrantes", "Comunidad de acogida"], "ED4_03_RM_NA": 0, "ED4_03_RM_NN": 0, "ED4_03_RM_MM": 0, "ED4_03_RM_HH": 0, "ED4_03_CA_NA": 0, "ED4_03_CA_NN": 0, "ED4_03_CA_MM": 2, "ED4_03_CA_HH": 1, "ED4_03_CUAL": "Inicio de registros y atenci\u00f3n a padres, madres y cuidadores de beneficiarios/as identificados para el procesos de inserci\u00f3n escolar"}}, {"formId": "ci7r5tmkytar1k23", "recordId": "cl6qu6ywm003jlwnmw5aagfss", "parentRecordId": "cl5q96ew5000k90nm0ep2xd2u", "fields": {"mes": "2022-07", "colltmgkykvhxgij6": "cfjcfskkylzqu4d3k", "rmrp": "Si", "covid": "No", "poblacion_meta": ["Refugiados/as y migrantes", "Comunidad de acogida"], "ED4_03_RM_NA": 0, "ED4_03_RM_NN": 0, "ED4_03_RM_MM": 0, "ED4_03_RM_HH": 0, "ED4_03_CA_NA": 0, "ED4_03_CA_NN": 0, "ED4_03_CA_MM": 9, "ED4_03_CA_HH": 11, "ED4_03_CUAL": "\u2022 En coordinaci\u00f3n con ACNUR  se capacita a 15 estudiantes de vinculaci\u00f3n de la Universidad Indoam\u00e9rica, 3 miembros del colectivo Guambras Verdes y 2 miembros de la a fundaci\u00f3n Otra Edad 21  en el componente auto-reflexivo de la metodolog\u00eda Respiramos Inclusi\u00f3n con el fin de que sumen a la intervenci\u00f3n ante las necesidades halladas en la Unidad Educativa Guayaquil y el Barrio Letamend\u00ed. "}}, {"formId": "ci7r5tmkytar1k23", "recordId": "cl6qu6zkk003klwnmzk5210ag", "parentRecordId": "cxiu10nl490466q6", "fields": {"mes": "2022-07", "colltmgkykvhxgij6": "cfjcfskkylzqu4d3k", "rmrp": "Si", "covid": "No", "poblacion_meta": ["Refugiados/as y migrantes", "Comunidad de acogida"], "ED4_03_RM_NA": 0, "ED4_03_RM_NN": 0, "ED4_03_RM_MM": 11, "ED4_03_RM_HH": 4, "ED4_03_CA_NA": 0, "ED4_03_CA_NN": 0, "ED4_03_CA_MM": 11, "ED4_03_CA_HH": 1, "ED4_03_CUAL": "Inicio de registros y atenci\u00f3n a padres, madres y cuidadores de beneficiarios/as identificados para el procesos de inserci\u00f3n escolar"}}]}