{"changes": [{"formId": "ci7r5tmkytar1k23", "recordId": "cl6qu74e4003llwnmngbsanwh", "parentRecordId": "cl5q96ew4000890nm7n555m45", "fields": {"mes": "2022-07", "colltmgkykvhxgij6": "cwvehnnkylzqu4e3m", "rmrp": "Si", "covid": "No", "poblacion_meta": ["Refugiados/as y migrantes", "Comunidad de acogida"], "modalidad_impl": "cmo12q1kykwwosjka", "ED6_01_RM_NA": 0, "ED6_01_RM_NN": 0, "ED6_01_RM_MM": 4, "ED6_01_RM_HH": 0, "ED6_01_RM_DS": 0, "ED6_01_CA_NA": 0, "ED6_01_CA_NN": 0, "ED6_01_CA_MM": 1, "ED6_01_CA_HH": 0, "ED6_01_CA_DS": 0, "ED6_01_CUAL": "Becas culminadas en el \u00e1rea de alimentos (reposter\u00eda b\u00e1sica) y en el marco del proyecto Girls in Tech."}}, {"formId": "ci7r5tmkytar1k23", "recordId": "cl6qu75sw003mlwnm9dglfkp7", "parentRecordId": "cl5q96ew4000990nme60otp4q", "fields": {"mes": "2022-07", "colltmgkykvhxgij6": "cwvehnnkylzqu4e3m", "rmrp": "Si", "covid": "No", "poblacion_meta": ["Refugiados/as y migrantes", "Comunidad de acogida"], "modalidad_impl": "cmo12q1kykwwosjka", "ED6_01_RM_NA": 0, "ED6_01_RM_NN": 0, "ED6_01_RM_MM": 28, "ED6_01_RM_HH": 0, "ED6_01_RM_DS": 0, "ED6_01_CA_NA": 0, "ED6_01_CA_NN": 0, "ED6_01_CA_MM": 0, "ED6_01_CA_HH": 0, "ED6_01_CA_DS": 0, "ED6_01_CUAL": "Becas culminadas en el \u00e1rea de alimentos (reposter\u00eda b\u00e1sica) y en el marco del proyecto Girls in Tech."}}]}