{"changes": [{"formId": "c4d8wbzkyngr50t3", "recordId": "cl6qu7nid003wlwnmb313mqqq", "parentRecordId": "cskotl2l490k33th", "fields": {"mes": "2022-07", "colltmgkykvhxgij6": "c7rjyqkkylzqu4f3s", "rmrp": "Si", "covid": "No", "IN3_03": 8, "IN3_03_CUAL": "5 de julio 28 personas en Atacames con el GAD Municipal Mesas de G\u00e9nero recibieron el taller sobre inclusi\u00f3n socio econ\u00f3mica de poblaci\u00f3n refugiada y en movilidad humana; Otros planificados para siguiente mes; 8 Funcionarios de los mercados de Otavalo y Cayambe que fueron sensibilizados en temas de movilidad humana y no discriminaci\u00f3n, y sobre la importancia de la inclusi\u00f3n socio econ\u00f3mica de las personas ,Por generarse "}}, {"formId": "c4d8wbzkyngr50t3", "recordId": "cl6qu7nt0003xlwnmtgovx8g0", "parentRecordId": "cg2eprnl48m80251i", "fields": {"mes": "2022-07", "colltmgkykvhxgij6": "c7rjyqkkylzqu4f3s", "rmrp": "Si", "covid": "No", "IN3_03": 24, "IN3_03_CUAL": "Se realiz\u00f3 un taller a funcionarios de la Unidad Educativa Especial Nuevos Pasos, MINEDU y Cuerpo de Bomberos, donde se brind\u00f3 informaci\u00f3n sobre los derechos laborales de personas en contexto de movilidad humana."}}, {"formId": "c4d8wbzkyngr50t3", "recordId": "cl6qu7o2z003ylwnmglyn2yet", "parentRecordId": "c6rdmr2l1v0937nn", "fields": {"mes": "2022-07", "colltmgkykvhxgij6": "c7rjyqkkylzqu4f3s", "rmrp": "Si", "covid": "No", "IN3_03": 29, "IN3_03_CUAL": "5 de julio 28 personas en Atacames con el GAD Municipal Mesas de G\u00e9nero recibieron el taller sobre inclusi\u00f3n socio econ\u00f3mica de poblaci\u00f3n refugiada y en movilidad humana; Otros planificados para siguiente mes; 8 Funcionarios de los mercados de Otavalo y Cayambe que fueron sensibilizados en temas de movilidad humana y no discriminaci\u00f3n, y sobre la importancia de la inclusi\u00f3n socio econ\u00f3mica de las personas ,Por generarse "}}]}