{"changes": [{"formId": "cgev2lrkyoystct6", "recordId": "cl6qu4vvk002blwnmo1todip8", "parentRecordId": "cl5q96ewb003390nmf7a7swk1", "fields": {"mes": "2022-07", "colltmgkykvhxgij6": "cgr5d7fkylzqu4p4p", "rmrp": "Si", "covid": "No", "PRVBG4_03": 52, "PRVBG4_03_CUAL": "Taller de prevenci\u00f3n de la VBG Se realizan talleres de sensibilizaci\u00f3n Asociaci\u00f3n del mercado de Otavalo y del mercado de Cayambe, donde se busca generar procesos de mitigaci\u00f3n a la violencia generalizada principalmente a personas en movilidad humana xenofobia ,Existen varios talleres realizados sobre temas de sensibilizaci\u00f3n y prevenci\u00f3n de la VBG en el mes de julio sin embargo ha sido complejo poder contar con el datos desagregados por temas log\u00edsticos, vamos a incluir a estos datos y reportar en el mes de agosto "}}, {"formId": "cgev2lrkyoystct6", "recordId": "cl6qu4w6b002clwnmshzl6zqv", "parentRecordId": "cwxqp1cl1pa9i9sk", "fields": {"mes": "2022-07", "colltmgkykvhxgij6": "cgr5d7fkylzqu4p4p", "rmrp": "Si", "covid": "No", "PRVBG4_03": 71, "PRVBG4_03_CUAL": "En Ambato se desarrollaron talleres sobre protecci\u00f3n y empoderamiento de las mujeres y masculinidades positivas, en Esmeraldas se trabaj\u00f3 en la curr\u00edcula de hombres y un taller de la curr\u00edcula de mujeres beneficiarios (as), en Ibarra HIAS ofert\u00f3 un taller de la curr\u00edcula de hombres y un taller de la curr\u00edcula de mujeres beneficiarios (as), en Manta HIAS ofert\u00f3 talleres de masculinidades con hombres beneficiarios, en Quito HIAS ofert\u00f3 talleres sobre diversidades sexuales y prevenci\u00f3n y respuesta a la VBG, en Santo Domingo se ofert\u00f3 talleres sobre masculinidades positvias y un espacio de clausura de los procesos de curr\u00edculas de mujeres y hombres; y, en Tulc\u00e1n HIAS hizo parte del Encuentro binacional denominado \"Lo que nos une\" en el marco del mes del orgullo LGBTIQ+."}}, {"formId": "cgev2lrkyoystct6", "recordId": "cl6qu4wgq002dlwnm3f6pmy3k", "parentRecordId": "c3rorfml1pa2y49g", "fields": {"mes": "2022-07", "colltmgkykvhxgij6": "cgr5d7fkylzqu4p4p", "rmrp": "Si", "covid": "No", "PRVBG4_03": 19, "PRVBG4_03_CUAL": "En Ambato se desarrollaron talleres sobre protecci\u00f3n y empoderamiento de las mujeres y masculinidades positivas, en Esmeraldas se trabaj\u00f3 en la curr\u00edcula de hombres y un taller de la curr\u00edcula de mujeres beneficiarios (as), en Ibarra HIAS ofert\u00f3 un taller de la curr\u00edcula de hombres y un taller de la curr\u00edcula de mujeres beneficiarios (as), en Manta HIAS ofert\u00f3 talleres de masculinidades con hombres beneficiarios, en Quito HIAS ofert\u00f3 talleres sobre diversidades sexuales y prevenci\u00f3n y respuesta a la VBG, en Santo Domingo se ofert\u00f3 talleres sobre masculinidades positvias y un espacio de clausura de los procesos de curr\u00edculas de mujeres y hombres; y, en Tulc\u00e1n HIAS hizo parte del Encuentro binacional denominado \"Lo que nos une\" en el marco del mes del orgullo LGBTIQ+."}}, {"formId": "cgev2lrkyoystct6", "recordId": "cl6qu4wqr002elwnmz2p2q58b", "parentRecordId": "cihabbpl1p9xojnc", "fields": {"mes": "2022-07", "colltmgkykvhxgij6": "cgr5d7fkylzqu4p4p", "rmrp": "Si", "covid": "No", "PRVBG4_03": 8, "PRVBG4_03_CUAL": "En Ambato se desarrollaron talleres sobre protecci\u00f3n y empoderamiento de las mujeres y masculinidades positivas, en Esmeraldas se trabaj\u00f3 en la curr\u00edcula de hombres y un taller de la curr\u00edcula de mujeres beneficiarios (as), en Ibarra HIAS ofert\u00f3 un taller de la curr\u00edcula de hombres y un taller de la curr\u00edcula de mujeres beneficiarios (as), en Manta HIAS ofert\u00f3 talleres de masculinidades con hombres beneficiarios, en Quito HIAS ofert\u00f3 talleres sobre diversidades sexuales y prevenci\u00f3n y respuesta a la VBG, en Santo Domingo se ofert\u00f3 talleres sobre masculinidades positvias y un espacio de clausura de los procesos de curr\u00edculas de mujeres y hombres; y, en Tulc\u00e1n HIAS hizo parte del Encuentro binacional denominado \"Lo que nos une\" en el marco del mes del orgullo LGBTIQ+."}}, {"formId": "cgev2lrkyoystct6", "recordId": "cl6qu4x16002flwnmcw298y09", "parentRecordId": "cc36jqel0l5dnhd7", "fields": {"mes": "2022-07", "colltmgkykvhxgij6": "cgr5d7fkylzqu4p4p", "rmrp": "Si", "covid": "No", "PRVBG4_03": 40, "PRVBG4_03_CUAL": "En Ambato se desarrollaron talleres sobre protecci\u00f3n y empoderamiento de las mujeres y masculinidades positivas, en Esmeraldas se trabaj\u00f3 en la curr\u00edcula de hombres y un taller de la curr\u00edcula de mujeres beneficiarios (as), en Ibarra HIAS ofert\u00f3 un taller de la curr\u00edcula de hombres y un taller de la curr\u00edcula de mujeres beneficiarios (as), en Manta HIAS ofert\u00f3 talleres de masculinidades con hombres beneficiarios, en Quito HIAS ofert\u00f3 talleres sobre diversidades sexuales y prevenci\u00f3n y respuesta a la VBG, en Santo Domingo se ofert\u00f3 talleres sobre masculinidades positvias y un espacio de clausura de los procesos de curr\u00edculas de mujeres y hombres; y, en Tulc\u00e1n HIAS hizo parte del Encuentro binacional denominado \"Lo que nos une\" en el marco del mes del orgullo LGBTIQ+."}}, {"formId": "cgev2lrkyoystct6", "recordId": "cl6qu4xbv002glwnm3froqi2p", "parentRecordId": "c3z6n5ul0l5457l4", "fields": {"mes": "2022-07", "colltmgkykvhxgij6": "cgr5d7fkylzqu4p4p", "rmrp": "Si", "covid": "No", "PRVBG4_03": 35, "PRVBG4_03_CUAL": "En Ambato se desarrollaron talleres sobre protecci\u00f3n y empoderamiento de las mujeres y masculinidades positivas, en Esmeraldas se trabaj\u00f3 en la curr\u00edcula de hombres y un taller de la curr\u00edcula de mujeres beneficiarios (as), en Ibarra HIAS ofert\u00f3 un taller de la curr\u00edcula de hombres y un taller de la curr\u00edcula de mujeres beneficiarios (as), en Manta HIAS ofert\u00f3 talleres de masculinidades con hombres beneficiarios, en Quito HIAS ofert\u00f3 talleres sobre diversidades sexuales y prevenci\u00f3n y respuesta a la VBG, en Santo Domingo se ofert\u00f3 talleres sobre masculinidades positvias y un espacio de clausura de los procesos de curr\u00edculas de mujeres y hombres; y, en Tulc\u00e1n HIAS hizo parte del Encuentro binacional denominado \"Lo que nos une\" en el marco del mes del orgullo LGBTIQ+."}}, {"formId": "cgev2lrkyoystct6", "recordId": "cl6qu4xml002hlwnmutsg3zr5", "parentRecordId": "c4rz53zl0kb0t3n1r", "fields": {"mes": "2022-07", "colltmgkykvhxgij6": "cgr5d7fkylzqu4p4p", "rmrp": "Si", "covid": "No", "PRVBG4_03": 17, "PRVBG4_03_CUAL": "En Ambato se desarrollaron talleres sobre protecci\u00f3n y empoderamiento de las mujeres y masculinidades positivas, en Esmeraldas se trabaj\u00f3 en la curr\u00edcula de hombres y un taller de la curr\u00edcula de mujeres beneficiarios (as), en Ibarra HIAS ofert\u00f3 un taller de la curr\u00edcula de hombres y un taller de la curr\u00edcula de mujeres beneficiarios (as), en Manta HIAS ofert\u00f3 talleres de masculinidades con hombres beneficiarios, en Quito HIAS ofert\u00f3 talleres sobre diversidades sexuales y prevenci\u00f3n y respuesta a la VBG, en Santo Domingo se ofert\u00f3 talleres sobre masculinidades positvias y un espacio de clausura de los procesos de curr\u00edculas de mujeres y hombres; y, en Tulc\u00e1n HIAS hizo parte del Encuentro binacional denominado \"Lo que nos une\" en el marco del mes del orgullo LGBTIQ+."}}, {"formId": "cgev2lrkyoystct6", "recordId": "cl6qu4xwr002ilwnmr4ggr84h", "parentRecordId": "ckvy73ol0kazk2s1p", "fields": {"mes": "2022-07", "colltmgkykvhxgij6": "cgr5d7fkylzqu4p4p", "rmrp": "Si", "covid": "No", "PRVBG4_03": 47, "PRVBG4_03_CUAL": "En Ambato se desarrollaron talleres sobre protecci\u00f3n y empoderamiento de las mujeres y masculinidades positivas, en Esmeraldas se trabaj\u00f3 en la curr\u00edcula de hombres y un taller de la curr\u00edcula de mujeres beneficiarios (as), en Ibarra HIAS ofert\u00f3 un taller de la curr\u00edcula de hombres y un taller de la curr\u00edcula de mujeres beneficiarios (as), en Manta HIAS ofert\u00f3 talleres de masculinidades con hombres beneficiarios, en Quito HIAS ofert\u00f3 talleres sobre diversidades sexuales y prevenci\u00f3n y respuesta a la VBG, en Santo Domingo se ofert\u00f3 talleres sobre masculinidades positvias y un espacio de clausura de los procesos de curr\u00edculas de mujeres y hombres; y, en Tulc\u00e1n HIAS hizo parte del Encuentro binacional denominado \"Lo que nos une\" en el marco del mes del orgullo LGBTIQ+."}}]}