{"changes": [{"formId": "c5vie2zkysumtk35", "recordId": "cl6qu429h001glwnm5r9ln8gw", "parentRecordId": "cl5q96ew7001690nm406037tz", "fields": {"mes": "2022-07", "colltmgkykvhxgij6": "c790yvmkylzqu4q4s", "rmrp": "Si", "covid": "No", "poblacion_meta2": "Refugiados y migrantes", "PRPI1_02_RM_NA": 0, "PRPI1_02_RM_NN": 2, "PRPI1_02_RM_OTR": 0, "PRPI1_02_RM_LGBT": 0, "PRPI1_02_RM_DS": 0, "PRPI1_02_CUAL": "Dentro de las atenciones brindadas tanto en el centro de alojamiento temporal como en el Espacio de Apoyo Integral de Huaquillas se ha atendido a un total de 13 adolescentes no acompa\u00f1ados y separados provenientes de Venezuela y Colombia."}}, {"formId": "c5vie2zkysumtk35", "recordId": "cl6qu439b001hlwnmyqxj7pls", "parentRecordId": "cl5q96ew7001990nmwq17nnvh", "fields": {"mes": "2022-07", "colltmgkykvhxgij6": "c790yvmkylzqu4q4s", "rmrp": "Si", "covid": "No", "poblacion_meta2": "Refugiados y migrantes", "PRPI1_02_RM_NA": 4, "PRPI1_02_RM_NN": 2, "PRPI1_02_RM_OTR": 0, "PRPI1_02_RM_LGBT": 0, "PRPI1_02_RM_DS": 0, "PRPI1_02_CUAL": "Programa Ibarra: Se realiza el abordaje de 10 adolescentes de los cuales han ingresado 5. Programa Tulc\u00e1n: Se abordo tres caso de una adolescente, caso remitido por MIES-CEA y HIAS."}}, {"formId": "c5vie2zkysumtk35", "recordId": "cl6qu4467001ilwnm579zwkxn", "parentRecordId": "cl5q96ew7001790nmsvunj5od", "fields": {"mes": "2022-07", "colltmgkykvhxgij6": "c790yvmkylzqu4q4s", "rmrp": "Si", "covid": "No", "poblacion_meta2": "Refugiados y migrantes", "PRPI1_02_RM_NA": 2, "PRPI1_02_RM_NN": 1, "PRPI1_02_RM_OTR": 0, "PRPI1_02_RM_LGBT": 0, "PRPI1_02_RM_DS": 0, "PRPI1_02_CUAL": "Programa Ibarra: Se realiza el abordaje de 10 adolescentes de los cuales han ingresado 5. Programa Tulc\u00e1n: Se abordo tres caso de una adolescente, caso remitido por MIES-CEA y HIAS."}}, {"formId": "c5vie2zkysumtk35", "recordId": "cl6qu454r001jlwnmqtmwqajr", "parentRecordId": "c2jklell47gswhke", "fields": {"mes": "2022-07", "colltmgkykvhxgij6": "c790yvmkylzqu4q4s", "rmrp": "Si", "covid": "No", "poblacion_meta2": "Refugiados y migrantes", "PRPI1_02_RM_NA": 5, "PRPI1_02_RM_NN": 6, "PRPI1_02_RM_OTR": 0, "PRPI1_02_RM_LGBT": 0, "PRPI1_02_RM_DS": 1, "PRPI1_02_CUAL": "Se han identificado NNA en actividades de trabajo infantil y mendicidad, NNA no acompa\u00f1ados y separados, en estado de gestaci\u00f3n y en uni\u00f3n temprana, v\u00edctimas de violencia f\u00edsica y psicol\u00f3gica, adolescentes sobrevivientes de VBG, sin redes de apoyo familiar, con serias dificultades para cubrir sus necesidades b\u00e1sicas, NNAS sin documentaci\u00f3n, NNA en riesgo de no asistir a la escuela, en situaci\u00f3n de calle, NNA en alojamientos temporales pr\u00f3ximos a finalizar (situaci\u00f3n de calle) y con m\u00e9todos alternativos de cuidado (hogar de acogida), y posibles casos de trata los cuales son referidos para el seguimiento por parte de instituciones del Estado.\t\t\t\t\t\t\t\t\t\t\t\t\t\t\n"}}, {"formId": "c5vie2zkysumtk35", "recordId": "cl6qu463j001klwnmp19g41zc", "parentRecordId": "cmsxtz2l47gpbyhc", "fields": {"mes": "2022-07", "colltmgkykvhxgij6": "c790yvmkylzqu4q4s", "rmrp": "Si", "covid": "No", "poblacion_meta2": "Refugiados y migrantes", "PRPI1_02_RM_NA": 3, "PRPI1_02_RM_NN": 4, "PRPI1_02_RM_OTR": 0, "PRPI1_02_RM_LGBT": 0, "PRPI1_02_RM_DS": 1, "PRPI1_02_CUAL": "Se han identificado NNA en actividades de trabajo infantil y mendicidad, NNA no acompa\u00f1ados y separados, en estado de gestaci\u00f3n y en uni\u00f3n temprana, v\u00edctimas de violencia f\u00edsica y psicol\u00f3gica, adolescentes sobrevivientes de VBG, sin redes de apoyo familiar, con serias dificultades para cubrir sus necesidades b\u00e1sicas, NNAS sin documentaci\u00f3n, NNA en riesgo de no asistir a la escuela, en situaci\u00f3n de calle, NNA en alojamientos temporales pr\u00f3ximos a finalizar (situaci\u00f3n de calle) y con m\u00e9todos alternativos de cuidado (hogar de acogida), y posibles casos de trata los cuales son referidos para el seguimiento por parte de instituciones del Estado.\t\t\t\t\t\t\t\t\t\t\t\t\t\t\n"}}, {"formId": "c5vie2zkysumtk35", "recordId": "cl6qu474b001llwnm7hke6a2e", "parentRecordId": "cjbovd1l47gmx5ub", "fields": {"mes": "2022-07", "colltmgkykvhxgij6": "c790yvmkylzqu4q4s", "rmrp": "Si", "covid": "No", "poblacion_meta2": "Refugiados y migrantes", "PRPI1_02_RM_NA": 7, "PRPI1_02_RM_NN": 6, "PRPI1_02_RM_OTR": 0, "PRPI1_02_RM_LGBT": 0, "PRPI1_02_RM_DS": 1, "PRPI1_02_CUAL": "Se han identificado NNA en actividades de trabajo infantil y mendicidad, NNA no acompa\u00f1ados y separados, en estado de gestaci\u00f3n y en uni\u00f3n temprana, v\u00edctimas de violencia f\u00edsica y psicol\u00f3gica, adolescentes sobrevivientes de VBG, sin redes de apoyo familiar, con serias dificultades para cubrir sus necesidades b\u00e1sicas, NNAS sin documentaci\u00f3n, NNA en riesgo de no asistir a la escuela, en situaci\u00f3n de calle, NNA en alojamientos temporales pr\u00f3ximos a finalizar (situaci\u00f3n de calle) y con m\u00e9todos alternativos de cuidado (hogar de acogida), y posibles casos de trata los cuales son referidos para el seguimiento por parte de instituciones del Estado.\t\t\t\t\t\t\t\t\t\t\t\t\t\t\n"}}, {"formId": "c5vie2zkysumtk35", "recordId": "cl6qu4821001mlwnmfwurtzn7", "parentRecordId": "c9evjl2l3103eu51f", "fields": {"mes": "2022-07", "colltmgkykvhxgij6": "c790yvmkylzqu4q4s", "rmrp": "Si", "covid": "No", "poblacion_meta2": "Refugiados y migrantes", "PRPI1_02_RM_NA": 7, "PRPI1_02_RM_NN": 2, "PRPI1_02_RM_OTR": 0, "PRPI1_02_RM_LGBT": 0, "PRPI1_02_RM_DS": 1, "PRPI1_02_CUAL": "Se han identificado NNA en actividades de trabajo infantil y mendicidad, NNA no acompa\u00f1ados y separados, en estado de gestaci\u00f3n y en uni\u00f3n temprana, v\u00edctimas de violencia f\u00edsica y psicol\u00f3gica, adolescentes sobrevivientes de VBG, sin redes de apoyo familiar, con serias dificultades para cubrir sus necesidades b\u00e1sicas, NNAS sin documentaci\u00f3n, NNA en riesgo de no asistir a la escuela, en situaci\u00f3n de calle, NNA en alojamientos temporales pr\u00f3ximos a finalizar (situaci\u00f3n de calle) y con m\u00e9todos alternativos de cuidado (hogar de acogida), y posibles casos de trata los cuales son referidos para el seguimiento por parte de instituciones del Estado.\t\t\t\t\t\t\t\t\t\t\t\t\t\t\n"}}, {"formId": "c5vie2zkysumtk35", "recordId": "cl6qu490o001nlwnmh11jibln", "parentRecordId": "c5fllfgl30zydkp1d", "fields": {"mes": "2022-07", "colltmgkykvhxgij6": "c790yvmkylzqu4q4s", "rmrp": "Si", "covid": "No", "poblacion_meta2": "Refugiados y migrantes", "PRPI1_02_RM_NA": 5, "PRPI1_02_RM_NN": 1, "PRPI1_02_RM_OTR": 0, "PRPI1_02_RM_LGBT": 0, "PRPI1_02_RM_DS": 1, "PRPI1_02_CUAL": "Se han identificado NNA en actividades de trabajo infantil y mendicidad, NNA no acompa\u00f1ados y separados, en estado de gestaci\u00f3n y en uni\u00f3n temprana, v\u00edctimas de violencia f\u00edsica y psicol\u00f3gica, adolescentes sobrevivientes de VBG, sin redes de apoyo familiar, con serias dificultades para cubrir sus necesidades b\u00e1sicas, NNAS sin documentaci\u00f3n, NNA en riesgo de no asistir a la escuela, en situaci\u00f3n de calle, NNA en alojamientos temporales pr\u00f3ximos a finalizar (situaci\u00f3n de calle) y con m\u00e9todos alternativos de cuidado (hogar de acogida), y posibles casos de trata los cuales son referidos para el seguimiento por parte de instituciones del Estado.\t\t\t\t\t\t\t\t\t\t\t\t\t\t\n"}}, {"formId": "c5vie2zkysumtk35", "recordId": "cl6qu49y5001olwnmhnyuo6gu", "parentRecordId": "c91a5d1l30zq47z1a", "fields": {"mes": "2022-07", "colltmgkykvhxgij6": "c790yvmkylzqu4q4s", "rmrp": "Si", "covid": "No", "poblacion_meta2": "Refugiados y migrantes", "PRPI1_02_RM_NA": 3, "PRPI1_02_RM_NN": 0, "PRPI1_02_RM_OTR": 0, "PRPI1_02_RM_LGBT": 0, "PRPI1_02_RM_DS": 1, "PRPI1_02_CUAL": "Se han identificado NNA en actividades de trabajo infantil y mendicidad, NNA no acompa\u00f1ados y separados, en estado de gestaci\u00f3n y en uni\u00f3n temprana, v\u00edctimas de violencia f\u00edsica y psicol\u00f3gica, adolescentes sobrevivientes de VBG, sin redes de apoyo familiar, con serias dificultades para cubrir sus necesidades b\u00e1sicas, NNAS sin documentaci\u00f3n, NNA en riesgo de no asistir a la escuela, en situaci\u00f3n de calle, NNA en alojamientos temporales pr\u00f3ximos a finalizar (situaci\u00f3n de calle) y con m\u00e9todos alternativos de cuidado (hogar de acogida), y posibles casos de trata los cuales son referidos para el seguimiento por parte de instituciones del Estado.\t\t\t\t\t\t\t\t\t\t\t\t\t\t\n"}}, {"formId": "c5vie2zkysumtk35", "recordId": "cl6qu4at5001plwnml8e9v37u", "parentRecordId": "cpenqeol30zfr0510", "fields": {"mes": "2022-07", "colltmgkykvhxgij6": "c790yvmkylzqu4q4s", "rmrp": "Si", "covid": "No", "poblacion_meta2": "Refugiados y migrantes", "PRPI1_02_RM_NA": 0, "PRPI1_02_RM_NN": 1, "PRPI1_02_RM_OTR": 0, "PRPI1_02_RM_LGBT": 0, "PRPI1_02_RM_DS": 1, "PRPI1_02_CUAL": "Se han identificado NNA en actividades de trabajo infantil y mendicidad, NNA no acompa\u00f1ados y separados, en estado de gestaci\u00f3n y en uni\u00f3n temprana, v\u00edctimas de violencia f\u00edsica y psicol\u00f3gica, adolescentes sobrevivientes de VBG, sin redes de apoyo familiar, con serias dificultades para cubrir sus necesidades b\u00e1sicas, NNAS sin documentaci\u00f3n, NNA en riesgo de no asistir a la escuela, en situaci\u00f3n de calle, NNA en alojamientos temporales pr\u00f3ximos a finalizar (situaci\u00f3n de calle) y con m\u00e9todos alternativos de cuidado (hogar de acogida), y posibles casos de trata los cuales son referidos para el seguimiento por parte de instituciones del Estado.\t\t\t\t\t\t\t\t\t\t\t\t\t\t\n"}}, {"formId": "c5vie2zkysumtk35", "recordId": "cl6qu4box001qlwnmzml9hk1u", "parentRecordId": "c3zeuqxl1uvkley1h", "fields": {"mes": "2022-07", "colltmgkykvhxgij6": "c790yvmkylzqu4q4s", "rmrp": "Si", "covid": "No", "poblacion_meta2": "Refugiados y migrantes", "PRPI1_02_RM_NA": 1, "PRPI1_02_RM_NN": 4, "PRPI1_02_RM_OTR": 0, "PRPI1_02_RM_LGBT": 0, "PRPI1_02_RM_DS": 1, "PRPI1_02_CUAL": "Se han identificado NNA en actividades de trabajo infantil y mendicidad, NNA no acompa\u00f1ados y separados, en estado de gestaci\u00f3n y en uni\u00f3n temprana, v\u00edctimas de violencia f\u00edsica y psicol\u00f3gica, adolescentes sobrevivientes de VBG, sin redes de apoyo familiar, con serias dificultades para cubrir sus necesidades b\u00e1sicas, NNAS sin documentaci\u00f3n, NNA en riesgo de no asistir a la escuela, en situaci\u00f3n de calle, NNA en alojamientos temporales pr\u00f3ximos a finalizar (situaci\u00f3n de calle) y con m\u00e9todos alternativos de cuidado (hogar de acogida), y posibles casos de trata los cuales son referidos para el seguimiento por parte de instituciones del Estado.\t\t\t\t\t\t\t\t\t\t\t\t\t\t\n"}}, {"formId": "c5vie2zkysumtk35", "recordId": "cl6qu4cqb001rlwnmlx1isjwu", "parentRecordId": "c6pym6pl0k2sghkr", "fields": {"mes": "2022-07", "colltmgkykvhxgij6": "c790yvmkylzqu4q4s", "rmrp": "Si", "covid": "No", "poblacion_meta2": "Refugiados y migrantes", "PRPI1_02_RM_NA": 1, "PRPI1_02_RM_NN": 3, "PRPI1_02_RM_OTR": 0, "PRPI1_02_RM_LGBT": 0, "PRPI1_02_RM_DS": 1, "PRPI1_02_CUAL": "Se han identificado NNA en actividades de trabajo infantil y mendicidad, NNA no acompa\u00f1ados y separados, en estado de gestaci\u00f3n y en uni\u00f3n temprana, v\u00edctimas de violencia f\u00edsica y psicol\u00f3gica, adolescentes sobrevivientes de VBG, sin redes de apoyo familiar, con serias dificultades para cubrir sus necesidades b\u00e1sicas, NNAS sin documentaci\u00f3n, NNA en riesgo de no asistir a la escuela, en situaci\u00f3n de calle, NNA en alojamientos temporales pr\u00f3ximos a finalizar (situaci\u00f3n de calle) y con m\u00e9todos alternativos de cuidado (hogar de acogida), y posibles casos de trata los cuales son referidos para el seguimiento por parte de instituciones del Estado.\t\t\t\t\t\t\t\t\t\t\t\t\t\t\n"}}, {"formId": "c5vie2zkysumtk35", "recordId": "cl6qu4dwj001slwnm6hnefh3q", "parentRecordId": "c8cerh8l0k2j555n", "fields": {"mes": "2022-07", "colltmgkykvhxgij6": "c790yvmkylzqu4q4s", "rmrp": "Si", "covid": "No", "poblacion_meta2": "Refugiados y migrantes", "PRPI1_02_RM_NA": 1, "PRPI1_02_RM_NN": 0, "PRPI1_02_RM_OTR": 0, "PRPI1_02_RM_LGBT": 0, "PRPI1_02_RM_DS": 1, "PRPI1_02_CUAL": "Se han identificado NNA en actividades de trabajo infantil y mendicidad, NNA no acompa\u00f1ados y separados, en estado de gestaci\u00f3n y en uni\u00f3n temprana, v\u00edctimas de violencia f\u00edsica y psicol\u00f3gica, adolescentes sobrevivientes de VBG, sin redes de apoyo familiar, con serias dificultades para cubrir sus necesidades b\u00e1sicas, NNAS sin documentaci\u00f3n, NNA en riesgo de no asistir a la escuela, en situaci\u00f3n de calle, NNA en alojamientos temporales pr\u00f3ximos a finalizar (situaci\u00f3n de calle) y con m\u00e9todos alternativos de cuidado (hogar de acogida), y posibles casos de trata los cuales son referidos para el seguimiento por parte de instituciones del Estado.\t\t\t\t\t\t\t\t\t\t\t\t\t\t\n"}}, {"formId": "c5vie2zkysumtk35", "recordId": "cl6qu4ey8001tlwnmqpgm6p9z", "parentRecordId": "chuqttwkzcxucpy3", "fields": {"mes": "2022-07", "colltmgkykvhxgij6": "c790yvmkylzqu4q4s", "rmrp": "Si", "covid": "No", "poblacion_meta2": "Refugiados y migrantes", "PRPI1_02_RM_NA": 13, "PRPI1_02_RM_NN": 3, "PRPI1_02_RM_OTR": 1, "PRPI1_02_RM_LGBT": 1, "PRPI1_02_RM_DS": 0, "PRPI1_02_CUAL": "Durante el mes de Julio se eval\u00faa el inter\u00e9s superior de 18 NNA, a trav\u00e9s de las entrevistas psicol\u00f3gicas y de trabajo social.,Durante el mes se han identificado a 18 NNA, uno de ellos es ecuatoriano hijo de madre adolescente venezolana."}}]}