{"changes": [{"formId": "c5vie2zkysumtk35", "recordId": "cl6qu4hwe001ulwnmm2w8y487", "parentRecordId": "cjbovd1l47gmx5ub", "fields": {"mes": "2022-07", "colltmgkykvhxgij6": "cvjxk5xkylzqu4r4w", "rmrp": "Si", "covid": "No", "PRPI5_01": 10, "PRPI5_01_CUAL": "Se realiza un taller de sensibilizaci\u00f3n en contexto de movilidad humana, participan Acnur, Defensoria del Pueblo, Fundaci\u00f3n Jovenes para el Futuro, Consejo Noruego, y Plan internacional en Tugurahua. En Cuenca Se realiza un taller sobre Derechos a la Portecci\u00f3n Internacional NNA, participan funcionarios de la DINAPEN. En Esmeraldas se realiza un taller en conjunto con la Defensor\u00eda P\u00fablica, tiene como objetivo familiarizar la ruta de protecci\u00f3n a la infancia, espec\u00edficamente detecci\u00f3n de casos de NNA en movilidad humana ejerciendo trabajo informal. Para Manta Se mantiene un espacio para la capacitaci\u00f3n sobre rutas y protocolos de protecci\u00f3n. Se capacitan a funcionarios de la Defensor\u00eda del Pueblo;  JCPD, CCPD, MSP, MINEDUC;  MIES CNH-CDI, y en Quito, se lleva a cabo una jornada de talleres a funcionarios de los Distritos de Educaci\u00f3n de Calder\u00f3n (17D02), Norte (17D05), Pifo (17D09) y La Delicia (17D03), sobre \"Normas M\u00ednimas para la Protecci\u00f3n de la Infancia\"."}}, {"formId": "c5vie2zkysumtk35", "recordId": "cl6qu4i9b001vlwnmcggojtg4", "parentRecordId": "c5fllfgl30zydkp1d", "fields": {"mes": "2022-07", "colltmgkykvhxgij6": "cvjxk5xkylzqu4r4w", "rmrp": "Si", "covid": "No", "PRPI5_01": 100, "PRPI5_01_CUAL": "Se realiza un taller de sensibilizaci\u00f3n en contexto de movilidad humana, participan Acnur, Defensoria del Pueblo, Fundaci\u00f3n Jovenes para el Futuro, Consejo Noruego, y Plan internacional en Tugurahua. En Cuenca Se realiza un taller sobre Derechos a la Portecci\u00f3n Internacional NNA, participan funcionarios de la DINAPEN. En Esmeraldas se realiza un taller en conjunto con la Defensor\u00eda P\u00fablica, tiene como objetivo familiarizar la ruta de protecci\u00f3n a la infancia, espec\u00edficamente detecci\u00f3n de casos de NNA en movilidad humana ejerciendo trabajo informal. Para Manta Se mantiene un espacio para la capacitaci\u00f3n sobre rutas y protocolos de protecci\u00f3n. Se capacitan a funcionarios de la Defensor\u00eda del Pueblo;  JCPD, CCPD, MSP, MINEDUC;  MIES CNH-CDI, y en Quito, se lleva a cabo una jornada de talleres a funcionarios de los Distritos de Educaci\u00f3n de Calder\u00f3n (17D02), Norte (17D05), Pifo (17D09) y La Delicia (17D03), sobre \"Normas M\u00ednimas para la Protecci\u00f3n de la Infancia\"."}}, {"formId": "c5vie2zkysumtk35", "recordId": "cl6qu4ilo001wlwnm0zr0p3zw", "parentRecordId": "c91a5d1l30zq47z1a", "fields": {"mes": "2022-07", "colltmgkykvhxgij6": "cvjxk5xkylzqu4r4w", "rmrp": "Si", "covid": "No", "PRPI5_01": 23, "PRPI5_01_CUAL": "Se realiza un taller de sensibilizaci\u00f3n en contexto de movilidad humana, participan Acnur, Defensoria del Pueblo, Fundaci\u00f3n Jovenes para el Futuro, Consejo Noruego, y Plan internacional en Tugurahua. En Cuenca Se realiza un taller sobre Derechos a la Portecci\u00f3n Internacional NNA, participan funcionarios de la DINAPEN. En Esmeraldas se realiza un taller en conjunto con la Defensor\u00eda P\u00fablica, tiene como objetivo familiarizar la ruta de protecci\u00f3n a la infancia, espec\u00edficamente detecci\u00f3n de casos de NNA en movilidad humana ejerciendo trabajo informal. Para Manta Se mantiene un espacio para la capacitaci\u00f3n sobre rutas y protocolos de protecci\u00f3n. Se capacitan a funcionarios de la Defensor\u00eda del Pueblo;  JCPD, CCPD, MSP, MINEDUC;  MIES CNH-CDI, y en Quito, se lleva a cabo una jornada de talleres a funcionarios de los Distritos de Educaci\u00f3n de Calder\u00f3n (17D02), Norte (17D05), Pifo (17D09) y La Delicia (17D03), sobre \"Normas M\u00ednimas para la Protecci\u00f3n de la Infancia\"."}}, {"formId": "c5vie2zkysumtk35", "recordId": "cl6qu4j45001xlwnmdkf3ul99", "parentRecordId": "c6pym6pl0k2sghkr", "fields": {"mes": "2022-07", "colltmgkykvhxgij6": "cvjxk5xkylzqu4r4w", "rmrp": "Si", "covid": "No", "PRPI5_01": 110, "PRPI5_01_CUAL": "Se realiza un taller de sensibilizaci\u00f3n en contexto de movilidad humana, participan Acnur, Defensoria del Pueblo, Fundaci\u00f3n Jovenes para el Futuro, Consejo Noruego, y Plan internacional en Tugurahua. En Cuenca Se realiza un taller sobre Derechos a la Portecci\u00f3n Internacional NNA, participan funcionarios de la DINAPEN. En Esmeraldas se realiza un taller en conjunto con la Defensor\u00eda P\u00fablica, tiene como objetivo familiarizar la ruta de protecci\u00f3n a la infancia, espec\u00edficamente detecci\u00f3n de casos de NNA en movilidad humana ejerciendo trabajo informal. Para Manta Se mantiene un espacio para la capacitaci\u00f3n sobre rutas y protocolos de protecci\u00f3n. Se capacitan a funcionarios de la Defensor\u00eda del Pueblo;  JCPD, CCPD, MSP, MINEDUC;  MIES CNH-CDI, y en Quito, se lleva a cabo una jornada de talleres a funcionarios de los Distritos de Educaci\u00f3n de Calder\u00f3n (17D02), Norte (17D05), Pifo (17D09) y La Delicia (17D03), sobre \"Normas M\u00ednimas para la Protecci\u00f3n de la Infancia\"."}}, {"formId": "c5vie2zkysumtk35", "recordId": "cl6qu4jh5001ylwnm3dc9efg7", "parentRecordId": "c8cerh8l0k2j555n", "fields": {"mes": "2022-07", "colltmgkykvhxgij6": "cvjxk5xkylzqu4r4w", "rmrp": "Si", "covid": "No", "PRPI5_01": 10, "PRPI5_01_CUAL": "Se realiza un taller de sensibilizaci\u00f3n en contexto de movilidad humana, participan Acnur, Defensoria del Pueblo, Fundaci\u00f3n Jovenes para el Futuro, Consejo Noruego, y Plan internacional en Tugurahua. En Cuenca Se realiza un taller sobre Derechos a la Portecci\u00f3n Internacional NNA, participan funcionarios de la DINAPEN. En Esmeraldas se realiza un taller en conjunto con la Defensor\u00eda P\u00fablica, tiene como objetivo familiarizar la ruta de protecci\u00f3n a la infancia, espec\u00edficamente detecci\u00f3n de casos de NNA en movilidad humana ejerciendo trabajo informal. Para Manta Se mantiene un espacio para la capacitaci\u00f3n sobre rutas y protocolos de protecci\u00f3n. Se capacitan a funcionarios de la Defensor\u00eda del Pueblo;  JCPD, CCPD, MSP, MINEDUC;  MIES CNH-CDI, y en Quito, se lleva a cabo una jornada de talleres a funcionarios de los Distritos de Educaci\u00f3n de Calder\u00f3n (17D02), Norte (17D05), Pifo (17D09) y La Delicia (17D03), sobre \"Normas M\u00ednimas para la Protecci\u00f3n de la Infancia\"."}}]}