{"changes": [{"formId": "c4d8wbzkyngr50t3", "recordId": "cl6qu7k7k003tlwnm4wmwb904", "parentRecordId": "cawaj1el30zrgz3i", "fields": {"mes": "2022-07", "colltmgkykvhxgij6": "cv39ar7kylzqu4f3r", "rmrp": "Si", "covid": "No", "IN3_02": 1, "IN3_02_CUAL": "GAD Provincial del Carchi convenio de cooperaci\u00f3n;  ,Grupo de personas que inician un grupo de danza para fortalecer los lazos culturales e inclusi\u00f3n desde Pimampiro,UNIANDES para capacitaci\u00f3n fase 2 AG; GAD Municipal de Sto. Domingo para procesos de formaci\u00f3n con talleres de oficios "}}, {"formId": "c4d8wbzkyngr50t3", "recordId": "cl6qu7kie003ulwnm82w93dz4", "parentRecordId": "chdd13tl1v0u8hfw", "fields": {"mes": "2022-07", "colltmgkykvhxgij6": "cv39ar7kylzqu4f3r", "rmrp": "Si", "covid": "No", "IN3_02": 2, "IN3_02_CUAL": "GAD Provincial del Carchi convenio de cooperaci\u00f3n;  ,Grupo de personas que inician un grupo de danza para fortalecer los lazos culturales e inclusi\u00f3n desde Pimampiro,UNIANDES para capacitaci\u00f3n fase 2 AG; GAD Municipal de Sto. Domingo para procesos de formaci\u00f3n con talleres de oficios "}}, {"formId": "c4d8wbzkyngr50t3", "recordId": "cl6qu7ksi003vlwnmb1m59l0z", "parentRecordId": "c8oomjqkzhfnlob4", "fields": {"mes": "2022-07", "colltmgkykvhxgij6": "cv39ar7kylzqu4f3r", "rmrp": "Si", "covid": "No", "IN3_02": 1, "IN3_02_CUAL": "GAD Provincial del Carchi convenio de cooperaci\u00f3n;  ,Grupo de personas que inician un grupo de danza para fortalecer los lazos culturales e inclusi\u00f3n desde Pimampiro,UNIANDES para capacitaci\u00f3n fase 2 AG; GAD Municipal de Sto. Domingo para procesos de formaci\u00f3n con talleres de oficios "}}]}