{"changes": [{"formId": "csjlz2gkytar1k12", "recordId": "cl6qu1nxu0000lwnmybc8l60c", "parentRecordId": null, "fields": {"cqes12jkykah3la9": "40038", "org_user": "cc9fjcdkyyk18oj6", "implementacion": "c89eykqkykc8oig1b", "donante": "chgxs46l02wy5i81e", "implementador": "cyf42nl02wz7lk3t", "ubicacion": "z2147278424"}}, {"formId": "csjlz2gkytar1k12", "recordId": "cl6qu1nxu0001lwnm24lut30t", "parentRecordId": null, "fields": {"cqes12jkykah3la9": "40038", "org_user": "cc9fjcdkyyk18oj6", "implementacion": "c89eykqkykc8oig1b", "donante": "chgxs46l02wy5i81e", "implementador": "cyf42nl02wz7lk3t", "ubicacion": "z2147278410"}}, {"formId": "c37r4mxkyngr50t2", "recordId": "cl6qu1nxu0002lwnmyg10q8ci", "parentRecordId": null, "fields": {"cqes12jkykah3la9": "40038", "org_user": "cc9fjcdkyyk18oj6", "implementacion": "c89eykqkykc8oig1b", "donante": "chgxs46l02wy5i81e", "implementador": "c1l9tb4l02wz7lj21", "ubicacion": "z2147278619"}}, {"formId": "c37r4mxkyngr50t2", "recordId": "cl6qu1nxu0003lwnmhf38jn0k", "parentRecordId": null, "fields": {"cqes12jkykah3la9": "40038", "org_user": "cc9fjcdkyyk18oj6", "implementacion": "c89eykqkykc8oig1b", "donante": "chgxs46l02wy5i81e", "implementador": "c1l9tb4l02wz7lj21", "ubicacion": "z2147278482"}}, {"formId": "c37r4mxkyngr50t2", "recordId": "cl6qu1nxu0004lwnmrp6qx6m2", "parentRecordId": null, "fields": {"cqes12jkykah3la9": "40038", "org_user": "cc9fjcdkyyk18oj6", "implementacion": "c89eykqkykc8oig1b", "donante": "chgxs46l02wy5i81e", "implementador": "c1l9tb4l02wz7lj21", "ubicacion": "z2147278485"}}, {"formId": "c37r4mxkyngr50t2", "recordId": "cl6qu1nxu0005lwnml8om87v8", "parentRecordId": null, "fields": {"cqes12jkykah3la9": "40038", "org_user": "cc9fjcdkyyk18oj6", "implementacion": "c89eykqkykc8oig1b", "donante": "chgxs46l02wy5i81e", "implementador": "c1l9tb4l02wz7lj21", "ubicacion": "z2147278558"}}, {"formId": "c37r4mxkyngr50t2", "recordId": "cl6qu1nxu0006lwnmb5zcks82", "parentRecordId": null, "fields": {"cqes12jkykah3la9": "40038", "org_user": "cc9fjcdkyyk18oj6", "implementacion": "c89eykqkykc8oig1b", "donante": "chgxs46l02wy5i81e", "implementador": "c1l9tb4l02wz7lj21", "ubicacion": "z2147278572"}}, {"formId": "c37r4mxkyngr50t2", "recordId": "cl6qu1nxu0007lwnm5qy71amf", "parentRecordId": null, "fields": {"cqes12jkykah3la9": "40038", "org_user": "cc9fjcdkyyk18oj6", "implementacion": "c89eykqkykc8oig1b", "donante": "chgxs46l02wy5i81e", "implementador": "cyf42nl02wz7lk3t", "ubicacion": "z2147278424"}}, {"formId": "c37r4mxkyngr50t2", "recordId": "cl6qu1nxu0008lwnm5u6lj4fy", "parentRecordId": null, "fields": {"cqes12jkykah3la9": "40038", "org_user": "cc9fjcdkyyk18oj6", "implementacion": "c89eykqkykc8oig1b", "donante": "chgxs46l02wy5i81e", "implementador": "cyf42nl02wz7lk3t", "ubicacion": "z2147278410"}}, {"formId": "c81oy76kysumtk34", "recordId": "cl6qu1nxu0009lwnmejtodep9", "parentRecordId": null, "fields": {"cqes12jkykah3la9": "40038", "org_user": "cc9fjcdkyyk18oj6", "implementacion": "c89eykqkykc8oig1b", "donante": "chgxs46l02wy5i81e", "implementador": "cyf42nl02wz7lk3t", "ubicacion": "z2147278424"}}, {"formId": "c81oy76kysumtk34", "recordId": "cl6qu1nxu000alwnmsuajzggn", "parentRecordId": null, "fields": {"cqes12jkykah3la9": "40038", "org_user": "cc9fjcdkyyk18oj6", "implementacion": "c89eykqkykc8oig1b", "donante": "chgxs46l02wy5i81e", "implementador": "cyf42nl02wz7lk3t", "ubicacion": "z2147278410"}}, {"formId": "co4zllfkyszt0c87", "recordId": "cl6qu1nxu000blwnmy8z7o9cj", "parentRecordId": null, "fields": {"cqes12jkykah3la9": "40038", "org_user": "cc9fjcdkyyk18oj6", "implementacion": "c89eykqkykc8oig1b", "donante": "chgxs46l02wy5i81e", "implementador": "cyf42nl02wz7lk3t", "ubicacion": "z2147278424"}}, {"formId": "co4zllfkyszt0c87", "recordId": "cl6qu1nxu000clwnms27yzbkj", "parentRecordId": null, "fields": {"cqes12jkykah3la9": "40038", "org_user": "cc9fjcdkyyk18oj6", "implementacion": "c89eykqkykc8oig1b", "donante": "chgxs46l02wy5i81e", "implementador": "cyf42nl02wz7lk3t", "ubicacion": "z2147278410"}}, {"formId": "co4zllfkyszt0c87", "recordId": "cl6qu1nxu000dlwnm83e64yu5", "parentRecordId": null, "fields": {"cqes12jkykah3la9": "40038", "org_user": "cc9fjcdkyyk18oj6", "implementacion": "c89eykqkykc8oig1b", "donante": "chgxs46l02wy5i81e", "implementador": null, "ubicacion": "z2147278451"}}, {"formId": "co4zllfkyszt0c87", "recordId": "cl6qu1nxu000elwnmwr8t5dzz", "parentRecordId": null, "fields": {"cqes12jkykah3la9": "40038", "org_user": "cc9fjcdkyyk18oj6", "implementacion": "c89eykqkykc8oig1b", "donante": "chgxs46l02wy5i81e", "implementador": null, "ubicacion": "z2147278619"}}, {"formId": "co4zllfkyszt0c87", "recordId": "cl6qu1nxv000flwnmkrupnotp", "parentRecordId": null, "fields": {"cqes12jkykah3la9": "40038", "org_user": "cc9fjcdkyyk18oj6", "implementacion": "c89eykqkykc8oig1b", "donante": "chgxs46l02wy5i81e", "implementador": null, "ubicacion": "z2147278508"}}, {"formId": "co4zllfkyszt0c87", "recordId": "cl6qu1nxv000glwnm5hho8aj6", "parentRecordId": null, "fields": {"cqes12jkykah3la9": "40038", "org_user": "cc9fjcdkyyk18oj6", "implementacion": "c89eykqkykc8oig1b", "donante": "chgxs46l02wy5i81e", "implementador": null, "ubicacion": "z2147278468"}}, {"formId": "co4zllfkyszt0c87", "recordId": "cl6qu1nxv000hlwnmmsx1imyc", "parentRecordId": null, "fields": {"cqes12jkykah3la9": "40038", "org_user": "cc9fjcdkyyk18oj6", "implementacion": "c89eykqkykc8oig1b", "donante": "chgxs46l02wy5i81e", "implementador": null, "ubicacion": "z2147278482"}}, {"formId": "co4zllfkyszt0c87", "recordId": "cl6qu1nxv000ilwnmg89m1ef4", "parentRecordId": null, "fields": {"cqes12jkykah3la9": "40038", "org_user": "cc9fjcdkyyk18oj6", "implementacion": "c89eykqkykc8oig1b", "donante": "chgxs46l02wy5i81e", "implementador": null, "ubicacion": "z2147278485"}}, {"formId": "co4zllfkyszt0c87", "recordId": "cl6qu1nxv000jlwnm8ocyaapj", "parentRecordId": null, "fields": {"cqes12jkykah3la9": "40038", "org_user": "cc9fjcdkyyk18oj6", "implementacion": "c89eykqkykc8oig1b", "donante": "chgxs46l02wy5i81e", "implementador": null, "ubicacion": "z2147278558"}}, {"formId": "co4zllfkyszt0c87", "recordId": "cl6qu1nxv000klwnmez9mfntk", "parentRecordId": null, "fields": {"cqes12jkykah3la9": "40038", "org_user": "cc9fjcdkyyk18oj6", "implementacion": "c89eykqkykc8oig1b", "donante": "chgxs46l02wy5i81e", "implementador": null, "ubicacion": "z2147278572"}}, {"formId": "co4zllfkyszt0c87", "recordId": "cl6qu1nxv000llwnmevmnsfgl", "parentRecordId": null, "fields": {"cqes12jkykah3la9": "40038", "org_user": "cc9fjcdkyyk18oj6", "implementacion": "c89eykqkykc8oig1b", "donante": "chgxs46l02wy5i81e", "implementador": null, "ubicacion": "z2147278409"}}, {"formId": "co4zllfkyszt0c87", "recordId": "cl6qu1nxv000mlwnm3wjnws92", "parentRecordId": null, "fields": {"cqes12jkykah3la9": "40038", "org_user": "cc9fjcdkyyk18oj6", "implementacion": "c89eykqkykc8oig1b", "donante": "chgxs46l02wy5i81e", "implementador": null, "ubicacion": "z2147278497"}}, {"formId": "co4zllfkyszt0c87", "recordId": "cl6qu1nxv000nlwnmok5mn11n", "parentRecordId": null, "fields": {"cqes12jkykah3la9": "40038", "org_user": "cc9fjcdkyyk18oj6", "implementacion": "c89eykqkykc8oig1b", "donante": "chgxs46l02wy5i81e", "implementador": null, "ubicacion": "z2147278531"}}, {"formId": "co4zllfkyszt0c87", "recordId": "cl6qu1nxv000olwnmrzabajy1", "parentRecordId": null, "fields": {"cqes12jkykah3la9": "40038", "org_user": "cc9fjcdkyyk18oj6", "implementacion": "c89eykqkykc8oig1b", "donante": "chgxs46l02wy5i81e", "implementador": null, "ubicacion": "z2147278601"}}, {"formId": "c3jklpskyoystct5", "recordId": "cl6qu1nxv000plwnmf2fcj6jk", "parentRecordId": null, "fields": {"cqes12jkykah3la9": "40038", "org_user": "cc9fjcdkyyk18oj6", "implementacion": "c89eykqkykc8oig1b", "donante": "chgxs46l02wy5i81e", "implementador": "cyf42nl02wz7lk3t", "ubicacion": "z2147278424"}}, {"formId": "c3jklpskyoystct5", "recordId": "cl6qu1nxv000qlwnmawl5eg05", "parentRecordId": null, "fields": {"cqes12jkykah3la9": "40038", "org_user": "cc9fjcdkyyk18oj6", "implementacion": "c89eykqkykc8oig1b", "donante": "chgxs46l02wy5i81e", "implementador": "cyf42nl02wz7lk3t", "ubicacion": "z2147278410"}}]}