{"changes": [{"formId": "c1ajh01kyszt0c88", "recordId": "cl6qu2eo70015lwnm763jvwwj", "parentRecordId": "cl5q96ewa002d90nm83wjwk33", "fields": {"mes": ["2022-07"], "colltmgkykvhxgij6": ["clwyggvkylzqu4l4c"], "rmrp": ["Si"], "covid": ["No"], "modalidad_impl": ["cmo12q1kykwwosjka"], "PR6_01": [1], "PR6_01_CUAL": "En este mes se han realizado reuniones de coordinaci\u00f3n con las Organizaciones de la comunidad sexo diversa para ejecutar acciones conjuntas al igual acercamientos con las Asociaciones de Personas Migrantes para impulsar una Agenda com\u00fan por sus derechos. Se hace necesario este pr\u00f3ximo mes trabajar m\u00e1s en Santa Rosa y Arenillas."}}, {"formId": "c1ajh01kyszt0c88", "recordId": "cl6qu2eza0016lwnmhf7cap5o", "parentRecordId": "cl5q96ewa002g90nmharpiqlf", "fields": {"mes": ["2022-07"], "colltmgkykvhxgij6": ["clwyggvkylzqu4l4c"], "rmrp": ["Si"], "covid": ["No"], "modalidad_impl": ["cmo12q1kykwwosjka"], "PR6_01": [2], "PR6_01_CUAL": "En este mes se han realizado reuniones de coordinaci\u00f3n con las Organizaciones de la comunidad sexo diversa para ejecutar acciones conjuntas al igual acercamientos con las Asociaciones de Personas Migrantes para impulsar una Agenda com\u00fan por sus derechos. Se hace necesario este pr\u00f3ximo mes trabajar m\u00e1s en Santa Rosa y Arenillas."}}, {"formId": "c1ajh01kyszt0c88", "recordId": "cl6qu2f930017lwnm3asowj39", "parentRecordId": "cl5q96ewa002i90nm17pavyql", "fields": {"mes": ["2022-07"], "colltmgkykvhxgij6": ["clwyggvkylzqu4l4c"], "rmrp": ["Si"], "covid": ["No"], "modalidad_impl": ["cmo12q1kykwwosjka"], "PR6_01": [1], "PR6_01_CUAL": "En este mes se han realizado reuniones de coordinaci\u00f3n con las Organizaciones de la comunidad sexo diversa para ejecutar acciones conjuntas al igual acercamientos con las Asociaciones de Personas Migrantes para impulsar una Agenda com\u00fan por sus derechos. Se hace necesario este pr\u00f3ximo mes trabajar m\u00e1s en Santa Rosa y Arenillas."}}, {"formId": "c1ajh01kyszt0c88", "recordId": "cl6qu2fk90018lwnm2b7uj01n", "parentRecordId": "cl5q96ew9002490nm316qlex2", "fields": {"mes": ["2022-07"], "colltmgkykvhxgij6": ["clwyggvkylzqu4l4c"], "rmrp": ["Si"], "covid": ["No"], "modalidad_impl": ["cmo12q1kykwwosjka"], "PR6_01": [1], "PR6_01_CUAL": "Solanda como nueva comunidad que se integra al proyecto en la ciudad de Quito con Cine Comunitario. "}}, {"formId": "c1ajh01kyszt0c88", "recordId": "cl6qu2fvm0019lwnmn075vuze", "parentRecordId": "cwvc3msl473q4j6b", "fields": {"mes": ["2022-07"], "colltmgkykvhxgij6": ["clwyggvkylzqu4l4c"], "rmrp": ["Si"], "covid": ["No"], "modalidad_impl": ["cmo12q1kykwwosjka"], "PR6_01": [1], "PR6_01_CUAL": "A partir del presente mes se desarrollaron las actividades de fortalecimiento en el CDC Llano Grande, Carcel\u00e9n, al norte de Quito, espacio seleccionado t\u00e9cnicamente a nivel social y arquitect\u00f3nico debido a la densidad poblacional de la comuna y la cantidad de actividades y buenas pr\u00e1cticas identificadas. En Santo Domingo, se realizaron activadas de fortalecimiento e integraci\u00f3n en los tres centros comunitarios, 4 de julio, Voluntad de Dios y FEDAFRO, donde de forma general se desarrollaron brigadas de capacitaci\u00f3n, campeonato intercultural y talleres de vinculaci\u00f3n con organizaciones de base de movilidad humana.,En Manta, se comenz\u00f3 el acercamiento al nuevo barrio de intervenci\u00f3n Montecristi. \nEn Guayaquil, se trabaj\u00f3 en la identificaci\u00f3n de organizaciones barriales en la Chala."}}, {"formId": "c1ajh01kyszt0c88", "recordId": "cl6qu2g61001alwnmdtdewy29", "parentRecordId": "cabsfwwl0lc6ym6b", "fields": {"mes": ["2022-07"], "colltmgkykvhxgij6": ["clwyggvkylzqu4l4c"], "rmrp": ["Si"], "covid": ["No"], "modalidad_impl": ["cmo12q1kykwwosjka"], "PR6_01": [2], "PR6_01_CUAL": "Esmeraldas: Asociaci\u00f3n 21 de Septiembre\nSan Lorenzo: Red de Personas con Discapacidad ,Esmeraldas: Asociaci\u00f3n 21 de Septiembre \nSan Lorenzo: Red de Personas con Discapacidad "}}, {"formId": "c1ajh01kyszt0c88", "recordId": "cl6qu2gi1001blwnmr6d8eem2", "parentRecordId": "cruxxl7l0lc4yqy9", "fields": {"mes": ["2022-07"], "colltmgkykvhxgij6": ["clwyggvkylzqu4l4c"], "rmrp": ["Si"], "covid": ["No"], "modalidad_impl": ["cmo12q1kykwwosjka"], "PR6_01": [2], "PR6_01_CUAL": "Esmeraldas: Asociaci\u00f3n 21 de Septiembre\nSan Lorenzo: Red de Personas con Discapacidad ,Esmeraldas: Asociaci\u00f3n 21 de Septiembre \nSan Lorenzo: Red de Personas con Discapacidad "}}]}