{"changes": [{"formId": "c1ajh01kyszt0c88", "recordId": "cl6qu1uen000rlwnmu9o4e7yx", "parentRecordId": "cdww4ijl30ac7cu9", "fields": {"mes": "2022-07", "colltmgkykvhxgij6": "cw13jl0kylzqu4i43", "rmrp": "Si", "covid": "No", "espacion_apoyo": "No", "poblacion_meta": "Refugiados/as y migrantes", "modalidad_impl": "cmo12q1kykwwosjka", "PR2_02_RM_NA": 50, "PR2_02_RM_NN": 38, "PR2_02_RM_MM": 93, "PR2_02_RM_HH": 76, "PR2_02_RM_OTR": 0, "PR2_02_RM_LGBT": 4, "PR2_02_RM_DS": 7, "PR2_02_CUAL": null}}, {"formId": "c1ajh01kyszt0c88", "recordId": "cl6qu1vcw000slwnmhqyhwbut", "parentRecordId": "ctrypqyl2z9rsuvq", "fields": {"mes": "2022-07", "colltmgkykvhxgij6": "cw13jl0kylzqu4i43", "rmrp": "Si", "covid": "No", "espacion_apoyo": "No", "poblacion_meta": "Refugiados/as y migrantes", "modalidad_impl": "cmo12q1kykwwosjka", "PR2_02_RM_NA": 0, "PR2_02_RM_NN": 0, "PR2_02_RM_MM": 4, "PR2_02_RM_HH": 0, "PR2_02_RM_OTR": 0, "PR2_02_RM_LGBT": 0, "PR2_02_RM_DS": 0, "PR2_02_CUAL": "El n\u00famero reportado corresponde a los casos identificados como sobrevivientes y victimas a vivir VBG en los cantones Loja y Pindal durante el mes de Julio. Estos casos fueron identificados y remitidos a los organismos que brindan atenci\u00f3n para cubrir las necesidades espec\u00edficas de su localidad para dar complementariedad al servicio. Estos casos fueron derivados a HIAS, se ha realizo el seguimiento actual para registrar la evoluci\u00f3n y avance del mismo. Se los ha registrado en Progress para registro de acciones avanzadas. "}}, {"formId": "c1ajh01kyszt0c88", "recordId": "cl6qu1wc0000tlwnm1xd19zo4", "parentRecordId": "czeqh1hl1quoe36a", "fields": {"mes": "2022-07", "colltmgkykvhxgij6": "cw13jl0kylzqu4i43", "rmrp": "Si", "covid": "No", "espacion_apoyo": "No", "poblacion_meta": "Refugiados/as y migrantes", "modalidad_impl": "cmo12q1kykwwosjka", "PR2_02_RM_NA": 0, "PR2_02_RM_NN": 0, "PR2_02_RM_MM": 3, "PR2_02_RM_HH": 0, "PR2_02_RM_OTR": 0, "PR2_02_RM_LGBT": 0, "PR2_02_RM_DS": 0, "PR2_02_CUAL": "El n\u00famero reportado corresponde a los casos identificados como sobrevivientes y victimas a vivir VBG en los cantones Loja y Pindal durante el mes de Julio. Estos casos fueron identificados y remitidos a los organismos que brindan atenci\u00f3n para cubrir las necesidades espec\u00edficas de su localidad para dar complementariedad al servicio. Estos casos fueron derivados a HIAS, se ha realizo el seguimiento actual para registrar la evoluci\u00f3n y avance del mismo. Se los ha registrado en Progress para registro de acciones avanzadas. "}}, {"formId": "c1ajh01kyszt0c88", "recordId": "cl6qu1xck000ulwnm3i5c7tth", "parentRecordId": "c1livqakzoc5piv1a", "fields": {"mes": "2022-07", "colltmgkykvhxgij6": "cw13jl0kylzqu4i43", "rmrp": "Si", "covid": "No", "espacion_apoyo": "No", "poblacion_meta": "Refugiados/as y migrantes", "modalidad_impl": "cmo12q1kykwwosjka", "PR2_02_RM_NA": 16, "PR2_02_RM_NN": 22, "PR2_02_RM_MM": 35, "PR2_02_RM_HH": 28, "PR2_02_RM_OTR": 0, "PR2_02_RM_LGBT": 2, "PR2_02_RM_DS": 3, "PR2_02_CUAL": null}}, {"formId": "c1ajh01kyszt0c88", "recordId": "cl6qu1ygy000vlwnm7xve421s", "parentRecordId": "cyh35jskzoc9s3b1c", "fields": {"mes": "2022-07", "colltmgkykvhxgij6": "cw13jl0kylzqu4i43", "rmrp": "Si", "covid": "No", "espacion_apoyo": "No", "poblacion_meta": "Refugiados/as y migrantes", "modalidad_impl": "cmo12q1kykwwosjka", "PR2_02_RM_NA": 93, "PR2_02_RM_NN": 86, "PR2_02_RM_MM": 116, "PR2_02_RM_HH": 72, "PR2_02_RM_OTR": 0, "PR2_02_RM_LGBT": 4, "PR2_02_RM_DS": 9, "PR2_02_CUAL": null}}, {"formId": "c1ajh01kyszt0c88", "recordId": "cl6qu1zeg000wlwnmxci1unf8", "parentRecordId": "csj1fqxkzocbply1e", "fields": {"mes": "2022-07", "colltmgkykvhxgij6": "cw13jl0kylzqu4i43", "rmrp": "Si", "covid": "No", "espacion_apoyo": "No", "poblacion_meta": "Refugiados/as y migrantes", "modalidad_impl": "cmo12q1kykwwosjka", "PR2_02_RM_NA": 15, "PR2_02_RM_NN": 7, "PR2_02_RM_MM": 28, "PR2_02_RM_HH": 25, "PR2_02_RM_OTR": 0, "PR2_02_RM_LGBT": 1, "PR2_02_RM_DS": 3, "PR2_02_CUAL": null}}, {"formId": "c1ajh01kyszt0c88", "recordId": "cl6qu20d1000xlwnm5as49taf", "parentRecordId": "cnyd3jfkzocczuu1g", "fields": {"mes": "2022-07", "colltmgkykvhxgij6": "cw13jl0kylzqu4i43", "rmrp": "Si", "covid": "No", "espacion_apoyo": "No", "poblacion_meta": "Refugiados/as y migrantes", "modalidad_impl": "cmo12q1kykwwosjka", "PR2_02_RM_NA": 136, "PR2_02_RM_NN": 129, "PR2_02_RM_MM": 281, "PR2_02_RM_HH": 148, "PR2_02_RM_OTR": 0, "PR2_02_RM_LGBT": 8, "PR2_02_RM_DS": 16, "PR2_02_CUAL": null}}, {"formId": "c1ajh01kyszt0c88", "recordId": "cl6qu21bs000ylwnmrcevig6h", "parentRecordId": "c271wdukzocem1r1i", "fields": {"mes": "2022-07", "colltmgkykvhxgij6": "cw13jl0kylzqu4i43", "rmrp": "Si", "covid": "No", "espacion_apoyo": "No", "poblacion_meta": "Refugiados/as y migrantes", "modalidad_impl": "cmo12q1kykwwosjka", "PR2_02_RM_NA": 113, "PR2_02_RM_NN": 107, "PR2_02_RM_MM": 212, "PR2_02_RM_HH": 141, "PR2_02_RM_OTR": 0, "PR2_02_RM_LGBT": 6, "PR2_02_RM_DS": 14, "PR2_02_CUAL": null}}, {"formId": "c1ajh01kyszt0c88", "recordId": "cl6qu22ag000zlwnm9tjjrp2g", "parentRecordId": "cr4s040kzocgecw1k", "fields": {"mes": "2022-07", "colltmgkykvhxgij6": "cw13jl0kylzqu4i43", "rmrp": "Si", "covid": "No", "espacion_apoyo": "No", "poblacion_meta": "Refugiados/as y migrantes", "modalidad_impl": "cmo12q1kykwwosjka", "PR2_02_RM_NA": 21, "PR2_02_RM_NN": 41, "PR2_02_RM_MM": 43, "PR2_02_RM_HH": 19, "PR2_02_RM_OTR": 0, "PR2_02_RM_LGBT": 2, "PR2_02_RM_DS": 3, "PR2_02_CUAL": null}}, {"formId": "c1ajh01kyszt0c88", "recordId": "cl6qu239e0010lwnmcf7wx3n5", "parentRecordId": "clnwredkzocirvj1m", "fields": {"mes": "2022-07", "colltmgkykvhxgij6": "cw13jl0kylzqu4i43", "rmrp": "Si", "covid": "No", "espacion_apoyo": "No", "poblacion_meta": "Refugiados/as y migrantes", "modalidad_impl": "cmo12q1kykwwosjka", "PR2_02_RM_NA": 33, "PR2_02_RM_NN": 44, "PR2_02_RM_MM": 54, "PR2_02_RM_HH": 38, "PR2_02_RM_OTR": 0, "PR2_02_RM_LGBT": 2, "PR2_02_RM_DS": 5, "PR2_02_CUAL": null}}, {"formId": "c1ajh01kyszt0c88", "recordId": "cl6qu245v0011lwnmg8ve63gx", "parentRecordId": "cupmm4kzoclae71q", "fields": {"mes": "2022-07", "colltmgkykvhxgij6": "cw13jl0kylzqu4i43", "rmrp": "Si", "covid": "No", "espacion_apoyo": "No", "poblacion_meta": "Refugiados/as y migrantes", "modalidad_impl": "cmo12q1kykwwosjka", "PR2_02_RM_NA": 42, "PR2_02_RM_NN": 55, "PR2_02_RM_MM": 76, "PR2_02_RM_HH": 45, "PR2_02_RM_OTR": 0, "PR2_02_RM_LGBT": 3, "PR2_02_RM_DS": 6, "PR2_02_CUAL": null}}, {"formId": "c1ajh01kyszt0c88", "recordId": "cl6qu25650012lwnmprgjw786", "parentRecordId": "c3ej6fhkzocmrt31s", "fields": {"mes": "2022-07", "colltmgkykvhxgij6": "cw13jl0kylzqu4i43", "rmrp": "Si", "covid": "No", "espacion_apoyo": "No", "poblacion_meta": "Refugiados/as y migrantes", "modalidad_impl": "cmo12q1kykwwosjka", "PR2_02_RM_NA": 126, "PR2_02_RM_NN": 132, "PR2_02_RM_MM": 260, "PR2_02_RM_HH": 187, "PR2_02_RM_OTR": 0, "PR2_02_RM_LGBT": 8, "PR2_02_RM_DS": 17, "PR2_02_CUAL": null}}, {"formId": "c1ajh01kyszt0c88", "recordId": "cl6qu268g0013lwnmak4qye1t", "parentRecordId": "c8g95cmkzocom8v1u", "fields": {"mes": "2022-07", "colltmgkykvhxgij6": "cw13jl0kylzqu4i43", "rmrp": "Si", "covid": "No", "espacion_apoyo": "No", "poblacion_meta": "Refugiados/as y migrantes", "modalidad_impl": "cmo12q1kykwwosjka", "PR2_02_RM_NA": 8, "PR2_02_RM_NN": 7, "PR2_02_RM_MM": 13, "PR2_02_RM_HH": 11, "PR2_02_RM_OTR": 0, "PR2_02_RM_LGBT": 2, "PR2_02_RM_DS": 3, "PR2_02_CUAL": null}}, {"formId": "c1ajh01kyszt0c88", "recordId": "cl6qu27790014lwnmzt0thkgk", "parentRecordId": "ctystyqkzocuqnl20", "fields": {"mes": "2022-07", "colltmgkykvhxgij6": "cw13jl0kylzqu4i43", "rmrp": "Si", "covid": "No", "espacion_apoyo": "No", "poblacion_meta": "Refugiados/as y migrantes", "modalidad_impl": "cmo12q1kykwwosjka", "PR2_02_RM_NA": 77, "PR2_02_RM_NN": 79, "PR2_02_RM_MM": 86, "PR2_02_RM_HH": 74, "PR2_02_RM_OTR": 0, "PR2_02_RM_LGBT": 4, "PR2_02_RM_DS": 8, "PR2_02_CUAL": null}}]}