{"changes": [{"formId": "c4d8wbzkyngr50t3", "recordId": "cl6qu5v97002ulwnmz8rnv2ih", "parentRecordId": "c2krtv6l4acnyqz6", "fields": {"mes": "2022-07", "colltmgkykvhxgij6": "cxjbtsykylzqu4g3u", "rmrp": "Si", "covid": "No", "espacion_apoyo": "Si", "poblacion_meta": ["Refugiados/as y migrantes", "Comunidad de acogida"], "poblacion_meta_freq": "Primera vez", "modalidad_impl": "cmo12q1kykwwosjka", "semilla": "No", "IN5_01_RM_MM_N": 5, "IN5_01_RM_HH_N": 1, "IN5_01_RM_OTR_N": 0, "IN5_01_RM_LGBT_N": 0, "IN5_01_CA_MM_N": 1, "IN5_01_CA_HH_N": 3, "IN5_01_CA_OTR_N": 0, "IN5_01_CA_LGBT_N": 0, "IN5_01_CUAL": "Manta: se culmin\u00f3 el proceso de capacitaci\u00f3n para el modelo de negocio de Electricidad. Se entreg\u00f3 certificado y un kit de herramientas a cada participante.\nPortoviejo: se culmin\u00f3 el proceso de capacitaci\u00f3n para el modelo de negocio de reparaci\u00f3n de celulares. Se entreg\u00f3 certificado y un kit de herramientas a cada participante.,Manta / Portoviejo: A la presente fecha se esta llevando este proceso de manera articulada entre el punto focal de medios de vida de ACNUR Manab\u00ed, HIAS y AVSI, se ha realizado la visita a 7 emprendimientos (4 de la comunidad de inter\u00e9s y de la de acogida) para conocer el producto, etapa de comercializaci\u00f3n, espacios de producci\u00f3n, adicionalmente los beneficiarios han ido avanzando con la realizaci\u00f3n de proformas de algunos productos y herramientas a necesitar para la adecuaci\u00f3n de espacios de producci\u00f3n.\nCuenca: Se visitan adecuaciones de personas que participan en el proceso, est\u00e1n ya con resultados positivos de laboratorio\u00a0 8 beneficiarios, est\u00e1n pendientes dos que regresaron a laboratorio. Algunos de los aprobados est\u00e1n ya ingresando los papeles al ARCSA para ya obtener la notificaci\u00f3n sanitaria.\u00a0Una persona ya cuenta con Notificaci\u00f3n Sanitaria"}}, {"formId": "c4d8wbzkyngr50t3", "recordId": "cl6qu5we1002vlwnmjglhjmhd", "parentRecordId": "cfkoejpl48m17p81g", "fields": {"mes": "2022-07", "colltmgkykvhxgij6": "cxjbtsykylzqu4g3u", "rmrp": "Si", "covid": "No", "espacion_apoyo": "Si", "poblacion_meta": ["Refugiados/as y migrantes", "Comunidad de acogida"], "poblacion_meta_freq": "Primera vez", "modalidad_impl": "cmo12q1kykwwosjka", "semilla": "No", "IN5_01_RM_MM_N": 2, "IN5_01_RM_HH_N": 1, "IN5_01_RM_OTR_N": 0, "IN5_01_RM_LGBT_N": 0, "IN5_01_CA_MM_N": 2, "IN5_01_CA_HH_N": 0, "IN5_01_CA_OTR_N": 0, "IN5_01_CA_LGBT_N": 0, "IN5_01_CUAL": "Se particip\u00f3 en el II Festival del Cuy Urbina 2022"}}, {"formId": "c4d8wbzkyngr50t3", "recordId": "cl6qu5xgs002wlwnmjny32c6x", "parentRecordId": "cawaj1el30zrgz3i", "fields": {"mes": "2022-07", "colltmgkykvhxgij6": "cxjbtsykylzqu4g3u", "rmrp": "Si", "covid": "No", "espacion_apoyo": "Si", "poblacion_meta": ["Refugiados/as y migrantes", "Comunidad de acogida"], "poblacion_meta_freq": "Primera vez", "modalidad_impl": "cmo12q1kykwwosjka", "semilla": "No", "IN5_01_RM_MM_N": 0, "IN5_01_RM_HH_N": 0, "IN5_01_RM_OTR_N": 0, "IN5_01_RM_LGBT_N": 1, "IN5_01_CA_MM_N": 0, "IN5_01_CA_HH_N": 0, "IN5_01_CA_OTR_N": 0, "IN5_01_CA_LGBT_N": 1, "IN5_01_CUAL": "Personas incluidas a grupos de A Ganar en proceso,Pendiente de reporte por falta de desagregaci\u00f3n, se reportara el mes siguiente, es importante mencionar que se realiz\u00f3 un trabajo con do ferias de Emprendimiento en Otavalo e Ibarra con 11 emprendedores 9 de los AG 2022 y 2 del los K-semilla 2021,Personas que recibieron fondos de K-semilla son acompa\u00f1adas ,Nuevos participantes que se suman al AG en Esmeraldas un nuevo grupo, Lago Agrio, Ibarra y Pimampiro suman nuevas personas a los grupos ya existentes "}}, {"formId": "c4d8wbzkyngr50t3", "recordId": "cl6qu5yk6002xlwnmvaqwptfj", "parentRecordId": "c3epqakl1y334dvh", "fields": {"mes": "2022-07", "colltmgkykvhxgij6": "cxjbtsykylzqu4g3u", "rmrp": "Si", "covid": "No", "espacion_apoyo": "Si", "poblacion_meta": ["Refugiados/as y migrantes", "Comunidad de acogida"], "poblacion_meta_freq": "Primera vez", "modalidad_impl": "cmo12q1kykwwosjka", "semilla": "No", "IN5_01_RM_MM_N": 0, "IN5_01_RM_HH_N": 0, "IN5_01_RM_OTR_N": 0, "IN5_01_RM_LGBT_N": 0, "IN5_01_CA_MM_N": 0, "IN5_01_CA_HH_N": 0, "IN5_01_CA_OTR_N": 0, "IN5_01_CA_LGBT_N": 0, "IN5_01_CUAL": "Manta: se culmin\u00f3 el proceso de capacitaci\u00f3n para el modelo de negocio de Electricidad. Se entreg\u00f3 certificado y un kit de herramientas a cada participante.\nPortoviejo: se culmin\u00f3 el proceso de capacitaci\u00f3n para el modelo de negocio de reparaci\u00f3n de celulares. Se entreg\u00f3 certificado y un kit de herramientas a cada participante.,Manta / Portoviejo: A la presente fecha se esta llevando este proceso de manera articulada entre el punto focal de medios de vida de ACNUR Manab\u00ed, HIAS y AVSI, se ha realizado la visita a 7 emprendimientos (4 de la comunidad de inter\u00e9s y de la de acogida) para conocer el producto, etapa de comercializaci\u00f3n, espacios de producci\u00f3n, adicionalmente los beneficiarios han ido avanzando con la realizaci\u00f3n de proformas de algunos productos y herramientas a necesitar para la adecuaci\u00f3n de espacios de producci\u00f3n.\nCuenca: Se visitan adecuaciones de personas que participan en el proceso, est\u00e1n ya con resultados positivos de laboratorio\u00a0 8 beneficiarios, est\u00e1n pendientes dos que regresaron a laboratorio. Algunos de los aprobados est\u00e1n ya ingresando los papeles al ARCSA para ya obtener la notificaci\u00f3n sanitaria.\u00a0Una persona ya cuenta con Notificaci\u00f3n Sanitaria"}}, {"formId": "c4d8wbzkyngr50t3", "recordId": "cl6qu5zqm002ylwnm2vrh44yx", "parentRecordId": "chdd13tl1v0u8hfw", "fields": {"mes": "2022-07", "colltmgkykvhxgij6": "cxjbtsykylzqu4g3u", "rmrp": "Si", "covid": "No", "espacion_apoyo": "Si", "poblacion_meta": ["Refugiados/as y migrantes", "Comunidad de acogida"], "poblacion_meta_freq": "Primera vez", "modalidad_impl": "cmo12q1kykwwosjka", "semilla": "No", "IN5_01_RM_MM_N": 1, "IN5_01_RM_HH_N": 0, "IN5_01_RM_OTR_N": 0, "IN5_01_RM_LGBT_N": 0, "IN5_01_CA_MM_N": 1, "IN5_01_CA_HH_N": 4, "IN5_01_CA_OTR_N": 0, "IN5_01_CA_LGBT_N": 0, "IN5_01_CUAL": "Personas incluidas a grupos de A Ganar en proceso,Pendiente de reporte por falta de desagregaci\u00f3n, se reportara el mes siguiente, es importante mencionar que se realiz\u00f3 un trabajo con do ferias de Emprendimiento en Otavalo e Ibarra con 11 emprendedores 9 de los AG 2022 y 2 del los K-semilla 2021,Personas que recibieron fondos de K-semilla son acompa\u00f1adas ,Nuevos participantes que se suman al AG en Esmeraldas un nuevo grupo, Lago Agrio, Ibarra y Pimampiro suman nuevas personas a los grupos ya existentes "}}, {"formId": "c4d8wbzkyngr50t3", "recordId": "cl6qu60yb002zlwnmd0xiiugr", "parentRecordId": "cpf8s4wl1v0gyags", "fields": {"mes": "2022-07", "colltmgkykvhxgij6": "cxjbtsykylzqu4g3u", "rmrp": "Si", "covid": "No", "espacion_apoyo": "Si", "poblacion_meta": ["Refugiados/as y migrantes", "Comunidad de acogida"], "poblacion_meta_freq": "Primera vez", "modalidad_impl": "cmo12q1kykwwosjka", "semilla": "No", "IN5_01_RM_MM_N": 0, "IN5_01_RM_HH_N": 0, "IN5_01_RM_OTR_N": 0, "IN5_01_RM_LGBT_N": 1, "IN5_01_CA_MM_N": 0, "IN5_01_CA_HH_N": 0, "IN5_01_CA_OTR_N": 0, "IN5_01_CA_LGBT_N": 1, "IN5_01_CUAL": "Personas incluidas a grupos de A Ganar en proceso,Pendiente de reporte por falta de desagregaci\u00f3n, se reportara el mes siguiente, es importante mencionar que se realiz\u00f3 un trabajo con do ferias de Emprendimiento en Otavalo e Ibarra con 11 emprendedores 9 de los AG 2022 y 2 del los K-semilla 2021,Personas que recibieron fondos de K-semilla son acompa\u00f1adas ,Nuevos participantes que se suman al AG en Esmeraldas un nuevo grupo, Lago Agrio, Ibarra y Pimampiro suman nuevas personas a los grupos ya existentes "}}, {"formId": "c4d8wbzkyngr50t3", "recordId": "cl6qu62460030lwnmyjsmyz3c", "parentRecordId": "cb7c9d4l1v0bk1ep", "fields": {"mes": "2022-07", "colltmgkykvhxgij6": "cxjbtsykylzqu4g3u", "rmrp": "Si", "covid": "No", "espacion_apoyo": "Si", "poblacion_meta": ["Refugiados/as y migrantes", "Comunidad de acogida"], "poblacion_meta_freq": "Primera vez", "modalidad_impl": "cmo12q1kykwwosjka", "semilla": "No", "IN5_01_RM_MM_N": 0, "IN5_01_RM_HH_N": 0, "IN5_01_RM_OTR_N": 0, "IN5_01_RM_LGBT_N": 1, "IN5_01_CA_MM_N": 0, "IN5_01_CA_HH_N": 0, "IN5_01_CA_OTR_N": 0, "IN5_01_CA_LGBT_N": 1, "IN5_01_CUAL": "Personas incluidas a grupos de A Ganar en proceso,Pendiente de reporte por falta de desagregaci\u00f3n, se reportara el mes siguiente, es importante mencionar que se realiz\u00f3 un trabajo con do ferias de Emprendimiento en Otavalo e Ibarra con 11 emprendedores 9 de los AG 2022 y 2 del los K-semilla 2021,Personas que recibieron fondos de K-semilla son acompa\u00f1adas ,Nuevos participantes que se suman al AG en Esmeraldas un nuevo grupo, Lago Agrio, Ibarra y Pimampiro suman nuevas personas a los grupos ya existentes "}}, {"formId": "c4d8wbzkyngr50t3", "recordId": "cl6qu63b80031lwnmc1eyv3w7", "parentRecordId": "c6rdmr2l1v0937nn", "fields": {"mes": "2022-07", "colltmgkykvhxgij6": "cxjbtsykylzqu4g3u", "rmrp": "Si", "covid": "No", "espacion_apoyo": "Si", "poblacion_meta": ["Refugiados/as y migrantes", "Comunidad de acogida"], "poblacion_meta_freq": "Primera vez", "modalidad_impl": "cmo12q1kykwwosjka", "semilla": "No", "IN5_01_RM_MM_N": 0, "IN5_01_RM_HH_N": 0, "IN5_01_RM_OTR_N": 0, "IN5_01_RM_LGBT_N": 2, "IN5_01_CA_MM_N": 0, "IN5_01_CA_HH_N": 0, "IN5_01_CA_OTR_N": 0, "IN5_01_CA_LGBT_N": 1, "IN5_01_CUAL": "Personas incluidas a grupos de A Ganar en proceso,Pendiente de reporte por falta de desagregaci\u00f3n, se reportara el mes siguiente, es importante mencionar que se realiz\u00f3 un trabajo con do ferias de Emprendimiento en Otavalo e Ibarra con 11 emprendedores 9 de los AG 2022 y 2 del los K-semilla 2021,Personas que recibieron fondos de K-semilla son acompa\u00f1adas ,Nuevos participantes que se suman al AG en Esmeraldas un nuevo grupo, Lago Agrio, Ibarra y Pimampiro suman nuevas personas a los grupos ya existentes "}}, {"formId": "c4d8wbzkyngr50t3", "recordId": "cl6qu64mf0032lwnmjqk6tlgn", "parentRecordId": "c9gaaznl0smd48u2", "fields": {"mes": "2022-07", "colltmgkykvhxgij6": "cxjbtsykylzqu4g3u", "rmrp": "Si", "covid": "No", "espacion_apoyo": "Si", "poblacion_meta": ["Refugiados/as y migrantes", "Comunidad de acogida"], "poblacion_meta_freq": "Primera vez", "modalidad_impl": "cmo12q1kykwwosjka", "semilla": "No", "IN5_01_RM_MM_N": 3, "IN5_01_RM_HH_N": 0, "IN5_01_RM_OTR_N": 0, "IN5_01_RM_LGBT_N": 0, "IN5_01_CA_MM_N": 2, "IN5_01_CA_HH_N": 1, "IN5_01_CA_OTR_N": 0, "IN5_01_CA_LGBT_N": 0, "IN5_01_CUAL": "Personas incluidas a grupos de A Ganar en proceso,Pendiente de reporte por falta de desagregaci\u00f3n, se reportara el mes siguiente, es importante mencionar que se realiz\u00f3 un trabajo con do ferias de Emprendimiento en Otavalo e Ibarra con 11 emprendedores 9 de los AG 2022 y 2 del los K-semilla 2021,Personas que recibieron fondos de K-semilla son acompa\u00f1adas ,Nuevos participantes que se suman al AG en Esmeraldas un nuevo grupo, Lago Agrio, Ibarra y Pimampiro suman nuevas personas a los grupos ya existentes "}}]}