{"changes": [{"formId": "csjlz2gkytar1k12", "recordId": "cl5q96ew4000090nmraxuq7dq", "parentRecordId": null, "fields": {"cqes12jkykah3la9": "40038", "org_user": "cc9fjcdkyyk18oj6", "implementacion": "c89eykqkykc8oig1b", "donante": "chgxs46l02wy5i81e", "implementador": "cdm5l3bl02wz7lk3g", "ubicacion": "z2147278484"}}, {"formId": "csjlz2gkytar1k12", "recordId": "cl5q96ew4000190nm6pdfc3mu", "parentRecordId": null, "fields": {"cqes12jkykah3la9": "40038", "org_user": "cc9fjcdkyyk18oj6", "implementacion": "c89eykqkykc8oig1b", "donante": "chgxs46l02wy5i81e", "implementador": "cdm5l3bl02wz7lk3g", "ubicacion": "z2147278482"}}, {"formId": "csjlz2gkytar1k12", "recordId": "cl5q96ew4000290nmvlj976si", "parentRecordId": null, "fields": {"cqes12jkykah3la9": "40038", "org_user": "cc9fjcdkyyk18oj6", "implementacion": "c89eykqkykc8oig1b", "donante": "chgxs46l02wy5i81e", "implementador": "cyf42nl02wz7lk3t", "ubicacion": "z2147278520"}}, {"formId": "csjlz2gkytar1k12", "recordId": "cl5q96ew4000390nm5rbakpvs", "parentRecordId": null, "fields": {"cqes12jkykah3la9": "40038", "org_user": "cc9fjcdkyyk18oj6", "implementacion": "c89eykqkykc8oig1b", "donante": "chgxs46l02wy5i81e", "implementador": "cyf42nl02wz7lk3t", "ubicacion": "z2147278612"}}, {"formId": "csjlz2gkytar1k12", "recordId": "cl5q96ew4000490nmjwsssehw", "parentRecordId": null, "fields": {"cqes12jkykah3la9": "40038", "org_user": "cc9fjcdkyyk18oj6", "implementacion": "c89eykqkykc8oig1b", "donante": "chgxs46l02wy5i81e", "implementador": "cyf42nl02wz7lk3t", "ubicacion": "z2147278493"}}, {"formId": "csjlz2gkytar1k12", "recordId": "cl5q96ew4000590nmuhfkwzcv", "parentRecordId": null, "fields": {"cqes12jkykah3la9": "40038", "org_user": "cc9fjcdkyyk18oj6", "implementacion": "c89eykqkykc8oig1b", "donante": "chgxs46l02wy5i81e", "implementador": "cdo7phbl02wz7lk40", "ubicacion": "z2147278451"}}, {"formId": "csjlz2gkytar1k12", "recordId": "cl5q96ew4000690nmry60u50v", "parentRecordId": null, "fields": {"cqes12jkykah3la9": "40038", "org_user": "cc9fjcdkyyk18oj6", "implementacion": "c89eykqkykc8oig1b", "donante": "chgxs46l02wy5i81e", "implementador": "cdo7phbl02wz7lk40", "ubicacion": "z2147278619"}}, {"formId": "csjlz2gkytar1k12", "recordId": "cl5q96ew4000790nmzfjxv73e", "parentRecordId": null, "fields": {"cqes12jkykah3la9": "40038", "org_user": "cc9fjcdkyyk18oj6", "implementacion": "c89eykqkykc8oig1b", "donante": "chgxs46l02wy5i81e", "implementador": "cdo7phbl02wz7lk40", "ubicacion": "z2147278484"}}, {"formId": "csjlz2gkytar1k12", "recordId": "cl5q96ew4000890nm7n555m45", "parentRecordId": null, "fields": {"cqes12jkykah3la9": "40038", "org_user": "cc9fjcdkyyk18oj6", "implementacion": "c89eykqkykc8oig1b", "donante": "chgxs46l02wy5i81e", "implementador": "cdo7phbl02wz7lk40", "ubicacion": "z2147278468"}}, {"formId": "csjlz2gkytar1k12", "recordId": "cl5q96ew4000990nme60otp4q", "parentRecordId": null, "fields": {"cqes12jkykah3la9": "40038", "org_user": "cc9fjcdkyyk18oj6", "implementacion": "c89eykqkykc8oig1b", "donante": "chgxs46l02wy5i81e", "implementador": "cdo7phbl02wz7lk40", "ubicacion": "z2147278482"}}, {"formId": "csjlz2gkytar1k12", "recordId": "cl5q96ew5000a90nmgfaa65tj", "parentRecordId": null, "fields": {"cqes12jkykah3la9": "40038", "org_user": "cc9fjcdkyyk18oj6", "implementacion": "c89eykqkykc8oig1b", "donante": "chgxs46l02wy5i81e", "implementador": "cdo7phbl02wz7lk40", "ubicacion": "z2147278485"}}, {"formId": "csjlz2gkytar1k12", "recordId": "cl5q96ew5000b90nmkwv1ckri", "parentRecordId": null, "fields": {"cqes12jkykah3la9": "40038", "org_user": "cc9fjcdkyyk18oj6", "implementacion": "c89eykqkykc8oig1b", "donante": "chgxs46l02wy5i81e", "implementador": "cdo7phbl02wz7lk40", "ubicacion": "z2147278572"}}, {"formId": "csjlz2gkytar1k12", "recordId": "cl5q96ew5000c90nmyu295t2z", "parentRecordId": null, "fields": {"cqes12jkykah3la9": "40038", "org_user": "cc9fjcdkyyk18oj6", "implementacion": "c89eykqkykc8oig1b", "donante": "chgxs46l02wy5i81e", "implementador": "cdo7phbl02wz7lk40", "ubicacion": "z2147278409"}}, {"formId": "csjlz2gkytar1k12", "recordId": "cl5q96ew5000d90nm0ksdwoo2", "parentRecordId": null, "fields": {"cqes12jkykah3la9": "40038", "org_user": "cc9fjcdkyyk18oj6", "implementacion": "c89eykqkykc8oig1b", "donante": "chgxs46l02wy5i81e", "implementador": "cdo7phbl02wz7lk40", "ubicacion": "z2147278497"}}, {"formId": "csjlz2gkytar1k12", "recordId": "cl5q96ew5000e90nm94t8uyvn", "parentRecordId": null, "fields": {"cqes12jkykah3la9": "40038", "org_user": "cc9fjcdkyyk18oj6", "implementacion": "c89eykqkykc8oig1b", "donante": "chgxs46l02wy5i81e", "implementador": "cdo7phbl02wz7lk40", "ubicacion": "z2147278531"}}, {"formId": "csjlz2gkytar1k12", "recordId": "cl5q96ew5000f90nmjq0vzpwm", "parentRecordId": null, "fields": {"cqes12jkykah3la9": "40038", "org_user": "cc9fjcdkyyk18oj6", "implementacion": "c89eykqkykc8oig1b", "donante": "chgxs46l02wy5i81e", "implementador": "cdo7phbl02wz7lk40", "ubicacion": "z2147278601"}}, {"formId": "csjlz2gkytar1k12", "recordId": "cl5q96ew5000g90nmjesn5ihv", "parentRecordId": null, "fields": {"cqes12jkykah3la9": "40038", "org_user": "cc9fjcdkyyk18oj6", "implementacion": "c89eykqkykc8oig1b", "donante": "chgxs46l02wy5i81e", "implementador": "cxwq6z7l02wz7lj2h", "ubicacion": "z2147278558"}}, {"formId": "csjlz2gkytar1k12", "recordId": "cl5q96ew5000h90nmf78vnsrc", "parentRecordId": null, "fields": {"cqes12jkykah3la9": "40038", "org_user": "cc9fjcdkyyk18oj6", "implementacion": "c89eykqkykc8oig1b", "donante": "chgxs46l02wy5i81e", "implementador": "cxwq6z7l02wz7lj2h", "ubicacion": "z2147278510"}}, {"formId": "csjlz2gkytar1k12", "recordId": "cl5q96ew5000i90nmy1ubrhua", "parentRecordId": null, "fields": {"cqes12jkykah3la9": "40038", "org_user": "cc9fjcdkyyk18oj6", "implementacion": "c89eykqkykc8oig1b", "donante": "chgxs46l02wy5i81e", "implementador": "cxwq6z7l02wz7lj2h", "ubicacion": "z2147278547"}}, {"formId": "csjlz2gkytar1k12", "recordId": "cl5q96ew5000j90nmwp3ed5hz", "parentRecordId": null, "fields": {"cqes12jkykah3la9": "40038", "org_user": "cc9fjcdkyyk18oj6", "implementacion": "c89eykqkykc8oig1b", "donante": "chgxs46l02wy5i81e", "implementador": "cxwq6z7l02wz7lj2h", "ubicacion": "z2147278572"}}, {"formId": "csjlz2gkytar1k12", "recordId": "cl5q96ew5000k90nm0ep2xd2u", "parentRecordId": null, "fields": {"cqes12jkykah3la9": "40038", "org_user": "cc9fjcdkyyk18oj6", "implementacion": "c89eykqkykc8oig1b", "donante": "chgxs46l02wy5i81e", "implementador": "cxwq6z7l02wz7lj2h", "ubicacion": "z2147278409"}}, {"formId": "csjlz2gkytar1k12", "recordId": "cl5q96ew5000l90nmthb5mpbo", "parentRecordId": null, "fields": {"cqes12jkykah3la9": "40038", "org_user": "cc9fjcdkyyk18oj6", "implementacion": "c89eykqkykc8oig1b", "donante": "chgxs46l02wy5i81e", "implementador": "cxwq6z7l02wz7lj2h", "ubicacion": "z2147278601"}}, {"formId": "c37r4mxkyngr50t2", "recordId": "cl5q96ew5000m90nmyd45g7il", "parentRecordId": null, "fields": {"cqes12jkykah3la9": "40038", "org_user": "cc9fjcdkyyk18oj6", "implementacion": "c89eykqkykc8oig1b", "donante": "chgxs46l02wy5i81e", "implementador": "c327ep8l02wz7lj1y", "ubicacion": "z2147278508"}}, {"formId": "c37r4mxkyngr50t2", "recordId": "cl5q96ew5000n90nmoonci07s", "parentRecordId": null, "fields": {"cqes12jkykah3la9": "40038", "org_user": "cc9fjcdkyyk18oj6", "implementacion": "c89eykqkykc8oig1b", "donante": "chgxs46l02wy5i81e", "implementador": null, "ubicacion": "z2147278482"}}, {"formId": "c37r4mxkyngr50t2", "recordId": "cl5q96ew5000o90nmx3v08c91", "parentRecordId": null, "fields": {"cqes12jkykah3la9": "40038", "org_user": "cc9fjcdkyyk18oj6", "implementacion": "c89eykqkykc8oig1b", "donante": "chgxs46l02wy5i81e", "implementador": null, "ubicacion": "z2147278409"}}, {"formId": "c37r4mxkyngr50t2", "recordId": "cl5q96ew6000p90nm8zsuf9cp", "parentRecordId": null, "fields": {"cqes12jkykah3la9": "40038", "org_user": "cc9fjcdkyyk18oj6", "implementacion": "c89eykqkykc8oig1b", "donante": "chgxs46l02wy5i81e", "implementador": null, "ubicacion": "z2147278422"}}, {"formId": "c37r4mxkyngr50t2", "recordId": "cl5q96ew6000q90nmt6btwabk", "parentRecordId": null, "fields": {"cqes12jkykah3la9": "40038", "org_user": "cc9fjcdkyyk18oj6", "implementacion": "c89eykqkykc8oig1b", "donante": "chgxs46l02wy5i81e", "implementador": null, "ubicacion": "z2147278590"}}, {"formId": "c37r4mxkyngr50t2", "recordId": "cl5q96ew6000r90nmhrctkxl7", "parentRecordId": null, "fields": {"cqes12jkykah3la9": "40038", "org_user": "cc9fjcdkyyk18oj6", "implementacion": "c89eykqkykc8oig1b", "donante": "chgxs46l02wy5i81e", "implementador": "c4yttfl02wz7lk3x", "ubicacion": "z2147278572"}}, {"formId": "c37r4mxkyngr50t2", "recordId": "cl5q96ew6000s90nmmlk4omv6", "parentRecordId": null, "fields": {"cqes12jkykah3la9": "40038", "org_user": "cc9fjcdkyyk18oj6", "implementacion": "c89eykqkykc8oig1b", "donante": "chgxs46l02wy5i81e", "implementador": "cirz10l02wz7lj25", "ubicacion": "z2147278451"}}, {"formId": "c37r4mxkyngr50t2", "recordId": "cl5q96ew6000t90nmxfe7q6j4", "parentRecordId": null, "fields": {"cqes12jkykah3la9": "40038", "org_user": "cc9fjcdkyyk18oj6", "implementacion": "c89eykqkykc8oig1b", "donante": "chgxs46l02wy5i81e", "implementador": "cyf42nl02wz7lk3t", "ubicacion": "z2147278520"}}, {"formId": "c37r4mxkyngr50t2", "recordId": "cl5q96ew6000u90nmkt6okjy0", "parentRecordId": null, "fields": {"cqes12jkykah3la9": "40038", "org_user": "cc9fjcdkyyk18oj6", "implementacion": "c89eykqkykc8oig1b", "donante": "chgxs46l02wy5i81e", "implementador": "cyf42nl02wz7lk3t", "ubicacion": "z2147278409"}}, {"formId": "c37r4mxkyngr50t2", "recordId": "cl5q96ew6000v90nmfh2perrj", "parentRecordId": null, "fields": {"cqes12jkykah3la9": "40038", "org_user": "cc9fjcdkyyk18oj6", "implementacion": "c89eykqkykc8oig1b", "donante": "chgxs46l02wy5i81e", "implementador": "cyf42nl02wz7lk3t", "ubicacion": "z2147278564"}}, {"formId": "c37r4mxkyngr50t2", "recordId": "cl5q96ew6000w90nm5vhgg9b5", "parentRecordId": null, "fields": {"cqes12jkykah3la9": "40038", "org_user": "cc9fjcdkyyk18oj6", "implementacion": "c89eykqkykc8oig1b", "donante": "chgxs46l02wy5i81e", "implementador": "cyf42nl02wz7lk3t", "ubicacion": "z2147278612"}}, {"formId": "c37r4mxkyngr50t2", "recordId": "cl5q96ew6000x90nmon01wptf", "parentRecordId": null, "fields": {"cqes12jkykah3la9": "40038", "org_user": "cc9fjcdkyyk18oj6", "implementacion": "c89eykqkykc8oig1b", "donante": "chgxs46l02wy5i81e", "implementador": "cyf42nl02wz7lk3t", "ubicacion": "z2147278531"}}, {"formId": "c37r4mxkyngr50t2", "recordId": "cl5q96ew6000y90nmyoelhi2u", "parentRecordId": null, "fields": {"cqes12jkykah3la9": "40038", "org_user": "cc9fjcdkyyk18oj6", "implementacion": "c89eykqkykc8oig1b", "donante": "chgxs46l02wy5i81e", "implementador": "cyf42nl02wz7lk3t", "ubicacion": "z2147278493"}}, {"formId": "c37r4mxkyngr50t2", "recordId": "cl5q96ew6000z90nmuiihmhzk", "parentRecordId": null, "fields": {"cqes12jkykah3la9": "40038", "org_user": "cc9fjcdkyyk18oj6", "implementacion": "c89eykqkykc8oig1b", "donante": "chgxs46l02wy5i81e", "implementador": "cdo7phbl02wz7lk40", "ubicacion": "z2147278451"}}, {"formId": "c37r4mxkyngr50t2", "recordId": "cl5q96ew6001090nmgnwsth8s", "parentRecordId": null, "fields": {"cqes12jkykah3la9": "40038", "org_user": "cc9fjcdkyyk18oj6", "implementacion": "c89eykqkykc8oig1b", "donante": "chgxs46l02wy5i81e", "implementador": "cdo7phbl02wz7lk40", "ubicacion": "z2147278484"}}, {"formId": "c37r4mxkyngr50t2", "recordId": "cl5q96ew6001190nm0cgc0k8c", "parentRecordId": null, "fields": {"cqes12jkykah3la9": "40038", "org_user": "cc9fjcdkyyk18oj6", "implementacion": "c89eykqkykc8oig1b", "donante": "chgxs46l02wy5i81e", "implementador": "cdo7phbl02wz7lk40", "ubicacion": "z2147278572"}}, {"formId": "c37r4mxkyngr50t2", "recordId": "cl5q96ew6001290nmbnukqt8m", "parentRecordId": null, "fields": {"cqes12jkykah3la9": "40038", "org_user": "cc9fjcdkyyk18oj6", "implementacion": "c89eykqkykc8oig1b", "donante": "chgxs46l02wy5i81e", "implementador": "cdo7phbl02wz7lk40", "ubicacion": "z2147278409"}}, {"formId": "c37r4mxkyngr50t2", "recordId": "cl5q96ew6001390nmlksouy0m", "parentRecordId": null, "fields": {"cqes12jkykah3la9": "40038", "org_user": "cc9fjcdkyyk18oj6", "implementacion": "c89eykqkykc8oig1b", "donante": "chgxs46l02wy5i81e", "implementador": "cdo7phbl02wz7lk40", "ubicacion": "z2147278531"}}, {"formId": "c37r4mxkyngr50t2", "recordId": "cl5q96ew6001490nmwx9wqf6c", "parentRecordId": null, "fields": {"cqes12jkykah3la9": "40038", "org_user": "cc9fjcdkyyk18oj6", "implementacion": "c89eykqkykc8oig1b", "donante": "chgxs46l02wy5i81e", "implementador": "cdo7phbl02wz7lk40", "ubicacion": "z2147278601"}}, {"formId": "c37r4mxkyngr50t2", "recordId": "cl5q96ew7001590nmx7e3sgw4", "parentRecordId": null, "fields": {"cqes12jkykah3la9": "40038", "org_user": "cc9fjcdkyyk18oj6", "implementacion": "c89eykqkykc8oig1b", "donante": "chgxs46l02wy5i81e", "implementador": "ce7axi1l02wz7lj2b", "ubicacion": "z2147278572"}}, {"formId": "c81oy76kysumtk34", "recordId": "cl5q96ew7001690nm406037tz", "parentRecordId": null, "fields": {"cqes12jkykah3la9": "40038", "org_user": "cc9fjcdkyyk18oj6", "implementacion": "c89eykqkykc8oig1b", "donante": "chgxs46l02wy5i81e", "implementador": "cawdyrwl02wz7lk36", "ubicacion": "z2147278484"}}, {"formId": "c81oy76kysumtk34", "recordId": "cl5q96ew7001790nmsvunj5od", "parentRecordId": null, "fields": {"cqes12jkykah3la9": "40038", "org_user": "cc9fjcdkyyk18oj6", "implementacion": "c89eykqkykc8oig1b", "donante": "chgxs46l02wy5i81e", "implementador": "c1l9tb4l02wz7lj21", "ubicacion": "z2147278619"}}, {"formId": "c81oy76kysumtk34", "recordId": "cl5q96ew7001890nm3aoz8cxy", "parentRecordId": null, "fields": {"cqes12jkykah3la9": "40038", "org_user": "cc9fjcdkyyk18oj6", "implementacion": "c89eykqkykc8oig1b", "donante": "chgxs46l02wy5i81e", "implementador": "c1l9tb4l02wz7lj21", "ubicacion": "z2147278482"}}, {"formId": "c81oy76kysumtk34", "recordId": "cl5q96ew7001990nmwq17nnvh", "parentRecordId": null, "fields": {"cqes12jkykah3la9": "40038", "org_user": "cc9fjcdkyyk18oj6", "implementacion": "c89eykqkykc8oig1b", "donante": "chgxs46l02wy5i81e", "implementador": "c1l9tb4l02wz7lj21", "ubicacion": "z2147278485"}}, {"formId": "c81oy76kysumtk34", "recordId": "cl5q96ew7001a90nmzk786oa8", "parentRecordId": null, "fields": {"cqes12jkykah3la9": "40038", "org_user": "cc9fjcdkyyk18oj6", "implementacion": "c89eykqkykc8oig1b", "donante": "chgxs46l02wy5i81e", "implementador": "c1l9tb4l02wz7lj21", "ubicacion": "z2147278558"}}, {"formId": "c81oy76kysumtk34", "recordId": "cl5q96ew7001b90nmnpskqdwv", "parentRecordId": null, "fields": {"cqes12jkykah3la9": "40038", "org_user": "cc9fjcdkyyk18oj6", "implementacion": "c89eykqkykc8oig1b", "donante": "chgxs46l02wy5i81e", "implementador": "c1l9tb4l02wz7lj21", "ubicacion": "z2147278572"}}, {"formId": "c81oy76kysumtk34", "recordId": "cl5q96ew7001c90nmqh52ftxs", "parentRecordId": null, "fields": {"cqes12jkykah3la9": "40038", "org_user": "cc9fjcdkyyk18oj6", "implementacion": "c89eykqkykc8oig1b", "donante": "chgxs46l02wy5i81e", "implementador": "cyf42nl02wz7lk3t", "ubicacion": "z2147278619"}}, {"formId": "c81oy76kysumtk34", "recordId": "cl5q96ew7001d90nmvamjuwdd", "parentRecordId": null, "fields": {"cqes12jkykah3la9": "40038", "org_user": "cc9fjcdkyyk18oj6", "implementacion": "c89eykqkykc8oig1b", "donante": "chgxs46l02wy5i81e", "implementador": "cyf42nl02wz7lk3t", "ubicacion": "z2147278520"}}, {"formId": "c81oy76kysumtk34", "recordId": "cl5q96ew7001e90nm7eeuw3mo", "parentRecordId": null, "fields": {"cqes12jkykah3la9": "40038", "org_user": "cc9fjcdkyyk18oj6", "implementacion": "c89eykqkykc8oig1b", "donante": "chgxs46l02wy5i81e", "implementador": "cyf42nl02wz7lk3t", "ubicacion": "z2147278589"}}, {"formId": "c81oy76kysumtk34", "recordId": "cl5q96ew7001f90nms84xqggd", "parentRecordId": null, "fields": {"cqes12jkykah3la9": "40038", "org_user": "cc9fjcdkyyk18oj6", "implementacion": "c89eykqkykc8oig1b", "donante": "chgxs46l02wy5i81e", "implementador": "cyf42nl02wz7lk3t", "ubicacion": "z2147278468"}}, {"formId": "c81oy76kysumtk34", "recordId": "cl5q96ew7001g90nmr7j3a3sp", "parentRecordId": null, "fields": {"cqes12jkykah3la9": "40038", "org_user": "cc9fjcdkyyk18oj6", "implementacion": "c89eykqkykc8oig1b", "donante": "chgxs46l02wy5i81e", "implementador": "cyf42nl02wz7lk3t", "ubicacion": "z2147278485"}}, {"formId": "c81oy76kysumtk34", "recordId": "cl5q96ew7001h90nmbbzpluuh", "parentRecordId": null, "fields": {"cqes12jkykah3la9": "40038", "org_user": "cc9fjcdkyyk18oj6", "implementacion": "c89eykqkykc8oig1b", "donante": "chgxs46l02wy5i81e", "implementador": "cyf42nl02wz7lk3t", "ubicacion": "z2147278532"}}, {"formId": "c81oy76kysumtk34", "recordId": "cl5q96ew8001i90nmpzxogrz0", "parentRecordId": null, "fields": {"cqes12jkykah3la9": "40038", "org_user": "cc9fjcdkyyk18oj6", "implementacion": "c89eykqkykc8oig1b", "donante": "chgxs46l02wy5i81e", "implementador": "cyf42nl02wz7lk3t", "ubicacion": "z2147278553"}}, {"formId": "c81oy76kysumtk34", "recordId": "cl5q96ew8001j90nm6oiky1xx", "parentRecordId": null, "fields": {"cqes12jkykah3la9": "40038", "org_user": "cc9fjcdkyyk18oj6", "implementacion": "c89eykqkykc8oig1b", "donante": "chgxs46l02wy5i81e", "implementador": "cyf42nl02wz7lk3t", "ubicacion": "z2147278572"}}, {"formId": "c81oy76kysumtk34", "recordId": "cl5q96ew8001k90nm0he2k8sj", "parentRecordId": null, "fields": {"cqes12jkykah3la9": "40038", "org_user": "cc9fjcdkyyk18oj6", "implementacion": "c89eykqkykc8oig1b", "donante": "chgxs46l02wy5i81e", "implementador": "cyf42nl02wz7lk3t", "ubicacion": "z2147278409"}}, {"formId": "c81oy76kysumtk34", "recordId": "cl5q96ew8001l90nmo4o20wua", "parentRecordId": null, "fields": {"cqes12jkykah3la9": "40038", "org_user": "cc9fjcdkyyk18oj6", "implementacion": "c89eykqkykc8oig1b", "donante": "chgxs46l02wy5i81e", "implementador": "cyf42nl02wz7lk3t", "ubicacion": "z2147278497"}}, {"formId": "c81oy76kysumtk34", "recordId": "cl5q96ew8001m90nmi3ypicv1", "parentRecordId": null, "fields": {"cqes12jkykah3la9": "40038", "org_user": "cc9fjcdkyyk18oj6", "implementacion": "c89eykqkykc8oig1b", "donante": "chgxs46l02wy5i81e", "implementador": "cyf42nl02wz7lk3t", "ubicacion": "z2147278564"}}, {"formId": "c81oy76kysumtk34", "recordId": "cl5q96ew8001n90nm801j8mvs", "parentRecordId": null, "fields": {"cqes12jkykah3la9": "40038", "org_user": "cc9fjcdkyyk18oj6", "implementacion": "c89eykqkykc8oig1b", "donante": "chgxs46l02wy5i81e", "implementador": "cyf42nl02wz7lk3t", "ubicacion": "z2147278612"}}, {"formId": "c81oy76kysumtk34", "recordId": "cl5q96ew8001o90nmh2q4ey3e", "parentRecordId": null, "fields": {"cqes12jkykah3la9": "40038", "org_user": "cc9fjcdkyyk18oj6", "implementacion": "c89eykqkykc8oig1b", "donante": "chgxs46l02wy5i81e", "implementador": "cyf42nl02wz7lk3t", "ubicacion": "z2147278531"}}, {"formId": "c81oy76kysumtk34", "recordId": "cl5q96ew8001p90nmbxzuykay", "parentRecordId": null, "fields": {"cqes12jkykah3la9": "40038", "org_user": "cc9fjcdkyyk18oj6", "implementacion": "c89eykqkykc8oig1b", "donante": "chgxs46l02wy5i81e", "implementador": "cyf42nl02wz7lk3t", "ubicacion": "z2147278493"}}, {"formId": "c81oy76kysumtk34", "recordId": "cl5q96ew8001q90nmmgclnsoa", "parentRecordId": null, "fields": {"cqes12jkykah3la9": "40038", "org_user": "cc9fjcdkyyk18oj6", "implementacion": "c89eykqkykc8oig1b", "donante": "chgxs46l02wy5i81e", "implementador": "cyf42nl02wz7lk3t", "ubicacion": "z2147278601"}}, {"formId": "c81oy76kysumtk34", "recordId": "cl5q96ew8001r90nmvoim8g3e", "parentRecordId": null, "fields": {"cqes12jkykah3la9": "40038", "org_user": "cc9fjcdkyyk18oj6", "implementacion": "c89eykqkykc8oig1b", "donante": "chgxs46l02wy5i81e", "implementador": "cdo7phbl02wz7lk40", "ubicacion": "z2147278482"}}, {"formId": "c81oy76kysumtk34", "recordId": "cl5q96ew8001s90nmrqu2cyp7", "parentRecordId": null, "fields": {"cqes12jkykah3la9": "40038", "org_user": "cc9fjcdkyyk18oj6", "implementacion": "c89eykqkykc8oig1b", "donante": "chgxs46l02wy5i81e", "implementador": "cdo7phbl02wz7lk40", "ubicacion": "z2147278497"}}, {"formId": "c81oy76kysumtk34", "recordId": "cl5q96ew8001t90nm9cx0s0bg", "parentRecordId": null, "fields": {"cqes12jkykah3la9": "40038", "org_user": "cc9fjcdkyyk18oj6", "implementacion": "c89eykqkykc8oig1b", "donante": "chgxs46l02wy5i81e", "implementador": "cdo7phbl02wz7lk40", "ubicacion": "z2147278531"}}, {"formId": "co4zllfkyszt0c87", "recordId": "cl5q96ew8001u90nm9igaonqo", "parentRecordId": null, "fields": {"cqes12jkykah3la9": "40038", "org_user": "cc9fjcdkyyk18oj6", "implementacion": "c89eykqkykc8oig1b", "donante": "chgxs46l02wy5i81e", "implementador": "cdm5l3bl02wz7lk3g", "ubicacion": "z2147278482"}}, {"formId": "co4zllfkyszt0c87", "recordId": "cl5q96ew8001v90nmsaay32kx", "parentRecordId": null, "fields": {"cqes12jkykah3la9": "40038", "org_user": "cc9fjcdkyyk18oj6", "implementacion": "c89eykqkykc8oig1b", "donante": "chgxs46l02wy5i81e", "implementador": "c327ep8l02wz7lj1y", "ubicacion": "z2147278508"}}, {"formId": "co4zllfkyszt0c87", "recordId": "cl5q96ew9001w90nmxdmtlkxb", "parentRecordId": null, "fields": {"cqes12jkykah3la9": "40038", "org_user": "cc9fjcdkyyk18oj6", "implementacion": "c89eykqkykc8oig1b", "donante": "chgxs46l02wy5i81e", "implementador": "cirz10l02wz7lj25", "ubicacion": "z2147278451"}}, {"formId": "co4zllfkyszt0c87", "recordId": "cl5q96ew9001x90nmrkqxx1ra", "parentRecordId": null, "fields": {"cqes12jkykah3la9": "40038", "org_user": "cc9fjcdkyyk18oj6", "implementacion": "c89eykqkykc8oig1b", "donante": "chgxs46l02wy5i81e", "implementador": "cyf42nl02wz7lk3t", "ubicacion": "z2147278619"}}, {"formId": "co4zllfkyszt0c87", "recordId": "cl5q96ew9001y90nmio5tyza2", "parentRecordId": null, "fields": {"cqes12jkykah3la9": "40038", "org_user": "cc9fjcdkyyk18oj6", "implementacion": "c89eykqkykc8oig1b", "donante": "chgxs46l02wy5i81e", "implementador": "cyf42nl02wz7lk3t", "ubicacion": "z2147278520"}}, {"formId": "co4zllfkyszt0c87", "recordId": "cl5q96ew9001z90nmnveaoeik", "parentRecordId": null, "fields": {"cqes12jkykah3la9": "40038", "org_user": "cc9fjcdkyyk18oj6", "implementacion": "c89eykqkykc8oig1b", "donante": "chgxs46l02wy5i81e", "implementador": "cyf42nl02wz7lk3t", "ubicacion": "z2147278589"}}, {"formId": "co4zllfkyszt0c87", "recordId": "cl5q96ew9002090nmvlglccet", "parentRecordId": null, "fields": {"cqes12jkykah3la9": "40038", "org_user": "cc9fjcdkyyk18oj6", "implementacion": "c89eykqkykc8oig1b", "donante": "chgxs46l02wy5i81e", "implementador": "cyf42nl02wz7lk3t", "ubicacion": "z2147278468"}}, {"formId": "co4zllfkyszt0c87", "recordId": "cl5q96ew9002190nmkmogkdwd", "parentRecordId": null, "fields": {"cqes12jkykah3la9": "40038", "org_user": "cc9fjcdkyyk18oj6", "implementacion": "c89eykqkykc8oig1b", "donante": "chgxs46l02wy5i81e", "implementador": "cyf42nl02wz7lk3t", "ubicacion": "z2147278485"}}, {"formId": "co4zllfkyszt0c87", "recordId": "cl5q96ew9002290nmmlpbvuhl", "parentRecordId": null, "fields": {"cqes12jkykah3la9": "40038", "org_user": "cc9fjcdkyyk18oj6", "implementacion": "c89eykqkykc8oig1b", "donante": "chgxs46l02wy5i81e", "implementador": "cyf42nl02wz7lk3t", "ubicacion": "z2147278532"}}, {"formId": "co4zllfkyszt0c87", "recordId": "cl5q96ew9002390nme5fmempx", "parentRecordId": null, "fields": {"cqes12jkykah3la9": "40038", "org_user": "cc9fjcdkyyk18oj6", "implementacion": "c89eykqkykc8oig1b", "donante": "chgxs46l02wy5i81e", "implementador": "cyf42nl02wz7lk3t", "ubicacion": "z2147278553"}}, {"formId": "co4zllfkyszt0c87", "recordId": "cl5q96ew9002490nm316qlex2", "parentRecordId": null, "fields": {"cqes12jkykah3la9": "40038", "org_user": "cc9fjcdkyyk18oj6", "implementacion": "c89eykqkykc8oig1b", "donante": "chgxs46l02wy5i81e", "implementador": "cyf42nl02wz7lk3t", "ubicacion": "z2147278572"}}, {"formId": "co4zllfkyszt0c87", "recordId": "cl5q96ew9002590nmwnfzqvwo", "parentRecordId": null, "fields": {"cqes12jkykah3la9": "40038", "org_user": "cc9fjcdkyyk18oj6", "implementacion": "c89eykqkykc8oig1b", "donante": "chgxs46l02wy5i81e", "implementador": "cyf42nl02wz7lk3t", "ubicacion": "z2147278409"}}, {"formId": "co4zllfkyszt0c87", "recordId": "cl5q96ew9002690nmrlu73qa6", "parentRecordId": null, "fields": {"cqes12jkykah3la9": "40038", "org_user": "cc9fjcdkyyk18oj6", "implementacion": "c89eykqkykc8oig1b", "donante": "chgxs46l02wy5i81e", "implementador": "cyf42nl02wz7lk3t", "ubicacion": "z2147278497"}}, {"formId": "co4zllfkyszt0c87", "recordId": "cl5q96ew9002790nmcceebhu8", "parentRecordId": null, "fields": {"cqes12jkykah3la9": "40038", "org_user": "cc9fjcdkyyk18oj6", "implementacion": "c89eykqkykc8oig1b", "donante": "chgxs46l02wy5i81e", "implementador": "cyf42nl02wz7lk3t", "ubicacion": "z2147278564"}}, {"formId": "co4zllfkyszt0c87", "recordId": "cl5q96ew9002890nmegzxhd74", "parentRecordId": null, "fields": {"cqes12jkykah3la9": "40038", "org_user": "cc9fjcdkyyk18oj6", "implementacion": "c89eykqkykc8oig1b", "donante": "chgxs46l02wy5i81e", "implementador": "cyf42nl02wz7lk3t", "ubicacion": "z2147278612"}}, {"formId": "co4zllfkyszt0c87", "recordId": "cl5q96ewa002990nmdymbfoa5", "parentRecordId": null, "fields": {"cqes12jkykah3la9": "40038", "org_user": "cc9fjcdkyyk18oj6", "implementacion": "c89eykqkykc8oig1b", "donante": "chgxs46l02wy5i81e", "implementador": "cyf42nl02wz7lk3t", "ubicacion": "z2147278531"}}, {"formId": "co4zllfkyszt0c87", "recordId": "cl5q96ewa002a90nm49fgscu5", "parentRecordId": null, "fields": {"cqes12jkykah3la9": "40038", "org_user": "cc9fjcdkyyk18oj6", "implementacion": "c89eykqkykc8oig1b", "donante": "chgxs46l02wy5i81e", "implementador": "cyf42nl02wz7lk3t", "ubicacion": "z2147278493"}}, {"formId": "co4zllfkyszt0c87", "recordId": "cl5q96ewa002b90nmm58znd3w", "parentRecordId": null, "fields": {"cqes12jkykah3la9": "40038", "org_user": "cc9fjcdkyyk18oj6", "implementacion": "c89eykqkykc8oig1b", "donante": "chgxs46l02wy5i81e", "implementador": "cyf42nl02wz7lk3t", "ubicacion": "z2147278601"}}, {"formId": "co4zllfkyszt0c87", "recordId": "cl5q96ewa002c90nmxzkbxn6y", "parentRecordId": null, "fields": {"cqes12jkykah3la9": "40038", "org_user": "cc9fjcdkyyk18oj6", "implementacion": "c89eykqkykc8oig1b", "donante": "chgxs46l02wy5i81e", "implementador": "cdo7phbl02wz7lk40", "ubicacion": "z2147278531"}}, {"formId": "co4zllfkyszt0c87", "recordId": "cl5q96ewa002d90nm83wjwk33", "parentRecordId": null, "fields": {"cqes12jkykah3la9": "40038", "org_user": "cc9fjcdkyyk18oj6", "implementacion": "c89eykqkykc8oig1b", "donante": "chgxs46l02wy5i81e", "implementador": "co9elw4l02wz7lj24", "ubicacion": "z2147278508"}}, {"formId": "co4zllfkyszt0c87", "recordId": "cl5q96ewa002e90nm9923l8bl", "parentRecordId": null, "fields": {"cqes12jkykah3la9": "40038", "org_user": "cc9fjcdkyyk18oj6", "implementacion": "c89eykqkykc8oig1b", "donante": "chgxs46l02wy5i81e", "implementador": "co9elw4l02wz7lj24", "ubicacion": "z2147278413"}}, {"formId": "co4zllfkyszt0c87", "recordId": "cl5q96ewa002f90nmnxbhlavo", "parentRecordId": null, "fields": {"cqes12jkykah3la9": "40038", "org_user": "cc9fjcdkyyk18oj6", "implementacion": "c89eykqkykc8oig1b", "donante": "chgxs46l02wy5i81e", "implementador": "co9elw4l02wz7lj24", "ubicacion": "z2147278460"}}, {"formId": "co4zllfkyszt0c87", "recordId": "cl5q96ewa002g90nmharpiqlf", "parentRecordId": null, "fields": {"cqes12jkykah3la9": "40038", "org_user": "cc9fjcdkyyk18oj6", "implementacion": "c89eykqkykc8oig1b", "donante": "chgxs46l02wy5i81e", "implementador": "co9elw4l02wz7lj24", "ubicacion": "z2147278484"}}, {"formId": "co4zllfkyszt0c87", "recordId": "cl5q96ewa002h90nmmfctoqws", "parentRecordId": null, "fields": {"cqes12jkykah3la9": "40038", "org_user": "cc9fjcdkyyk18oj6", "implementacion": "c89eykqkykc8oig1b", "donante": "chgxs46l02wy5i81e", "implementador": "co9elw4l02wz7lj24", "ubicacion": "z2147278543"}}, {"formId": "co4zllfkyszt0c87", "recordId": "cl5q96ewa002i90nm17pavyql", "parentRecordId": null, "fields": {"cqes12jkykah3la9": "40038", "org_user": "cc9fjcdkyyk18oj6", "implementacion": "c89eykqkykc8oig1b", "donante": "chgxs46l02wy5i81e", "implementador": "co9elw4l02wz7lj24", "ubicacion": "z2147278557"}}, {"formId": "co4zllfkyszt0c87", "recordId": "cl5q96ewa002j90nmxd1k2jo9", "parentRecordId": null, "fields": {"cqes12jkykah3la9": "40038", "org_user": "cc9fjcdkyyk18oj6", "implementacion": "c89eykqkykc8oig1b", "donante": "chgxs46l02wy5i81e", "implementador": "co9elw4l02wz7lj24", "ubicacion": "z2147278598"}}, {"formId": "co4zllfkyszt0c87", "recordId": "cl5q96ewa002k90nmthe0cemk", "parentRecordId": null, "fields": {"cqes12jkykah3la9": "40038", "org_user": "cc9fjcdkyyk18oj6", "implementacion": "c89eykqkykc8oig1b", "donante": "chgxs46l02wy5i81e", "implementador": "c3k52q2l02wz7lj1n", "ubicacion": "z2147278508"}}, {"formId": "co4zllfkyszt0c87", "recordId": "cl5q96ewa002l90nmhzfqjtzl", "parentRecordId": null, "fields": {"cqes12jkykah3la9": "40038", "org_user": "cc9fjcdkyyk18oj6", "implementacion": "c89eykqkykc8oig1b", "donante": "chgxs46l02wy5i81e", "implementador": "c3k52q2l02wz7lj1n", "ubicacion": "z2147278558"}}, {"formId": "c3jklpskyoystct5", "recordId": "cl5q96ewa002m90nmegbfdr7w", "parentRecordId": null, "fields": {"cqes12jkykah3la9": "40038", "org_user": "cc9fjcdkyyk18oj6", "implementacion": "c89eykqkykc8oig1b", "donante": "chgxs46l02wy5i81e", "implementador": "c7cmi8ml02wz7li1m", "ubicacion": "z2147278451"}}, {"formId": "c3jklpskyoystct5", "recordId": "cl5q96ewa002n90nmnfnygxvh", "parentRecordId": null, "fields": {"cqes12jkykah3la9": "40038", "org_user": "cc9fjcdkyyk18oj6", "implementacion": "c89eykqkykc8oig1b", "donante": "chgxs46l02wy5i81e", "implementador": "c7cmi8ml02wz7li1m", "ubicacion": "z2147278482"}}, {"formId": "c3jklpskyoystct5", "recordId": "cl5q96ewa002o90nmyuvwmk2r", "parentRecordId": null, "fields": {"cqes12jkykah3la9": "40038", "org_user": "cc9fjcdkyyk18oj6", "implementacion": "c89eykqkykc8oig1b", "donante": "chgxs46l02wy5i81e", "implementador": "c7cmi8ml02wz7li1m", "ubicacion": "z2147278558"}}, {"formId": "c3jklpskyoystct5", "recordId": "cl5q96ewb002p90nmmeo1myjc", "parentRecordId": null, "fields": {"cqes12jkykah3la9": "40038", "org_user": "cc9fjcdkyyk18oj6", "implementacion": "c89eykqkykc8oig1b", "donante": "chgxs46l02wy5i81e", "implementador": "c7cmi8ml02wz7li1m", "ubicacion": "z2147278510"}}, {"formId": "c3jklpskyoystct5", "recordId": "cl5q96ewb002q90nmzpukwkix", "parentRecordId": null, "fields": {"cqes12jkykah3la9": "40038", "org_user": "cc9fjcdkyyk18oj6", "implementacion": "c89eykqkykc8oig1b", "donante": "chgxs46l02wy5i81e", "implementador": "cirz10l02wz7lj25", "ubicacion": "z2147278451"}}, {"formId": "c3jklpskyoystct5", "recordId": "cl5q96ewb002r90nmcfws07xf", "parentRecordId": null, "fields": {"cqes12jkykah3la9": "40038", "org_user": "cc9fjcdkyyk18oj6", "implementacion": "c89eykqkykc8oig1b", "donante": "chgxs46l02wy5i81e", "implementador": "cwg57qll02wz7ll46", "ubicacion": "z2147278474"}}, {"formId": "c3jklpskyoystct5", "recordId": "cl5q96ewb002s90nmvhpt9ehz", "parentRecordId": null, "fields": {"cqes12jkykah3la9": "40038", "org_user": "cc9fjcdkyyk18oj6", "implementacion": "c89eykqkykc8oig1b", "donante": "chgxs46l02wy5i81e", "implementador": "cwg57qll02wz7ll46", "ubicacion": "z2147278564"}}, {"formId": "c3jklpskyoystct5", "recordId": "cl5q96ewb002t90nm4epommvk", "parentRecordId": null, "fields": {"cqes12jkykah3la9": "40038", "org_user": "cc9fjcdkyyk18oj6", "implementacion": "c89eykqkykc8oig1b", "donante": "chgxs46l02wy5i81e", "implementador": "cwg57qll02wz7ll46", "ubicacion": "z2147278605"}}, {"formId": "c3jklpskyoystct5", "recordId": "cl5q96ewb002u90nm5wkjyitj", "parentRecordId": null, "fields": {"cqes12jkykah3la9": "40038", "org_user": "cc9fjcdkyyk18oj6", "implementacion": "c89eykqkykc8oig1b", "donante": "chgxs46l02wy5i81e", "implementador": "cwg57qll02wz7ll46", "ubicacion": "z2147278612"}}, {"formId": "c3jklpskyoystct5", "recordId": "cl5q96ewb002v90nmbtw4oymc", "parentRecordId": null, "fields": {"cqes12jkykah3la9": "40038", "org_user": "cc9fjcdkyyk18oj6", "implementacion": "c89eykqkykc8oig1b", "donante": "chgxs46l02wy5i81e", "implementador": "cwg57qll02wz7ll46", "ubicacion": "z2147278432"}}, {"formId": "c3jklpskyoystct5", "recordId": "cl5q96ewb002w90nmkeqfaokm", "parentRecordId": null, "fields": {"cqes12jkykah3la9": "40038", "org_user": "cc9fjcdkyyk18oj6", "implementacion": "c89eykqkykc8oig1b", "donante": "chgxs46l02wy5i81e", "implementador": "cwg57qll02wz7ll46", "ubicacion": "z2147278453"}}, {"formId": "c3jklpskyoystct5", "recordId": "cl5q96ewb002x90nm44efw285", "parentRecordId": null, "fields": {"cqes12jkykah3la9": "40038", "org_user": "cc9fjcdkyyk18oj6", "implementacion": "c89eykqkykc8oig1b", "donante": "chgxs46l02wy5i81e", "implementador": "cwg57qll02wz7ll46", "ubicacion": "z2147278493"}}, {"formId": "c3jklpskyoystct5", "recordId": "cl5q96ewb002y90nm6ejc2a8n", "parentRecordId": null, "fields": {"cqes12jkykah3la9": "40038", "org_user": "cc9fjcdkyyk18oj6", "implementacion": "c89eykqkykc8oig1b", "donante": "chgxs46l02wy5i81e", "implementador": "cyf42nl02wz7lk3t", "ubicacion": "z2147278619"}}, {"formId": "c3jklpskyoystct5", "recordId": "cl5q96ewb002z90nmzay8ss44", "parentRecordId": null, "fields": {"cqes12jkykah3la9": "40038", "org_user": "cc9fjcdkyyk18oj6", "implementacion": "c89eykqkykc8oig1b", "donante": "chgxs46l02wy5i81e", "implementador": "cyf42nl02wz7lk3t", "ubicacion": "z2147278520"}}, {"formId": "c3jklpskyoystct5", "recordId": "cl5q96ewb003090nm2wd3syur", "parentRecordId": null, "fields": {"cqes12jkykah3la9": "40038", "org_user": "cc9fjcdkyyk18oj6", "implementacion": "c89eykqkykc8oig1b", "donante": "chgxs46l02wy5i81e", "implementador": "cyf42nl02wz7lk3t", "ubicacion": "z2147278589"}}, {"formId": "c3jklpskyoystct5", "recordId": "cl5q96ewb003190nmrcfx29ow", "parentRecordId": null, "fields": {"cqes12jkykah3la9": "40038", "org_user": "cc9fjcdkyyk18oj6", "implementacion": "c89eykqkykc8oig1b", "donante": "chgxs46l02wy5i81e", "implementador": "cyf42nl02wz7lk3t", "ubicacion": "z2147278468"}}, {"formId": "c3jklpskyoystct5", "recordId": "cl5q96ewb003290nmd907pvjr", "parentRecordId": null, "fields": {"cqes12jkykah3la9": "40038", "org_user": "cc9fjcdkyyk18oj6", "implementacion": "c89eykqkykc8oig1b", "donante": "chgxs46l02wy5i81e", "implementador": "cyf42nl02wz7lk3t", "ubicacion": "z2147278485"}}, {"formId": "c3jklpskyoystct5", "recordId": "cl5q96ewb003390nmf7a7swk1", "parentRecordId": null, "fields": {"cqes12jkykah3la9": "40038", "org_user": "cc9fjcdkyyk18oj6", "implementacion": "c89eykqkykc8oig1b", "donante": "chgxs46l02wy5i81e", "implementador": "cyf42nl02wz7lk3t", "ubicacion": "z2147278532"}}, {"formId": "c3jklpskyoystct5", "recordId": "cl5q96ewc003490nm2n5ijktb", "parentRecordId": null, "fields": {"cqes12jkykah3la9": "40038", "org_user": "cc9fjcdkyyk18oj6", "implementacion": "c89eykqkykc8oig1b", "donante": "chgxs46l02wy5i81e", "implementador": "cyf42nl02wz7lk3t", "ubicacion": "z2147278553"}}, {"formId": "c3jklpskyoystct5", "recordId": "cl5q96ewc003590nm172nz66v", "parentRecordId": null, "fields": {"cqes12jkykah3la9": "40038", "org_user": "cc9fjcdkyyk18oj6", "implementacion": "c89eykqkykc8oig1b", "donante": "chgxs46l02wy5i81e", "implementador": "cyf42nl02wz7lk3t", "ubicacion": "z2147278572"}}, {"formId": "c3jklpskyoystct5", "recordId": "cl5q96ewc003690nm6gbgq0wl", "parentRecordId": null, "fields": {"cqes12jkykah3la9": "40038", "org_user": "cc9fjcdkyyk18oj6", "implementacion": "c89eykqkykc8oig1b", "donante": "chgxs46l02wy5i81e", "implementador": "cyf42nl02wz7lk3t", "ubicacion": "z2147278409"}}, {"formId": "c3jklpskyoystct5", "recordId": "cl5q96ewc003790nmpb8yevrk", "parentRecordId": null, "fields": {"cqes12jkykah3la9": "40038", "org_user": "cc9fjcdkyyk18oj6", "implementacion": "c89eykqkykc8oig1b", "donante": "chgxs46l02wy5i81e", "implementador": "cyf42nl02wz7lk3t", "ubicacion": "z2147278497"}}, {"formId": "c3jklpskyoystct5", "recordId": "cl5q96ewc003890nmvu4vxqyx", "parentRecordId": null, "fields": {"cqes12jkykah3la9": "40038", "org_user": "cc9fjcdkyyk18oj6", "implementacion": "c89eykqkykc8oig1b", "donante": "chgxs46l02wy5i81e", "implementador": "cyf42nl02wz7lk3t", "ubicacion": "z2147278564"}}, {"formId": "c3jklpskyoystct5", "recordId": "cl5q96ewc003990nmbfli9p2h", "parentRecordId": null, "fields": {"cqes12jkykah3la9": "40038", "org_user": "cc9fjcdkyyk18oj6", "implementacion": "c89eykqkykc8oig1b", "donante": "chgxs46l02wy5i81e", "implementador": "cyf42nl02wz7lk3t", "ubicacion": "z2147278612"}}, {"formId": "c3jklpskyoystct5", "recordId": "cl5q96ewc003a90nmg1lk7vv9", "parentRecordId": null, "fields": {"cqes12jkykah3la9": "40038", "org_user": "cc9fjcdkyyk18oj6", "implementacion": "c89eykqkykc8oig1b", "donante": "chgxs46l02wy5i81e", "implementador": "cyf42nl02wz7lk3t", "ubicacion": "z2147278531"}}, {"formId": "c3jklpskyoystct5", "recordId": "cl5q96ewc003b90nmki99tzno", "parentRecordId": null, "fields": {"cqes12jkykah3la9": "40038", "org_user": "cc9fjcdkyyk18oj6", "implementacion": "c89eykqkykc8oig1b", "donante": "chgxs46l02wy5i81e", "implementador": "cyf42nl02wz7lk3t", "ubicacion": "z2147278493"}}, {"formId": "c3jklpskyoystct5", "recordId": "cl5q96ewc003c90nmwjr69221", "parentRecordId": null, "fields": {"cqes12jkykah3la9": "40038", "org_user": "cc9fjcdkyyk18oj6", "implementacion": "c89eykqkykc8oig1b", "donante": "chgxs46l02wy5i81e", "implementador": "cyf42nl02wz7lk3t", "ubicacion": "z2147278601"}}, {"formId": "c3jklpskyoystct5", "recordId": "cl5q96ewc003d90nm8pt0d0e5", "parentRecordId": null, "fields": {"cqes12jkykah3la9": "40038", "org_user": "cc9fjcdkyyk18oj6", "implementacion": "c89eykqkykc8oig1b", "donante": "chgxs46l02wy5i81e", "implementador": "cdo7phbl02wz7lk40", "ubicacion": "z2147278451"}}, {"formId": "c3jklpskyoystct5", "recordId": "cl5q96ewc003e90nmwpywn1o6", "parentRecordId": null, "fields": {"cqes12jkykah3la9": "40038", "org_user": "cc9fjcdkyyk18oj6", "implementacion": "c89eykqkykc8oig1b", "donante": "chgxs46l02wy5i81e", "implementador": "cdo7phbl02wz7lk40", "ubicacion": "z2147278482"}}, {"formId": "c3jklpskyoystct5", "recordId": "cl5q96ewc003f90nmi413ubwx", "parentRecordId": null, "fields": {"cqes12jkykah3la9": "40038", "org_user": "cc9fjcdkyyk18oj6", "implementacion": "c89eykqkykc8oig1b", "donante": "chgxs46l02wy5i81e", "implementador": "co9elw4l02wz7lj24", "ubicacion": "z2147278413"}}, {"formId": "c3jklpskyoystct5", "recordId": "cl5q96ewc003g90nmum7xjhpn", "parentRecordId": null, "fields": {"cqes12jkykah3la9": "40038", "org_user": "cc9fjcdkyyk18oj6", "implementacion": "c89eykqkykc8oig1b", "donante": "chgxs46l02wy5i81e", "implementador": "co9elw4l02wz7lj24", "ubicacion": "z2147278460"}}, {"formId": "c3jklpskyoystct5", "recordId": "cl5q96ewc003h90nmwbwhltkn", "parentRecordId": null, "fields": {"cqes12jkykah3la9": "40038", "org_user": "cc9fjcdkyyk18oj6", "implementacion": "c89eykqkykc8oig1b", "donante": "chgxs46l02wy5i81e", "implementador": "co9elw4l02wz7lj24", "ubicacion": "z2147278543"}}, {"formId": "c3jklpskyoystct5", "recordId": "cl5q96ewc003i90nmmwkdugti", "parentRecordId": null, "fields": {"cqes12jkykah3la9": "40038", "org_user": "cc9fjcdkyyk18oj6", "implementacion": "c89eykqkykc8oig1b", "donante": "chgxs46l02wy5i81e", "implementador": "co9elw4l02wz7lj24", "ubicacion": "z2147278557"}}, {"formId": "c3jklpskyoystct5", "recordId": "cl5q96ewd003j90nmaekredfv", "parentRecordId": null, "fields": {"cqes12jkykah3la9": "40038", "org_user": "cc9fjcdkyyk18oj6", "implementacion": "c89eykqkykc8oig1b", "donante": "chgxs46l02wy5i81e", "implementador": "co9elw4l02wz7lj24", "ubicacion": "z2147278598"}}, {"formId": "caz2n1ukym2f0he4", "recordId": "cl5q96ewd003k90nmsgueb0mk", "parentRecordId": null, "fields": {"cqes12jkykah3la9": "40038", "org_user": "cc9fjcdkyyk18oj6", "implementacion": "c89eykqkykc8oig1b", "donante": "chgxs46l02wy5i81e", "implementador": "czbut89l02wz7lk3c", "ubicacion": "z2147278468"}}, {"formId": "caz2n1ukym2f0he4", "recordId": "cl5q96ewd003l90nmbeko1jkj", "parentRecordId": null, "fields": {"cqes12jkykah3la9": "40038", "org_user": "cc9fjcdkyyk18oj6", "implementacion": "c89eykqkykc8oig1b", "donante": "chgxs46l02wy5i81e", "implementador": "czbut89l02wz7lk3c", "ubicacion": "z2147278585"}}, {"formId": "caz2n1ukym2f0he4", "recordId": "cl5q96ewd003m90nmwc7765qi", "parentRecordId": null, "fields": {"cqes12jkykah3la9": "40038", "org_user": "cc9fjcdkyyk18oj6", "implementacion": "c89eykqkykc8oig1b", "donante": "chgxs46l02wy5i81e", "implementador": "cy5jaell30hqm563", "ubicacion": "z2147278508"}}, {"formId": "cegfdvnkym3h7n33", "recordId": "cl5q96ewd003n90nmvc5m7ing", "parentRecordId": null, "fields": {"cqes12jkykah3la9": "40038", "org_user": "cc9fjcdkyyk18oj6", "implementacion": "c89eykqkykc8oig1b", "donante": "chgxs46l02wy5i81e", "implementador": "cawdyrwl02wz7lk36", "ubicacion": "z2147278484"}}, {"formId": "cegfdvnkym3h7n33", "recordId": "cl5q96ewd003o90nmgkbcyrpm", "parentRecordId": null, "fields": {"cqes12jkykah3la9": "40038", "org_user": "cc9fjcdkyyk18oj6", "implementacion": "c89eykqkykc8oig1b", "donante": "chgxs46l02wy5i81e", "implementador": "cawdyrwl02wz7lk36", "ubicacion": "z2147278601"}}, {"formId": "cegfdvnkym3h7n33", "recordId": "cl5q96ewd003p90nmxwg61loi", "parentRecordId": null, "fields": {"cqes12jkykah3la9": "40038", "org_user": "cc9fjcdkyyk18oj6", "implementacion": "c89eykqkykc8oig1b", "donante": "chgxs46l02wy5i81e", "implementador": "c327ep8l02wz7lj1y", "ubicacion": "z2147278508"}}, {"formId": "cegfdvnkym3h7n33", "recordId": "cl5q96ewd003q90nm09ug8nnv", "parentRecordId": null, "fields": {"cqes12jkykah3la9": "40038", "org_user": "cc9fjcdkyyk18oj6", "implementacion": "c89eykqkykc8oig1b", "donante": "chgxs46l02wy5i81e", "implementador": "c4yttfl02wz7lk3x", "ubicacion": "z2147278572"}}, {"formId": "cegfdvnkym3h7n33", "recordId": "cl5q96ewd003r90nm4pi511zz", "parentRecordId": null, "fields": {"cqes12jkykah3la9": "40038", "org_user": "cc9fjcdkyyk18oj6", "implementacion": "c89eykqkykc8oig1b", "donante": "chgxs46l02wy5i81e", "implementador": "cdo7phbl02wz7lk40", "ubicacion": "z2147278585"}}, {"formId": "cegfdvnkym3h7n33", "recordId": "cl5q96ewd003s90nmg0s8d7ln", "parentRecordId": null, "fields": {"cqes12jkykah3la9": "40038", "org_user": "cc9fjcdkyyk18oj6", "implementacion": "c89eykqkykc8oig1b", "donante": "chgxs46l02wy5i81e", "implementador": "cdo7phbl02wz7lk40", "ubicacion": "z2147278482"}}, {"formId": "cegfdvnkym3h7n33", "recordId": "cl5q96ewd003t90nmfn494mz0", "parentRecordId": null, "fields": {"cqes12jkykah3la9": "40038", "org_user": "cc9fjcdkyyk18oj6", "implementacion": "c89eykqkykc8oig1b", "donante": "chgxs46l02wy5i81e", "implementador": "cdo7phbl02wz7lk40", "ubicacion": "z2147278510"}}, {"formId": "cegfdvnkym3h7n33", "recordId": "cl5q96ewd003u90nmayofeknh", "parentRecordId": null, "fields": {"cqes12jkykah3la9": "40038", "org_user": "cc9fjcdkyyk18oj6", "implementacion": "c89eykqkykc8oig1b", "donante": "chgxs46l02wy5i81e", "implementador": "cdo7phbl02wz7lk40", "ubicacion": "z2147278572"}}, {"formId": "cegfdvnkym3h7n33", "recordId": "cl5q96ewd003v90nmxzb5aywm", "parentRecordId": null, "fields": {"cqes12jkykah3la9": "40038", "org_user": "cc9fjcdkyyk18oj6", "implementacion": "c89eykqkykc8oig1b", "donante": "chgxs46l02wy5i81e", "implementador": "cdo7phbl02wz7lk40", "ubicacion": "z2147278497"}}, {"formId": "cegfdvnkym3h7n33", "recordId": "cl5q96ewd003w90nmf8giur84", "parentRecordId": null, "fields": {"cqes12jkykah3la9": "40038", "org_user": "cc9fjcdkyyk18oj6", "implementacion": "c89eykqkykc8oig1b", "donante": "chgxs46l02wy5i81e", "implementador": "cdo7phbl02wz7lk40", "ubicacion": "z2147278531"}}, {"formId": "cegfdvnkym3h7n33", "recordId": "cl5q96ewd003x90nmfusky9q8", "parentRecordId": null, "fields": {"cqes12jkykah3la9": "40038", "org_user": "cc9fjcdkyyk18oj6", "implementacion": "c89eykqkykc8oig1b", "donante": "chgxs46l02wy5i81e", "implementador": "cdn94x9l02wz7lk32", "ubicacion": "z2147278485"}}]}