{"changes": [{"formId": "c5vie2zkysumtk35", "recordId": "cl5q9bngi005x90nm26gxw9mp", "parentRecordId": "cl5q96ew7001790nmsvunj5od", "fields": {"mes": "2022-06", "colltmgkykvhxgij6": "cjo64mykylzqu4p4r", "rmrp": "Si", "covid": "No", "espacion_apoyo": "No", "poblacion_meta": ["Refugiados/as y migrantes", "Comunidad de acogida"], "modalidad_impl": "cmo12q1kykwwosjka", "PRPI1_01_RM_NA": 1, "PRPI1_01_RM_NN": 1, "PRPI1_01_RM_OTR": 0, "PRPI1_01_RM_LGBT": 0, "PRPI1_01_RM_DS": 0, "PRPI1_01_CA_NA": 0, "PRPI1_01_CA_NN": 0, "PRPI1_01_CA_OTR": 0, "PRPI1_01_CA_LGBT": 0, "PRPI1_01_CA_DS": 0, "PRPI1_01_CUAL": "Ibarra: Se realiz\u00f3 el acompa\u00f1amiento a 19 adolescentes en el mes de junio, de los cuales 5 reciben acompa\u00f1amiento solo t\u00e9cnico y 15 con CBI. Tulc\u00e1n: Durante el mes de junio se realizan dos ingresos  Se mantiene el acompa\u00f1amiento a 6 adolescentes durante el mes de junio incluidos los nuevos ingresos"}}, {"formId": "c5vie2zkysumtk35", "recordId": "cl5q9bpz5005y90nmzpz0yh2w", "parentRecordId": "cl5q96ew7001990nmwq17nnvh", "fields": {"mes": "2022-06", "colltmgkykvhxgij6": "cjo64mykylzqu4p4r", "rmrp": "Si", "covid": "No", "espacion_apoyo": "No", "poblacion_meta": ["Refugiados/as y migrantes", "Comunidad de acogida"], "modalidad_impl": "cmo12q1kykwwosjka", "PRPI1_01_RM_NA": 3, "PRPI1_01_RM_NN": 0, "PRPI1_01_RM_OTR": 0, "PRPI1_01_RM_LGBT": 0, "PRPI1_01_RM_DS": 0, "PRPI1_01_CA_NA": 0, "PRPI1_01_CA_NN": 0, "PRPI1_01_CA_OTR": 0, "PRPI1_01_CA_LGBT": 0, "PRPI1_01_CA_DS": 0, "PRPI1_01_CUAL": "Ibarra: Se realiz\u00f3 el acompa\u00f1amiento a 19 adolescentes en el mes de junio, de los cuales 5 reciben acompa\u00f1amiento solo t\u00e9cnico y 15 con CBI. Tulc\u00e1n: Durante el mes de junio se realizan dos ingresos  Se mantiene el acompa\u00f1amiento a 6 adolescentes durante el mes de junio incluidos los nuevos ingresos"}}, {"formId": "c5vie2zkysumtk35", "recordId": "cl5q9bsam005z90nmma8vnxds", "parentRecordId": "chuqttwkzcxucpy3", "fields": {"mes": "2022-06", "colltmgkykvhxgij6": "cjo64mykylzqu4p4r", "rmrp": "Si", "covid": "No", "espacion_apoyo": "No", "poblacion_meta": ["Refugiados/as y migrantes", "Comunidad de acogida"], "modalidad_impl": "cmo12q1kykwwosjka", "PRPI1_01_RM_NA": 8, "PRPI1_01_RM_NN": 7, "PRPI1_01_RM_OTR": 0, "PRPI1_01_RM_LGBT": 1, "PRPI1_01_RM_DS": 0, "PRPI1_01_CA_NA": 0, "PRPI1_01_CA_NN": 1, "PRPI1_01_CA_OTR": 0, "PRPI1_01_CA_LGBT": 1, "PRPI1_01_CA_DS": 0, "PRPI1_01_CUAL": "Durante el mes de junio se atendi\u00f3 a 21 NNA mismos que fueron apoyados e incorporados a las modalidades de atenci\u00f3n que maneja ASA."}}, {"formId": "c5vie2zkysumtk35", "recordId": "cl5q9bv2f006090nm6f04culf", "parentRecordId": "cl5q96ew7001790nmsvunj5od", "fields": {"mes": "2022-06", "colltmgkykvhxgij6": "cjo64mykylzqu4p4r", "rmrp": "Si", "covid": "No", "espacion_apoyo": "No", "poblacion_meta": ["Refugiados/as y migrantes", "Comunidad de acogida"], "modalidad_impl": "cmo12q1kykwwosjka", "mecanismos": "c6gspwxkym0dbinm", "transferencia": "cib4u00kym0ixwew", "usd_transfer": 2440, "PRPI1_01_RM_NA": 1, "PRPI1_01_RM_NN": 1, "PRPI1_01_RM_OTR": 0, "PRPI1_01_RM_LGBT": 0, "PRPI1_01_RM_DS": 0, "PRPI1_01_CA_NA": 0, "PRPI1_01_CA_NN": 0, "PRPI1_01_CA_OTR": 0, "PRPI1_01_CA_LGBT": 0, "PRPI1_01_CA_DS": 0, "PRPI1_01_CUAL": "Tulc\u00e1n: 2 ingresos nuevos reciben CBI de  instalaci\u00f3n y manutenci\u00f3n.  Ibarra: 3 ingresos nuevos reciben CBI de instalaci\u00f3n y manutenci\u00f3n. "}}, {"formId": "c5vie2zkysumtk35", "recordId": "cl5q9bxw4006190nm072ahfyg", "parentRecordId": "cl5q96ew7001990nmwq17nnvh", "fields": {"mes": "2022-06", "colltmgkykvhxgij6": "cjo64mykylzqu4p4r", "rmrp": "Si", "covid": "No", "espacion_apoyo": "No", "poblacion_meta": ["Refugiados/as y migrantes", "Comunidad de acogida"], "modalidad_impl": "cmo12q1kykwwosjka", "mecanismos": "c6gspwxkym0dbinm", "transferencia": "cib4u00kym0ixwew", "usd_transfer": 3660, "PRPI1_01_RM_NA": 3, "PRPI1_01_RM_NN": 0, "PRPI1_01_RM_OTR": 0, "PRPI1_01_RM_LGBT": 0, "PRPI1_01_RM_DS": 0, "PRPI1_01_CA_NA": 0, "PRPI1_01_CA_NN": 0, "PRPI1_01_CA_OTR": 0, "PRPI1_01_CA_LGBT": 0, "PRPI1_01_CA_DS": 0, "PRPI1_01_CUAL": "Tulc\u00e1n: 2 ingresos nuevos reciben CBI de  instalaci\u00f3n y manutenci\u00f3n.  Ibarra: 3 ingresos nuevos reciben CBI de instalaci\u00f3n y manutenci\u00f3n. "}}, {"formId": "c5vie2zkysumtk35", "recordId": "cl5q9c0sx006290nmneagwmta", "parentRecordId": "chuqttwkzcxucpy3", "fields": {"mes": "2022-06", "colltmgkykvhxgij6": "cjo64mykylzqu4p4r", "rmrp": "Si", "covid": "No", "espacion_apoyo": "No", "poblacion_meta": ["Refugiados/as y migrantes", "Comunidad de acogida"], "modalidad_impl": "cmo12q1kykwwosjka", "mecanismos": "c6gspwxkym0dbinm", "transferencia": "cib4u00kym0ixwew", "usd_transfer": 110, "PRPI1_01_RM_NA": 7, "PRPI1_01_RM_NN": 2, "PRPI1_01_RM_OTR": 0, "PRPI1_01_RM_LGBT": 0, "PRPI1_01_RM_DS": 0, "PRPI1_01_CA_NA": 0, "PRPI1_01_CA_NN": 0, "PRPI1_01_CA_OTR": 0, "PRPI1_01_CA_LGBT": 0, "PRPI1_01_CA_DS": 0, "PRPI1_01_CUAL": "En el mes de mayo se entrega $10,00 de movilizaci\u00f3n a 11 NNA . El monto se entrega como CBI para uso de los NNA en todas las actividades que realicen durante el mes: compra de alimento, entrevistas, temas de salud, educaci\u00f3n o laboral."}}]}