{"changes": [{"formId": "c1ajh01kyszt0c88", "recordId": "cl5q9b5fg005c90nm8v6i6uqo", "parentRecordId": "cl5q96ewa002f90nmnxbhlavo", "fields": {"mes": ["2022-06"], "colltmgkykvhxgij6": ["clwyggvkylzqu4l4c"], "rmrp": ["Si"], "covid": ["No"], "modalidad_impl": ["cmo12q1kykwwosjka"], "PR6_01": [1], "PR6_01_CUAL": "Hemos ido abriendo espacios de coordinaci\u00f3n e interacci\u00f3n con otras organizaciones locales de la provincia, regi\u00f3n y pa\u00eds con los cu\u00e1les tenemos objetivos comunes en VVBG y personas en situaci\u00f3n de movilidad humana, como la CDH del Guayas y Caritas; adem\u00e1s se viene trabajando en la necesidad de crear la Red de Movilidad Humana desde la sociedad civil."}}, {"formId": "c1ajh01kyszt0c88", "recordId": "cl5q9b5za005d90nmqhka741c", "parentRecordId": "cl5q96ewa002e90nm9923l8bl", "fields": {"mes": ["2022-06"], "colltmgkykvhxgij6": ["clwyggvkylzqu4l4c"], "rmrp": ["Si"], "covid": ["No"], "modalidad_impl": ["cmo12q1kykwwosjka"], "PR6_01": [1], "PR6_01_CUAL": "Hemos ido abriendo espacios de coordinaci\u00f3n e interacci\u00f3n con otras organizaciones locales de la provincia, regi\u00f3n y pa\u00eds con los cu\u00e1les tenemos objetivos comunes en VVBG y personas en situaci\u00f3n de movilidad humana, como la CDH del Guayas y Caritas; adem\u00e1s se viene trabajando en la necesidad de crear la Red de Movilidad Humana desde la sociedad civil."}}, {"formId": "c1ajh01kyszt0c88", "recordId": "cl5q9b710005e90nmudhtjy0p", "parentRecordId": "cl5q96ewa002d90nm83wjwk33", "fields": {"mes": ["2022-06"], "colltmgkykvhxgij6": ["clwyggvkylzqu4l4c"], "rmrp": ["Si"], "covid": ["No"], "modalidad_impl": ["cmo12q1kykwwosjka"], "PR6_01": [1], "PR6_01_CUAL": "Hemos ido abriendo espacios de coordinaci\u00f3n e interacci\u00f3n con otras organizaciones locales de la provincia, regi\u00f3n y pa\u00eds con los cu\u00e1les tenemos objetivos comunes en VVBG y personas en situaci\u00f3n de movilidad humana, como la CDH del Guayas y Caritas; adem\u00e1s se viene trabajando en la necesidad de crear la Red de Movilidad Humana desde la sociedad civil."}}, {"formId": "c1ajh01kyszt0c88", "recordId": "cl5q9b83w005f90nm8vincloc", "parentRecordId": "cl5q96ewa002b90nmm58znd3w", "fields": {"mes": ["2022-06"], "colltmgkykvhxgij6": ["clwyggvkylzqu4l4c"], "rmrp": ["Si"], "covid": ["No"], "modalidad_impl": ["cmo12q1kykwwosjka"], "PR6_01": [1], "PR6_01_CUAL": "Asociaci\u00f3n de venezolanos en Sto. Domingo ,Se reporta todas las zonas para incluir los grupos de trabajo de Protecci\u00f3n Comunitaria en cada localidad en las que FUDELA tienen intervenci\u00f3n con Protecci\u00f3n, tanto con Campeones Comunitarios como procesos de atenci\u00f3n a necesidades espec\u00edficas y otras de referencias y contra referencias"}}, {"formId": "c1ajh01kyszt0c88", "recordId": "cl5q9b8vv005g90nms2ytks0d", "parentRecordId": "cl5q96ew9002190nmkmogkdwd", "fields": {"mes": ["2022-06"], "colltmgkykvhxgij6": ["clwyggvkylzqu4l4c"], "rmrp": ["Si"], "covid": ["No"], "modalidad_impl": ["cmo12q1kykwwosjka"], "PR6_01": [1], "PR6_01_CUAL": "Asociaci\u00f3n de venezolanos en Sto. Domingo ,Se reporta todas las zonas para incluir los grupos de trabajo de Protecci\u00f3n Comunitaria en cada localidad en las que FUDELA tienen intervenci\u00f3n con Protecci\u00f3n, tanto con Campeones Comunitarios como procesos de atenci\u00f3n a necesidades espec\u00edficas y otras de referencias y contra referencias"}}, {"formId": "c1ajh01kyszt0c88", "recordId": "cl5q9b9h7005h90nmtj9ohop7", "parentRecordId": "cl5q96ew9001y90nmio5tyza2", "fields": {"mes": ["2022-06"], "colltmgkykvhxgij6": ["clwyggvkylzqu4l4c"], "rmrp": ["Si"], "covid": ["No"], "modalidad_impl": ["cmo12q1kykwwosjka"], "PR6_01": [1], "PR6_01_CUAL": "Asociaci\u00f3n de venezolanos en Sto. Domingo ,Se reporta todas las zonas para incluir los grupos de trabajo de Protecci\u00f3n Comunitaria en cada localidad en las que FUDELA tienen intervenci\u00f3n con Protecci\u00f3n, tanto con Campeones Comunitarios como procesos de atenci\u00f3n a necesidades espec\u00edficas y otras de referencias y contra referencias"}}, {"formId": "c1ajh01kyszt0c88", "recordId": "cl5q9ba25005i90nmbsxagc0p", "parentRecordId": "cl5q96ew9002290nmmlpbvuhl", "fields": {"mes": ["2022-06"], "colltmgkykvhxgij6": ["clwyggvkylzqu4l4c"], "rmrp": ["Si"], "covid": ["No"], "modalidad_impl": ["cmo12q1kykwwosjka"], "PR6_01": [1], "PR6_01_CUAL": "Asociaci\u00f3n de venezolanos en Sto. Domingo ,Se reporta todas las zonas para incluir los grupos de trabajo de Protecci\u00f3n Comunitaria en cada localidad en las que FUDELA tienen intervenci\u00f3n con Protecci\u00f3n, tanto con Campeones Comunitarios como procesos de atenci\u00f3n a necesidades espec\u00edficas y otras de referencias y contra referencias"}}, {"formId": "c1ajh01kyszt0c88", "recordId": "cl5q9barr005j90nmmk6ohp96", "parentRecordId": "cl5q96ew8001v90nmsaay32kx", "fields": {"mes": ["2022-06"], "colltmgkykvhxgij6": ["clwyggvkylzqu4l4c"], "rmrp": ["Si"], "covid": ["No"], "modalidad_impl": ["cmo12q1kykwwosjka"], "PR6_01": [1], "PR6_01_CUAL": "Taller con presidentes barriales, para fortalecer el sello comunitario. Se trataron temas de aspectos comunitarios, xenofobia y herramienta de ejecuci\u00f3n program\u00e1tica, para la identificaci\u00f3n de los espacios y personas dentro de los barrios. "}}, {"formId": "c1ajh01kyszt0c88", "recordId": "cl5q9bbiu005k90nm5hz8zv68", "parentRecordId": "cl5q96ew9002090nmvlglccet", "fields": {"mes": ["2022-06"], "colltmgkykvhxgij6": ["clwyggvkylzqu4l4c"], "rmrp": ["Si"], "covid": ["No"], "modalidad_impl": ["cmo12q1kykwwosjka"], "PR6_01": [1], "PR6_01_CUAL": "Asociaci\u00f3n de venezolanos en Sto. Domingo ,Se reporta todas las zonas para incluir los grupos de trabajo de Protecci\u00f3n Comunitaria en cada localidad en las que FUDELA tienen intervenci\u00f3n con Protecci\u00f3n, tanto con Campeones Comunitarios como procesos de atenci\u00f3n a necesidades espec\u00edficas y otras de referencias y contra referencias"}}, {"formId": "c1ajh01kyszt0c88", "recordId": "cl5q9bc2x005l90nm2wjkmyvd", "parentRecordId": "cl5q96ew9001z90nmnveaoeik", "fields": {"mes": ["2022-06"], "colltmgkykvhxgij6": ["clwyggvkylzqu4l4c"], "rmrp": ["Si"], "covid": ["No"], "modalidad_impl": ["cmo12q1kykwwosjka"], "PR6_01": [1], "PR6_01_CUAL": "Asociaci\u00f3n de venezolanos en Sto. Domingo ,Se reporta todas las zonas para incluir los grupos de trabajo de Protecci\u00f3n Comunitaria en cada localidad en las que FUDELA tienen intervenci\u00f3n con Protecci\u00f3n, tanto con Campeones Comunitarios como procesos de atenci\u00f3n a necesidades espec\u00edficas y otras de referencias y contra referencias"}}, {"formId": "c1ajh01kyszt0c88", "recordId": "cl5q9bcn2005m90nmcg08wh3r", "parentRecordId": "cl5q96ew9002890nmegzxhd74", "fields": {"mes": ["2022-06"], "colltmgkykvhxgij6": ["clwyggvkylzqu4l4c"], "rmrp": ["Si"], "covid": ["No"], "modalidad_impl": ["cmo12q1kykwwosjka"], "PR6_01": [1], "PR6_01_CUAL": "Asociaci\u00f3n de venezolanos en Sto. Domingo ,Se reporta todas las zonas para incluir los grupos de trabajo de Protecci\u00f3n Comunitaria en cada localidad en las que FUDELA tienen intervenci\u00f3n con Protecci\u00f3n, tanto con Campeones Comunitarios como procesos de atenci\u00f3n a necesidades espec\u00edficas y otras de referencias y contra referencias"}}, {"formId": "c1ajh01kyszt0c88", "recordId": "cl5q9bda2005n90nm9kb8a5i7", "parentRecordId": "cl5q96ew9001x90nmrkqxx1ra", "fields": {"mes": ["2022-06"], "colltmgkykvhxgij6": ["clwyggvkylzqu4l4c"], "rmrp": ["Si"], "covid": ["No"], "modalidad_impl": ["cmo12q1kykwwosjka"], "PR6_01": [1], "PR6_01_CUAL": "Asociaci\u00f3n de venezolanos en Sto. Domingo ,Se reporta todas las zonas para incluir los grupos de trabajo de Protecci\u00f3n Comunitaria en cada localidad en las que FUDELA tienen intervenci\u00f3n con Protecci\u00f3n, tanto con Campeones Comunitarios como procesos de atenci\u00f3n a necesidades espec\u00edficas y otras de referencias y contra referencias"}}, {"formId": "c1ajh01kyszt0c88", "recordId": "cl5q9bdw4005o90nm1zra7eya", "parentRecordId": "cl5q96ew9002790nmcceebhu8", "fields": {"mes": ["2022-06"], "colltmgkykvhxgij6": ["clwyggvkylzqu4l4c"], "rmrp": ["Si"], "covid": ["No"], "modalidad_impl": ["cmo12q1kykwwosjka"], "PR6_01": [1], "PR6_01_CUAL": "Asociaci\u00f3n de venezolanos en Sto. Domingo ,Se reporta todas las zonas para incluir los grupos de trabajo de Protecci\u00f3n Comunitaria en cada localidad en las que FUDELA tienen intervenci\u00f3n con Protecci\u00f3n, tanto con Campeones Comunitarios como procesos de atenci\u00f3n a necesidades espec\u00edficas y otras de referencias y contra referencias"}}, {"formId": "c1ajh01kyszt0c88", "recordId": "cl5q9begi005p90nmwszo2gzj", "parentRecordId": "cl5q96ew9002690nmrlu73qa6", "fields": {"mes": ["2022-06"], "colltmgkykvhxgij6": ["clwyggvkylzqu4l4c"], "rmrp": ["Si"], "covid": ["No"], "modalidad_impl": ["cmo12q1kykwwosjka"], "PR6_01": [1], "PR6_01_CUAL": "Asociaci\u00f3n de venezolanos en Sto. Domingo ,Se reporta todas las zonas para incluir los grupos de trabajo de Protecci\u00f3n Comunitaria en cada localidad en las que FUDELA tienen intervenci\u00f3n con Protecci\u00f3n, tanto con Campeones Comunitarios como procesos de atenci\u00f3n a necesidades espec\u00edficas y otras de referencias y contra referencias"}}, {"formId": "c1ajh01kyszt0c88", "recordId": "cl5q9bezv005q90nmdg2umapj", "parentRecordId": "cl5q96ewa002990nmdymbfoa5", "fields": {"mes": ["2022-06"], "colltmgkykvhxgij6": ["clwyggvkylzqu4l4c"], "rmrp": ["Si"], "covid": ["No"], "modalidad_impl": ["cmo12q1kykwwosjka"], "PR6_01": [1], "PR6_01_CUAL": "Asociaci\u00f3n de venezolanos en Sto. Domingo ,Se reporta todas las zonas para incluir los grupos de trabajo de Protecci\u00f3n Comunitaria en cada localidad en las que FUDELA tienen intervenci\u00f3n con Protecci\u00f3n, tanto con Campeones Comunitarios como procesos de atenci\u00f3n a necesidades espec\u00edficas y otras de referencias y contra referencias"}}, {"formId": "c1ajh01kyszt0c88", "recordId": "cl5q9bfj4005r90nmq0k8oljk", "parentRecordId": "cl5q96ewa002a90nm49fgscu5", "fields": {"mes": ["2022-06"], "colltmgkykvhxgij6": ["clwyggvkylzqu4l4c"], "rmrp": ["Si"], "covid": ["No"], "modalidad_impl": ["cmo12q1kykwwosjka"], "PR6_01": [1], "PR6_01_CUAL": "Asociaci\u00f3n de venezolanos en Sto. Domingo ,Se reporta todas las zonas para incluir los grupos de trabajo de Protecci\u00f3n Comunitaria en cada localidad en las que FUDELA tienen intervenci\u00f3n con Protecci\u00f3n, tanto con Campeones Comunitarios como procesos de atenci\u00f3n a necesidades espec\u00edficas y otras de referencias y contra referencias"}}, {"formId": "c1ajh01kyszt0c88", "recordId": "cl5q9bg2p005s90nmhn3iiyne", "parentRecordId": "cl5q96ew9002390nme5fmempx", "fields": {"mes": ["2022-06"], "colltmgkykvhxgij6": ["clwyggvkylzqu4l4c"], "rmrp": ["Si"], "covid": ["No"], "modalidad_impl": ["cmo12q1kykwwosjka"], "PR6_01": [1], "PR6_01_CUAL": "Asociaci\u00f3n de venezolanos en Sto. Domingo ,Se reporta todas las zonas para incluir los grupos de trabajo de Protecci\u00f3n Comunitaria en cada localidad en las que FUDELA tienen intervenci\u00f3n con Protecci\u00f3n, tanto con Campeones Comunitarios como procesos de atenci\u00f3n a necesidades espec\u00edficas y otras de referencias y contra referencias"}}, {"formId": "c1ajh01kyszt0c88", "recordId": "cl5q9bglq005t90nmn340umba", "parentRecordId": "cmvjddal473ht448", "fields": {"mes": ["2022-06"], "colltmgkykvhxgij6": ["clwyggvkylzqu4l4c"], "rmrp": ["Si"], "covid": ["No"], "modalidad_impl": ["cmo12q1kykwwosjka"], "PR6_01": [2], "PR6_01_CUAL": "Quito: Adem\u00e1s del acompa\u00f1amiento a la huerta comunitaria, se continu\u00f3 con el proceso de identificaci\u00f3n de redes de base en en el centro hist\u00f3rico y al norte de la ciudad.  \t\t\t\t\t\t\t\t\t\t\t\t\t\nSanto Domingo: Se inici\u00f3 el trabajo de fortalecimiento comunitario en el barrio Voluntad de Dios, organizando futuros talleres, brigadas informativas y actividades de integraci\u00f3n comunitaria, adem\u00e1s, de las mingas comunitarias que van de la mano con las obras arquitect\u00f3nicas. Por otra parte, en FEDAFRO se han mantenido reuniones y vinculaciones con otras organizaciones como la Asociaci\u00f3n de Venezolanos en Santo Domingo - ASOVEC, con el fin de fortalecer lazos interinstitucionales y mejorar el acercamiento a personas en condici\u00f3n de movilidad humana.\t\t\t\t\t\t\t\t\t\t\t\t\t\t,Se siguen realizando actividades para fortalecer las organizaciones barriales. En el caso de Cuenca se trabaja con los CVA de El Vecino - La Secreta y San Roque, en Guayaquil con el Comit\u00e9 Uni\u00f3n y Progreso, en Manta con San Mateo, Abd\u00f3n Calder\u00f3n, y Tarqui, y en Portiviejo en el Flor\u00f3n, San Pablo y Tamarindo. \n\nSe super\u00f3 la meta que se ten\u00eda planteada para Portoviejo porque se considera importante continuar trabajando en el Barrio del Flor\u00f3n."}}, {"formId": "c1ajh01kyszt0c88", "recordId": "cl5q9bh63005u90nmbk8oi6fz", "parentRecordId": "ctrypqyl2z9rsuvq", "fields": {"mes": ["2022-06"], "colltmgkykvhxgij6": ["clwyggvkylzqu4l4c"], "rmrp": ["Si"], "covid": ["No"], "modalidad_impl": ["cmo12q1kykwwosjka"], "PR6_01": [1], "PR6_01_CUAL": "Se reporta la actividad realizada por el d\u00eda Mundial de los Refugiados en el cant\u00f3n Loja, con la Asociaci\u00f3n de Venezolanos \u201cASIMPOVEN\u201d, que son parte del mecanismo comunitario de protecci\u00f3n, con el pintado de un mural \u201cToda persona, tiene derecho a buscar protecci\u00f3n\u201d, en las afueras de la unidad educativa Jos\u00e9 \u00c1ngel Palacio. En la actividad participaron poblaci\u00f3n de inter\u00e9s y comunidad de acogida. "}}, {"formId": "c1ajh01kyszt0c88", "recordId": "cl5q9bhmr005v90nmo43u63fy", "parentRecordId": "cabsfwwl0lc6ym6b", "fields": {"mes": ["2022-06"], "colltmgkykvhxgij6": ["clwyggvkylzqu4l4c"], "rmrp": ["Si"], "covid": ["No"], "modalidad_impl": ["cmo12q1kykwwosjka"], "PR6_01": [6], "PR6_01_CUAL": "Esmeraldas: Red Badeas \nSan Lorenzo: Colectivo Ojos que miran al sol y la lluvia y J\u00f3venes Casa de la Juventud ,Esmeraldas: Red Badeas \nSan Lorenzo: Colectivo Ojos que miran al sol y la lluvia y J\u00f3venes Casa de la Juventud "}}, {"formId": "c1ajh01kyszt0c88", "recordId": "cl5q9bi58005w90nmo31bbinx", "parentRecordId": "cruxxl7l0lc4yqy9", "fields": {"mes": ["2022-06"], "colltmgkykvhxgij6": ["clwyggvkylzqu4l4c"], "rmrp": ["Si"], "covid": ["No"], "modalidad_impl": ["cmo12q1kykwwosjka"], "PR6_01": [2], "PR6_01_CUAL": "Esmeraldas: Red Badeas \nSan Lorenzo: Colectivo Ojos que miran al sol y la lluvia y J\u00f3venes Casa de la Juventud ,Esmeraldas: Red Badeas \nSan Lorenzo: Colectivo Ojos que miran al sol y la lluvia y J\u00f3venes Casa de la Juventud "}}]}