{"changes": [{"formId": "c5vie2zkysumtk35", "recordId": "cl5q9d1e1006o90nm9svdb5hd", "parentRecordId": "cl5q96ew7001790nmsvunj5od", "fields": {"mes": "2022-06", "colltmgkykvhxgij6": "cu2uyackylzqu4r4y", "rmrp": "Si", "covid": "No", "PRPI5_03": 52, "PRPI5_03_CUAL": "Tulc\u00e1n: Talleres enfocados en Empleabilidad con la participaci\u00f3n de los voluntarios en la casa de la Juventud Carchi y los talleres de educaci\u00f3n financiera durante el seguimiento del grupo de autoahorro, como talleres enfocados en violencia basada en g\u00e9nero. Ibarra: Se  da continuidad al proceso de capacitaci\u00f3n sobre \"Emprendimiento\" donde participan 19 adolescentes y j\u00f3venes, tambi\u00e9n asisten tres veces por semana a los ensayos de danza y teatro para la actividad por el DMR."}}, {"formId": "c5vie2zkysumtk35", "recordId": "cl5q9d1vn006p90nmef9gb3xd", "parentRecordId": "cl5q96ew7001990nmwq17nnvh", "fields": {"mes": "2022-06", "colltmgkykvhxgij6": "cu2uyackylzqu4r4y", "rmrp": "Si", "covid": "No", "PRPI5_03": 4, "PRPI5_03_CUAL": "Tulc\u00e1n: Talleres enfocados en Empleabilidad con la participaci\u00f3n de los voluntarios en la casa de la Juventud Carchi y los talleres de educaci\u00f3n financiera durante el seguimiento del grupo de autoahorro, como talleres enfocados en violencia basada en g\u00e9nero. Ibarra: Se  da continuidad al proceso de capacitaci\u00f3n sobre \"Emprendimiento\" donde participan 19 adolescentes y j\u00f3venes, tambi\u00e9n asisten tres veces por semana a los ensayos de danza y teatro para la actividad por el DMR."}}, {"formId": "c5vie2zkysumtk35", "recordId": "cl5q9d2be006q90nmzca9r88e", "parentRecordId": "cl5q96ew7001f90nms84xqggd", "fields": {"mes": "2022-06", "colltmgkykvhxgij6": "cu2uyackylzqu4r4y", "rmrp": "Si", "covid": "No", "PRPI5_03": 19, "PRPI5_03_CUAL": "Campeones Comunitarios con Ni\u00f1os, ni\u00f1as y adolescentes, en el caso de Pimampiro el trabajo es con mujeres como procesos de lideresas promotoras comunitarias son parte de los mismos grupos de madres, padres y cuidadores de los Campeones comunitarios ,Nuevos participantes que se unen a los procesos de Campeones Comunitarios "}}, {"formId": "c5vie2zkysumtk35", "recordId": "cl5q9d2qb006r90nmd4brj102", "parentRecordId": "cl5q96ew7001h90nmbbzpluuh", "fields": {"mes": "2022-06", "colltmgkykvhxgij6": "cu2uyackylzqu4r4y", "rmrp": "Si", "covid": "No", "PRPI5_03": 7, "PRPI5_03_CUAL": "Campeones Comunitarios con Ni\u00f1os, ni\u00f1as y adolescentes, en el caso de Pimampiro el trabajo es con mujeres como procesos de lideresas promotoras comunitarias son parte de los mismos grupos de madres, padres y cuidadores de los Campeones comunitarios ,Nuevos participantes que se unen a los procesos de Campeones Comunitarios "}}, {"formId": "c5vie2zkysumtk35", "recordId": "cl5q9d382006s90nm8rn9nwof", "parentRecordId": "cl5q96ew8001i90nmpzxogrz0", "fields": {"mes": "2022-06", "colltmgkykvhxgij6": "cu2uyackylzqu4r4y", "rmrp": "Si", "covid": "No", "PRPI5_03": 9, "PRPI5_03_CUAL": "Campeones Comunitarios con Ni\u00f1os, ni\u00f1as y adolescentes, en el caso de Pimampiro el trabajo es con mujeres como procesos de lideresas promotoras comunitarias son parte de los mismos grupos de madres, padres y cuidadores de los Campeones comunitarios ,Nuevos participantes que se unen a los procesos de Campeones Comunitarios "}}, {"formId": "c5vie2zkysumtk35", "recordId": "cl5q9d3nf006t90nm25j65qgo", "parentRecordId": "cl5q96ew8001j90nm6oiky1xx", "fields": {"mes": "2022-06", "colltmgkykvhxgij6": "cu2uyackylzqu4r4y", "rmrp": "Si", "covid": "No", "PRPI5_03": 3, "PRPI5_03_CUAL": "Campeones Comunitarios con Ni\u00f1os, ni\u00f1as y adolescentes, en el caso de Pimampiro el trabajo es con mujeres como procesos de lideresas promotoras comunitarias son parte de los mismos grupos de madres, padres y cuidadores de los Campeones comunitarios ,Nuevos participantes que se unen a los procesos de Campeones Comunitarios "}}, {"formId": "c5vie2zkysumtk35", "recordId": "cl5q9d43p006u90nmaxl1q4jr", "parentRecordId": "cl5q96ew8001k90nm0he2k8sj", "fields": {"mes": "2022-06", "colltmgkykvhxgij6": "cu2uyackylzqu4r4y", "rmrp": "Si", "covid": "No", "PRPI5_03": 7, "PRPI5_03_CUAL": "Campeones Comunitarios con Ni\u00f1os, ni\u00f1as y adolescentes, en el caso de Pimampiro el trabajo es con mujeres como procesos de lideresas promotoras comunitarias son parte de los mismos grupos de madres, padres y cuidadores de los Campeones comunitarios ,Nuevos participantes que se unen a los procesos de Campeones Comunitarios "}}, {"formId": "c5vie2zkysumtk35", "recordId": "cl5q9d4jz006v90nmn8ivw302", "parentRecordId": "cl5q96ew8001l90nmo4o20wua", "fields": {"mes": "2022-06", "colltmgkykvhxgij6": "cu2uyackylzqu4r4y", "rmrp": "Si", "covid": "No", "PRPI5_03": 12, "PRPI5_03_CUAL": "Campeones Comunitarios con Ni\u00f1os, ni\u00f1as y adolescentes, en el caso de Pimampiro el trabajo es con mujeres como procesos de lideresas promotoras comunitarias son parte de los mismos grupos de madres, padres y cuidadores de los Campeones comunitarios ,Nuevos participantes que se unen a los procesos de Campeones Comunitarios "}}, {"formId": "c5vie2zkysumtk35", "recordId": "cl5q9d50e006w90nm0r16nzb8", "parentRecordId": "cl5q96ew8001m90nmi3ypicv1", "fields": {"mes": "2022-06", "colltmgkykvhxgij6": "cu2uyackylzqu4r4y", "rmrp": "Si", "covid": "No", "PRPI5_03": 19, "PRPI5_03_CUAL": "Campeones Comunitarios con Ni\u00f1os, ni\u00f1as y adolescentes, en el caso de Pimampiro el trabajo es con mujeres como procesos de lideresas promotoras comunitarias son parte de los mismos grupos de madres, padres y cuidadores de los Campeones comunitarios ,Nuevos participantes que se unen a los procesos de Campeones Comunitarios "}}, {"formId": "c5vie2zkysumtk35", "recordId": "cl5q9d5h3006x90nms7an0swf", "parentRecordId": "cl5q96ew8001o90nmh2q4ey3e", "fields": {"mes": "2022-06", "colltmgkykvhxgij6": "cu2uyackylzqu4r4y", "rmrp": "Si", "covid": "No", "PRPI5_03": 13, "PRPI5_03_CUAL": "Campeones Comunitarios con Ni\u00f1os, ni\u00f1as y adolescentes, en el caso de Pimampiro el trabajo es con mujeres como procesos de lideresas promotoras comunitarias son parte de los mismos grupos de madres, padres y cuidadores de los Campeones comunitarios ,Nuevos participantes que se unen a los procesos de Campeones Comunitarios "}}, {"formId": "c5vie2zkysumtk35", "recordId": "cl5q9d5ww006y90nmi23zk0qo", "parentRecordId": "cl5q96ew8001q90nmmgclnsoa", "fields": {"mes": "2022-06", "colltmgkykvhxgij6": "cu2uyackylzqu4r4y", "rmrp": "Si", "covid": "No", "PRPI5_03": 3, "PRPI5_03_CUAL": "Campeones Comunitarios con Ni\u00f1os, ni\u00f1as y adolescentes, en el caso de Pimampiro el trabajo es con mujeres como procesos de lideresas promotoras comunitarias son parte de los mismos grupos de madres, padres y cuidadores de los Campeones comunitarios ,Nuevos participantes que se unen a los procesos de Campeones Comunitarios "}}, {"formId": "c5vie2zkysumtk35", "recordId": "cl5q9d6cs006z90nm8z5ysgva", "parentRecordId": "cx38ifkl5gyv5uyi", "fields": {"mes": "2022-06", "colltmgkykvhxgij6": "cu2uyackylzqu4r4y", "rmrp": "Si", "covid": "No", "PRPI5_03": 23, "PRPI5_03_CUAL": "En el indicador se reporta las sesiones trabajas de la metodolog\u00eda Crianza Positiva, dirigida a la poblaci\u00f3n de inter\u00e9s y comunidad de acogida en los cantones Loja y Pindal. En el cant\u00f3n Loja se trabaj\u00f3 con madres que tienen sus ni\u00f1os en los Centros de Desarrollo Infantil y modalidad CNH del MIES, con el tema \u201cSesi\u00f3n 3, Construyendo Igualdad con Ni\u00f1os y Ni\u00f1as\u201d. Adem\u00e1s, se trabaj\u00f3 con ni\u00f1os, ni\u00f1as y adolescentes sobre los \u201cSue\u00f1os de ni\u00f1as y ni\u00f1os migrantes\u201d, en conmemoraci\u00f3n del d\u00eda Mundial de los Refugiados. En el cant\u00f3n Pindal se trabaj\u00f3 con madres que tienen sus ni\u00f1os en los Centros de Desarrollo Infantil y modalidad CNH del MIES, con el tema \u201cSesi\u00f3n 2, Clima familiar afectivo\u201d. "}}, {"formId": "c5vie2zkysumtk35", "recordId": "cl5q9d6tv007090nmu7vqdbre", "parentRecordId": "c5j5smnl5gysmqsg", "fields": {"mes": "2022-06", "colltmgkykvhxgij6": "cu2uyackylzqu4r4y", "rmrp": "Si", "covid": "No", "PRPI5_03": 32, "PRPI5_03_CUAL": "En el indicador se reporta las sesiones trabajas de la metodolog\u00eda Crianza Positiva, dirigida a la poblaci\u00f3n de inter\u00e9s y comunidad de acogida en los cantones Loja y Pindal. En el cant\u00f3n Loja se trabaj\u00f3 con madres que tienen sus ni\u00f1os en los Centros de Desarrollo Infantil y modalidad CNH del MIES, con el tema \u201cSesi\u00f3n 3, Construyendo Igualdad con Ni\u00f1os y Ni\u00f1as\u201d. Adem\u00e1s, se trabaj\u00f3 con ni\u00f1os, ni\u00f1as y adolescentes sobre los \u201cSue\u00f1os de ni\u00f1as y ni\u00f1os migrantes\u201d, en conmemoraci\u00f3n del d\u00eda Mundial de los Refugiados. En el cant\u00f3n Pindal se trabaj\u00f3 con madres que tienen sus ni\u00f1os en los Centros de Desarrollo Infantil y modalidad CNH del MIES, con el tema \u201cSesi\u00f3n 2, Clima familiar afectivo\u201d. "}}]}