{"changes": [{"formId": "c4d8wbzkyngr50t3", "recordId": "cl5q9i7jm008r90nmwrl3a8si", "parentRecordId": "c90yir0l30avmy5c", "fields": {"mes": "2022-06", "colltmgkykvhxgij6": "codm40bkylzqu4f3p", "rmrp": "Si", "covid": "No", "espacion_apoyo": "No", "poblacion_meta": ["Refugiados/as y migrantes", "Comunidad de acogida"], "modalidad_impl": "cmo12q1kykwwosjka", "IN2_01_RM_MM": 11, "IN2_01_RM_HH": 1, "IN2_01_CA_MM": 3, "IN2_01_CA_HH": 0, "IN2_01_CUAL": "Dentro del proceso MDG, se ejecut\u00f3 el taller reforzamiento de educaci\u00f3n financiera, con temas control de presupuesto, patrimonio, capacidad de cr\u00e9dito y caja de ahorro."}}]}