{"changes": [{"formId": "c5vie2zkysumtk35", "recordId": "cl5q9c4xx006390nmj0ql1lbc", "parentRecordId": "cl5q96ew7001690nm406037tz", "fields": {"mes": "2022-06", "colltmgkykvhxgij6": "c790yvmkylzqu4q4s", "rmrp": "Si", "covid": "No", "poblacion_meta2": "Refugiados y migrantes", "PRPI1_02_RM_NA": 6, "PRPI1_02_RM_NN": 6, "PRPI1_02_RM_OTR": 0, "PRPI1_02_RM_LGBT": 0, "PRPI1_02_RM_DS": 0, "PRPI1_02_CUAL": null}}, {"formId": "c5vie2zkysumtk35", "recordId": "cl5q9c69h006490nmyxl62i4x", "parentRecordId": "cl5q96ew7001990nmwq17nnvh", "fields": {"mes": "2022-06", "colltmgkykvhxgij6": "c790yvmkylzqu4q4s", "rmrp": "Si", "covid": "No", "poblacion_meta2": "Refugiados y migrantes", "PRPI1_02_RM_NA": 4, "PRPI1_02_RM_NN": 0, "PRPI1_02_RM_OTR": 0, "PRPI1_02_RM_LGBT": 0, "PRPI1_02_RM_DS": 0, "PRPI1_02_CUAL": "Ibarra: Se realiza el abordaje de 4 adolescentes mujeres, todos los casos fueron referidos por HIAS e ingresaron 3.  Tulc\u00e1n: Se abordo un caso de una adolescente, caso remitido por MIES-CEA"}}, {"formId": "c5vie2zkysumtk35", "recordId": "cl5q9c7pe006590nmxv1xrcyr", "parentRecordId": "cl5q96ew7001790nmsvunj5od", "fields": {"mes": "2022-06", "colltmgkykvhxgij6": "c790yvmkylzqu4q4s", "rmrp": "Si", "covid": "No", "poblacion_meta2": "Refugiados y migrantes", "PRPI1_02_RM_NA": 1, "PRPI1_02_RM_NN": 0, "PRPI1_02_RM_OTR": 0, "PRPI1_02_RM_LGBT": 0, "PRPI1_02_RM_DS": 0, "PRPI1_02_CUAL": "Ibarra: Se realiza el abordaje de 4 adolescentes mujeres, todos los casos fueron referidos por HIAS e ingresaron 3.  Tulc\u00e1n: Se abordo un caso de una adolescente, caso remitido por MIES-CEA"}}, {"formId": "c5vie2zkysumtk35", "recordId": "cl5q9c9fp006690nmuqzd6v3j", "parentRecordId": "c2jklell47gswhke", "fields": {"mes": "2022-06", "colltmgkykvhxgij6": "c790yvmkylzqu4q4s", "rmrp": "Si", "covid": "No", "poblacion_meta2": "Refugiados y migrantes", "PRPI1_02_RM_NA": 11, "PRPI1_02_RM_NN": 7, "PRPI1_02_RM_OTR": 0, "PRPI1_02_RM_LGBT": 0, "PRPI1_02_RM_DS": 0, "PRPI1_02_CUAL": "Como parte del proceso de gesti\u00f3n de casos, se identifican NNA separados y no acompa\u00f1ados, NNA en riesgo de trabajo infantil, NNA sin documentaci\u00f3n, adolescentes en periodo lactancia, NNA no escolarizados por falta de recursos, adolescentes no acompa\u00f1adas en uni\u00f3n temprana, adolescentes en estado de gestaci\u00f3n, NNA en riesgo de mendicidad infantil, adolescentes con riesgo de VBG, NNA con enfermedades cr\u00f3nicas, NNA orientados a servicios de salud, NNA con discapacidad, adem\u00e1s de NNA no acompa\u00f1ados en situaci\u00f3n de calle."}}, {"formId": "c5vie2zkysumtk35", "recordId": "cl5q9cb6f006790nma9txuajy", "parentRecordId": "cmsxtz2l47gpbyhc", "fields": {"mes": "2022-06", "colltmgkykvhxgij6": "c790yvmkylzqu4q4s", "rmrp": "Si", "covid": "No", "poblacion_meta2": "Refugiados y migrantes", "PRPI1_02_RM_NA": 4, "PRPI1_02_RM_NN": 3, "PRPI1_02_RM_OTR": 0, "PRPI1_02_RM_LGBT": 0, "PRPI1_02_RM_DS": 0, "PRPI1_02_CUAL": "Como parte del proceso de gesti\u00f3n de casos, se identifican NNA separados y no acompa\u00f1ados, NNA en riesgo de trabajo infantil, NNA sin documentaci\u00f3n, adolescentes en periodo lactancia, NNA no escolarizados por falta de recursos, adolescentes no acompa\u00f1adas en uni\u00f3n temprana, adolescentes en estado de gestaci\u00f3n, NNA en riesgo de mendicidad infantil, adolescentes con riesgo de VBG, NNA con enfermedades cr\u00f3nicas, NNA orientados a servicios de salud, NNA con discapacidad, adem\u00e1s de NNA no acompa\u00f1ados en situaci\u00f3n de calle."}}, {"formId": "c5vie2zkysumtk35", "recordId": "cl5q9cd6s006890nmjh451pou", "parentRecordId": "cjbovd1l47gmx5ub", "fields": {"mes": "2022-06", "colltmgkykvhxgij6": "c790yvmkylzqu4q4s", "rmrp": "Si", "covid": "No", "poblacion_meta2": "Refugiados y migrantes", "PRPI1_02_RM_NA": 6, "PRPI1_02_RM_NN": 8, "PRPI1_02_RM_OTR": 0, "PRPI1_02_RM_LGBT": 0, "PRPI1_02_RM_DS": 0, "PRPI1_02_CUAL": "Como parte del proceso de gesti\u00f3n de casos, se identifican NNA separados y no acompa\u00f1ados, NNA en riesgo de trabajo infantil, NNA sin documentaci\u00f3n, adolescentes en periodo lactancia, NNA no escolarizados por falta de recursos, adolescentes no acompa\u00f1adas en uni\u00f3n temprana, adolescentes en estado de gestaci\u00f3n, NNA en riesgo de mendicidad infantil, adolescentes con riesgo de VBG, NNA con enfermedades cr\u00f3nicas, NNA orientados a servicios de salud, NNA con discapacidad, adem\u00e1s de NNA no acompa\u00f1ados en situaci\u00f3n de calle."}}, {"formId": "c5vie2zkysumtk35", "recordId": "cl5q9cf28006990nm7vhjq49r", "parentRecordId": "c9evjl2l3103eu51f", "fields": {"mes": "2022-06", "colltmgkykvhxgij6": "c790yvmkylzqu4q4s", "rmrp": "Si", "covid": "No", "poblacion_meta2": "Refugiados y migrantes", "PRPI1_02_RM_NA": 4, "PRPI1_02_RM_NN": 4, "PRPI1_02_RM_OTR": 0, "PRPI1_02_RM_LGBT": 0, "PRPI1_02_RM_DS": 0, "PRPI1_02_CUAL": "Como parte del proceso de gesti\u00f3n de casos, se identifican NNA separados y no acompa\u00f1ados, NNA en riesgo de trabajo infantil, NNA sin documentaci\u00f3n, adolescentes en periodo lactancia, NNA no escolarizados por falta de recursos, adolescentes no acompa\u00f1adas en uni\u00f3n temprana, adolescentes en estado de gestaci\u00f3n, NNA en riesgo de mendicidad infantil, adolescentes con riesgo de VBG, NNA con enfermedades cr\u00f3nicas, NNA orientados a servicios de salud, NNA con discapacidad, adem\u00e1s de NNA no acompa\u00f1ados en situaci\u00f3n de calle."}}, {"formId": "c5vie2zkysumtk35", "recordId": "cl5q9cgxu006a90nms0valfa0", "parentRecordId": "c5fllfgl30zydkp1d", "fields": {"mes": "2022-06", "colltmgkykvhxgij6": "c790yvmkylzqu4q4s", "rmrp": "Si", "covid": "No", "poblacion_meta2": "Refugiados y migrantes", "PRPI1_02_RM_NA": 2, "PRPI1_02_RM_NN": 7, "PRPI1_02_RM_OTR": 0, "PRPI1_02_RM_LGBT": 0, "PRPI1_02_RM_DS": 0, "PRPI1_02_CUAL": "Como parte del proceso de gesti\u00f3n de casos, se identifican NNA separados y no acompa\u00f1ados, NNA en riesgo de trabajo infantil, NNA sin documentaci\u00f3n, adolescentes en periodo lactancia, NNA no escolarizados por falta de recursos, adolescentes no acompa\u00f1adas en uni\u00f3n temprana, adolescentes en estado de gestaci\u00f3n, NNA en riesgo de mendicidad infantil, adolescentes con riesgo de VBG, NNA con enfermedades cr\u00f3nicas, NNA orientados a servicios de salud, NNA con discapacidad, adem\u00e1s de NNA no acompa\u00f1ados en situaci\u00f3n de calle."}}, {"formId": "c5vie2zkysumtk35", "recordId": "cl5q9cimc006b90nmbdndt2qx", "parentRecordId": "c91a5d1l30zq47z1a", "fields": {"mes": "2022-06", "colltmgkykvhxgij6": "c790yvmkylzqu4q4s", "rmrp": "Si", "covid": "No", "poblacion_meta2": "Refugiados y migrantes", "PRPI1_02_RM_NA": 4, "PRPI1_02_RM_NN": 1, "PRPI1_02_RM_OTR": 0, "PRPI1_02_RM_LGBT": 0, "PRPI1_02_RM_DS": 0, "PRPI1_02_CUAL": "Como parte del proceso de gesti\u00f3n de casos, se identifican NNA separados y no acompa\u00f1ados, NNA en riesgo de trabajo infantil, NNA sin documentaci\u00f3n, adolescentes en periodo lactancia, NNA no escolarizados por falta de recursos, adolescentes no acompa\u00f1adas en uni\u00f3n temprana, adolescentes en estado de gestaci\u00f3n, NNA en riesgo de mendicidad infantil, adolescentes con riesgo de VBG, NNA con enfermedades cr\u00f3nicas, NNA orientados a servicios de salud, NNA con discapacidad, adem\u00e1s de NNA no acompa\u00f1ados en situaci\u00f3n de calle."}}, {"formId": "c5vie2zkysumtk35", "recordId": "cl5q9cke4006c90nmxr8a359s", "parentRecordId": "cpenqeol30zfr0510", "fields": {"mes": "2022-06", "colltmgkykvhxgij6": "c790yvmkylzqu4q4s", "rmrp": "Si", "covid": "No", "poblacion_meta2": "Refugiados y migrantes", "PRPI1_02_RM_NA": 0, "PRPI1_02_RM_NN": 1, "PRPI1_02_RM_OTR": 0, "PRPI1_02_RM_LGBT": 0, "PRPI1_02_RM_DS": 0, "PRPI1_02_CUAL": "Como parte del proceso de gesti\u00f3n de casos, se identifican NNA separados y no acompa\u00f1ados, NNA en riesgo de trabajo infantil, NNA sin documentaci\u00f3n, adolescentes en periodo lactancia, NNA no escolarizados por falta de recursos, adolescentes no acompa\u00f1adas en uni\u00f3n temprana, adolescentes en estado de gestaci\u00f3n, NNA en riesgo de mendicidad infantil, adolescentes con riesgo de VBG, NNA con enfermedades cr\u00f3nicas, NNA orientados a servicios de salud, NNA con discapacidad, adem\u00e1s de NNA no acompa\u00f1ados en situaci\u00f3n de calle."}}, {"formId": "c5vie2zkysumtk35", "recordId": "cl5q9clxr006d90nmhhqn2p4u", "parentRecordId": "c3zeuqxl1uvkley1h", "fields": {"mes": "2022-06", "colltmgkykvhxgij6": "c790yvmkylzqu4q4s", "rmrp": "Si", "covid": "No", "poblacion_meta2": "Refugiados y migrantes", "PRPI1_02_RM_NA": 0, "PRPI1_02_RM_NN": 1, "PRPI1_02_RM_OTR": 0, "PRPI1_02_RM_LGBT": 0, "PRPI1_02_RM_DS": 0, "PRPI1_02_CUAL": "Como parte del proceso de gesti\u00f3n de casos, se identifican NNA separados y no acompa\u00f1ados, NNA en riesgo de trabajo infantil, NNA sin documentaci\u00f3n, adolescentes en periodo lactancia, NNA no escolarizados por falta de recursos, adolescentes no acompa\u00f1adas en uni\u00f3n temprana, adolescentes en estado de gestaci\u00f3n, NNA en riesgo de mendicidad infantil, adolescentes con riesgo de VBG, NNA con enfermedades cr\u00f3nicas, NNA orientados a servicios de salud, NNA con discapacidad, adem\u00e1s de NNA no acompa\u00f1ados en situaci\u00f3n de calle."}}, {"formId": "c5vie2zkysumtk35", "recordId": "cl5q9cng1006e90nm0d7ruxhp", "parentRecordId": "c6pym6pl0k2sghkr", "fields": {"mes": "2022-06", "colltmgkykvhxgij6": "c790yvmkylzqu4q4s", "rmrp": "Si", "covid": "No", "poblacion_meta2": "Refugiados y migrantes", "PRPI1_02_RM_NA": 3, "PRPI1_02_RM_NN": 2, "PRPI1_02_RM_OTR": 0, "PRPI1_02_RM_LGBT": 0, "PRPI1_02_RM_DS": 0, "PRPI1_02_CUAL": "Como parte del proceso de gesti\u00f3n de casos, se identifican NNA separados y no acompa\u00f1ados, NNA en riesgo de trabajo infantil, NNA sin documentaci\u00f3n, adolescentes en periodo lactancia, NNA no escolarizados por falta de recursos, adolescentes no acompa\u00f1adas en uni\u00f3n temprana, adolescentes en estado de gestaci\u00f3n, NNA en riesgo de mendicidad infantil, adolescentes con riesgo de VBG, NNA con enfermedades cr\u00f3nicas, NNA orientados a servicios de salud, NNA con discapacidad, adem\u00e1s de NNA no acompa\u00f1ados en situaci\u00f3n de calle."}}, {"formId": "c5vie2zkysumtk35", "recordId": "cl5q9cp29006f90nmfwuywdcv", "parentRecordId": "c8cerh8l0k2j555n", "fields": {"mes": "2022-06", "colltmgkykvhxgij6": "c790yvmkylzqu4q4s", "rmrp": "Si", "covid": "No", "poblacion_meta2": "Refugiados y migrantes", "PRPI1_02_RM_NA": 1, "PRPI1_02_RM_NN": 0, "PRPI1_02_RM_OTR": 0, "PRPI1_02_RM_LGBT": 0, "PRPI1_02_RM_DS": 0, "PRPI1_02_CUAL": "Como parte del proceso de gesti\u00f3n de casos, se identifican NNA separados y no acompa\u00f1ados, NNA en riesgo de trabajo infantil, NNA sin documentaci\u00f3n, adolescentes en periodo lactancia, NNA no escolarizados por falta de recursos, adolescentes no acompa\u00f1adas en uni\u00f3n temprana, adolescentes en estado de gestaci\u00f3n, NNA en riesgo de mendicidad infantil, adolescentes con riesgo de VBG, NNA con enfermedades cr\u00f3nicas, NNA orientados a servicios de salud, NNA con discapacidad, adem\u00e1s de NNA no acompa\u00f1ados en situaci\u00f3n de calle."}}, {"formId": "c5vie2zkysumtk35", "recordId": "cl5q9cqm3006g90nmbzmaugps", "parentRecordId": "chuqttwkzcxucpy3", "fields": {"mes": "2022-06", "colltmgkykvhxgij6": "c790yvmkylzqu4q4s", "rmrp": "Si", "covid": "No", "poblacion_meta2": "Refugiados y migrantes", "PRPI1_02_RM_NA": 8, "PRPI1_02_RM_NN": 7, "PRPI1_02_RM_OTR": 0, "PRPI1_02_RM_LGBT": 2, "PRPI1_02_RM_DS": 0, "PRPI1_02_CUAL": "A trav\u00e9s de las entrevista se identifican las necesidades espec\u00edficas de los NNA y las visitas domiciliarias para conocer los espacios de vivienda.,Durante el mes de junio se han identificado 21 NNA"}}]}