{"changes": [{"formId": "c4d8wbzkyngr50t3", "recordId": "cl5q9hzqv008o90nmcqkve3f3", "parentRecordId": "clfaqyrl4cyfpdk2", "fields": {"mes": "2022-06", "colltmgkykvhxgij6": "csob121kylzqu4e3o", "rmrp": "Si", "covid": "No", "espacion_apoyo": "Si", "poblacion_meta": ["Refugiados/as y migrantes", "Comunidad de acogida"], "poblacion_meta_freq": "Recurrente", "modalidad_impl": "cmo12q1kykwwosjka", "IN1_01_RM_MM_R": 7, "IN1_01_RM_HH_R": 2, "IN1_01_RM_OTR_R": 0, "IN1_01_RM_LGBT_R": 0, "IN1_01_CA_MM_R": 58, "IN1_01_CA_HH_R": 70, "IN1_01_CA_OTR_R": 0, "IN1_01_CA_LGBT_R": 0, "IN1_01_CUAL": "Hojas de vida de personas de inter\u00e9s, completadas en los talleres de cl\u00ednicas de cv y nuevos interesados que suben su hoja de vida gracias a las pautas en redes sociales,Las actividades se describen en el indicador general"}}, {"formId": "c4d8wbzkyngr50t3", "recordId": "cl5q9i1rz008p90nmnex8ogy1", "parentRecordId": "c9ysqqbl4cym44j6", "fields": {"mes": "2022-06", "colltmgkykvhxgij6": "csob121kylzqu4e3o", "rmrp": "Si", "covid": "No", "espacion_apoyo": "Si", "poblacion_meta": ["Refugiados/as y migrantes", "Comunidad de acogida"], "poblacion_meta_freq": "Recurrente", "modalidad_impl": "cmo12q1kykwwosjka", "IN1_01_RM_MM_R": 6, "IN1_01_RM_HH_R": 4, "IN1_01_RM_OTR_R": 0, "IN1_01_RM_LGBT_R": 1, "IN1_01_CA_MM_R": 11, "IN1_01_CA_HH_R": 5, "IN1_01_CA_OTR_R": 0, "IN1_01_CA_LGBT_R": 1, "IN1_01_CUAL": "Hojas de vida de personas de inter\u00e9s, completadas en los talleres de cl\u00ednicas de cv y nuevos interesados que suben su hoja de vida gracias a las pautas en redes sociales,Las actividades se describen en el indicador general"}}, {"formId": "c4d8wbzkyngr50t3", "recordId": "cl5q9i3mj008q90nm4xohrqvs", "parentRecordId": "c5y9akel31pydo34", "fields": {"mes": "2022-06", "colltmgkykvhxgij6": "csob121kylzqu4e3o", "rmrp": "Si", "covid": "No", "espacion_apoyo": "Si", "poblacion_meta": ["Refugiados/as y migrantes", "Comunidad de acogida"], "poblacion_meta_freq": "Recurrente", "modalidad_impl": "cmo12q1kykwwosjka", "IN1_01_RM_MM_R": 12, "IN1_01_RM_HH_R": 3, "IN1_01_RM_OTR_R": 0, "IN1_01_RM_LGBT_R": 1, "IN1_01_CA_MM_R": 13, "IN1_01_CA_HH_R": 4, "IN1_01_CA_OTR_R": 0, "IN1_01_CA_LGBT_R": 1, "IN1_01_CUAL": "Hojas de vida de personas de inter\u00e9s, completadas en los talleres de cl\u00ednicas de cv y nuevos interesados que suben su hoja de vida gracias a las pautas en redes sociales,Las actividades se describen en el indicador general"}}]}