{"changes": [{"formId": "c5vie2zkysumtk35", "recordId": "cl5q9cu76006h90nmbb1dod3a", "parentRecordId": "cmsxtz2l47gpbyhc", "fields": {"mes": "2022-06", "colltmgkykvhxgij6": "cvjxk5xkylzqu4r4w", "rmrp": "Si", "covid": "No", "PRPI5_01": 31, "PRPI5_01_CUAL": "Se trabaj\u00f3 con funcionarios de la Junta Cantonal de Protecci\u00f3n de Derechos de Ambato, funcionarios del Consulado Colombiano y la Junta Cantonal de Protecci\u00f3n de Derechos de Esmeraldas, funcionarios del MIES de Ibarra y Manta, docentes de la U.E. Santiago de Guayaquil en Quito, docentes de unidades educativas de San Lorenzo, y con funcionarios de MPS, MINEDUC, MIES en Santo Domingo.\t\t\t\t\t\t\t\t\t\t\t\t\t\t\n"}}, {"formId": "c5vie2zkysumtk35", "recordId": "cl5q9cun3006i90nmtx9a0i7c", "parentRecordId": "cjbovd1l47gmx5ub", "fields": {"mes": "2022-06", "colltmgkykvhxgij6": "cvjxk5xkylzqu4r4w", "rmrp": "Si", "covid": "No", "PRPI5_01": 25, "PRPI5_01_CUAL": "Se trabaj\u00f3 con funcionarios de la Junta Cantonal de Protecci\u00f3n de Derechos de Ambato, funcionarios del Consulado Colombiano y la Junta Cantonal de Protecci\u00f3n de Derechos de Esmeraldas, funcionarios del MIES de Ibarra y Manta, docentes de la U.E. Santiago de Guayaquil en Quito, docentes de unidades educativas de San Lorenzo, y con funcionarios de MPS, MINEDUC, MIES en Santo Domingo.\t\t\t\t\t\t\t\t\t\t\t\t\t\t\n"}}, {"formId": "c5vie2zkysumtk35", "recordId": "cl5q9cvbo006j90nm0f2spghh", "parentRecordId": "c9evjl2l3103eu51f", "fields": {"mes": "2022-06", "colltmgkykvhxgij6": "cvjxk5xkylzqu4r4w", "rmrp": "Si", "covid": "No", "PRPI5_01": 14, "PRPI5_01_CUAL": "Se trabaj\u00f3 con funcionarios de la Junta Cantonal de Protecci\u00f3n de Derechos de Ambato, funcionarios del Consulado Colombiano y la Junta Cantonal de Protecci\u00f3n de Derechos de Esmeraldas, funcionarios del MIES de Ibarra y Manta, docentes de la U.E. Santiago de Guayaquil en Quito, docentes de unidades educativas de San Lorenzo, y con funcionarios de MPS, MINEDUC, MIES en Santo Domingo.\t\t\t\t\t\t\t\t\t\t\t\t\t\t\n"}}, {"formId": "c5vie2zkysumtk35", "recordId": "cl5q9cvvi006k90nmamaxtuu2", "parentRecordId": "c5fllfgl30zydkp1d", "fields": {"mes": "2022-06", "colltmgkykvhxgij6": "cvjxk5xkylzqu4r4w", "rmrp": "Si", "covid": "No", "PRPI5_01": 27, "PRPI5_01_CUAL": "Se trabaj\u00f3 con funcionarios de la Junta Cantonal de Protecci\u00f3n de Derechos de Ambato, funcionarios del Consulado Colombiano y la Junta Cantonal de Protecci\u00f3n de Derechos de Esmeraldas, funcionarios del MIES de Ibarra y Manta, docentes de la U.E. Santiago de Guayaquil en Quito, docentes de unidades educativas de San Lorenzo, y con funcionarios de MPS, MINEDUC, MIES en Santo Domingo.\t\t\t\t\t\t\t\t\t\t\t\t\t\t\n"}}, {"formId": "c5vie2zkysumtk35", "recordId": "cl5q9cwd1006l90nmlvny6q6h", "parentRecordId": "cpenqeol30zfr0510", "fields": {"mes": "2022-06", "colltmgkykvhxgij6": "cvjxk5xkylzqu4r4w", "rmrp": "Si", "covid": "No", "PRPI5_01": 36, "PRPI5_01_CUAL": "Se trabaj\u00f3 con funcionarios de la Junta Cantonal de Protecci\u00f3n de Derechos de Ambato, funcionarios del Consulado Colombiano y la Junta Cantonal de Protecci\u00f3n de Derechos de Esmeraldas, funcionarios del MIES de Ibarra y Manta, docentes de la U.E. Santiago de Guayaquil en Quito, docentes de unidades educativas de San Lorenzo, y con funcionarios de MPS, MINEDUC, MIES en Santo Domingo.\t\t\t\t\t\t\t\t\t\t\t\t\t\t\n"}}, {"formId": "c5vie2zkysumtk35", "recordId": "cl5q9cwu0006m90nmvp5zlhqt", "parentRecordId": "c6pym6pl0k2sghkr", "fields": {"mes": "2022-06", "colltmgkykvhxgij6": "cvjxk5xkylzqu4r4w", "rmrp": "Si", "covid": "No", "PRPI5_01": 31, "PRPI5_01_CUAL": "Se trabaj\u00f3 con funcionarios de la Junta Cantonal de Protecci\u00f3n de Derechos de Ambato, funcionarios del Consulado Colombiano y la Junta Cantonal de Protecci\u00f3n de Derechos de Esmeraldas, funcionarios del MIES de Ibarra y Manta, docentes de la U.E. Santiago de Guayaquil en Quito, docentes de unidades educativas de San Lorenzo, y con funcionarios de MPS, MINEDUC, MIES en Santo Domingo.\t\t\t\t\t\t\t\t\t\t\t\t\t\t\n"}}, {"formId": "c5vie2zkysumtk35", "recordId": "cl5q9cx9l006n90nm54h9a0do", "parentRecordId": "c8cerh8l0k2j555n", "fields": {"mes": "2022-06", "colltmgkykvhxgij6": "cvjxk5xkylzqu4r4w", "rmrp": "Si", "covid": "No", "PRPI5_01": 16, "PRPI5_01_CUAL": "Se trabaj\u00f3 con funcionarios de la Junta Cantonal de Protecci\u00f3n de Derechos de Ambato, funcionarios del Consulado Colombiano y la Junta Cantonal de Protecci\u00f3n de Derechos de Esmeraldas, funcionarios del MIES de Ibarra y Manta, docentes de la U.E. Santiago de Guayaquil en Quito, docentes de unidades educativas de San Lorenzo, y con funcionarios de MPS, MINEDUC, MIES en Santo Domingo.\t\t\t\t\t\t\t\t\t\t\t\t\t\t\n"}}]}