{"changes": [{"formId": "c1ajh01kyszt0c88", "recordId": "cl5q96nkm003y90nmcmp5c1nx", "parentRecordId": "cl5q96ewa002k90nmthe0cemk", "fields": {"mes": "2022-06", "colltmgkykvhxgij6": "czeze22kylzqu4i41", "orientacion": ["Acceso al asilo", "Acceso a servicios migratorios"], "rmrp": "Si", "covid": "No", "poblacion_meta": "Refugiados/as y migrantes", "PR1_01_RM_NA": 3, "PR1_01_RM_NN": 5, "PR1_01_RM_MM": 91, "PR1_01_RM_HH": 109, "PR1_01_RM_OTR": 0, "PR1_01_RM_LGBT": 1, "PR1_01_RM_DS": 5, "PR1_01_CUAL": "Proveer informaci\u00f3n, orientaci\u00f3n y asistencia legal sobre el derecho al asilo y el proceso de determinaci\u00f3n del estatus de refugiado, tr\u00e1mites/alternativas migratorias y documentaci\u00f3n a personas refugiadas, solicitantes del estatus de refugiado, Personas con Necesidad de Protecci\u00f3n Internacional (PNPI) y otras personas de inter\u00e9s de nacionalidad venezolana, colombiana y otras nacionalidades. Tambi\u00e9n se proveer informaci\u00f3n y orientaci\u00f3n sobre los derechos y acceso a servicios esenciales a las personas que lo requieran.", "PR1_02_RM_NA": 2, "PR1_02_RM_NN": 4, "PR1_02_RM_MM": 80, "PR1_02_RM_HH": 97, "PR1_02_RM_OTR": 0, "PR1_02_RM_LGBT": 1, "PR1_02_RM_DS": 4, "PR1_02_CUAL": null}}, {"formId": "c1ajh01kyszt0c88", "recordId": "cl5q96rai003z90nmuumf1d83", "parentRecordId": "cl5q96ewa002l90nmhzfqjtzl", "fields": {"mes": "2022-06", "colltmgkykvhxgij6": "czeze22kylzqu4i41", "orientacion": ["Acceso al asilo", "Acceso a servicios migratorios"], "rmrp": "Si", "covid": "No", "poblacion_meta": "Refugiados/as y migrantes", "PR1_01_RM_NA": 3, "PR1_01_RM_NN": 5, "PR1_01_RM_MM": 74, "PR1_01_RM_HH": 33, "PR1_01_RM_OTR": 0, "PR1_01_RM_LGBT": 1, "PR1_01_RM_DS": 3, "PR1_01_CUAL": "Proveer informaci\u00f3n, orientaci\u00f3n y asistencia legal sobre el derecho al asilo y el proceso de determinaci\u00f3n del estatus de refugiado, tr\u00e1mites/alternativas migratorias y documentaci\u00f3n a personas refugiadas, solicitantes del estatus de refugiado, Personas con Necesidad de Protecci\u00f3n Internacional (PNPI) y otras personas de inter\u00e9s de nacionalidad venezolana, colombiana y otras nacionalidades. Tambi\u00e9n se proveer informaci\u00f3n y orientaci\u00f3n sobre los derechos y acceso a servicios esenciales a las personas que lo requieran.", "PR1_02_RM_NA": 3, "PR1_02_RM_NN": 5, "PR1_02_RM_MM": 65, "PR1_02_RM_HH": 29, "PR1_02_RM_OTR": 0, "PR1_02_RM_LGBT": 1, "PR1_02_RM_DS": 3, "PR1_02_CUAL": null}}, {"formId": "c1ajh01kyszt0c88", "recordId": "cl5q96x6x004090nmhv2dszem", "parentRecordId": "crp9rl7kzh87hc31t", "fields": {"mes": "2022-06", "colltmgkykvhxgij6": "czeze22kylzqu4i41", "orientacion": ["Acceso al asilo", "Acceso a servicios migratorios"], "rmrp": "Si", "covid": "No", "poblacion_meta": "Refugiados/as y migrantes", "PR1_01_RM_NA": 30, "PR1_01_RM_NN": 30, "PR1_01_RM_MM": 49, "PR1_01_RM_HH": 42, "PR1_01_RM_OTR": 0, "PR1_01_RM_LGBT": 1, "PR1_01_RM_DS": 4, "PR1_01_CUAL": "Proveer informaci\u00f3n, orientaci\u00f3n y asistencia legal sobre el derecho al asilo y el proceso de determinaci\u00f3n del estatus de refugiado, tr\u00e1mites/alternativas migratorias y documentaci\u00f3n a personas refugiadas, solicitantes del estatus de refugiado, Personas con Necesidad de Protecci\u00f3n Internacional (PNPI) y otras personas de inter\u00e9s de nacionalidad venezolana, colombiana y otras nacionalidades. Tambi\u00e9n se proveer informaci\u00f3n y orientaci\u00f3n sobre los derechos y acceso a servicios esenciales a las personas que lo requieran.", "PR1_02_RM_NA": 27, "PR1_02_RM_NN": 26, "PR1_02_RM_MM": 44, "PR1_02_RM_HH": 37, "PR1_02_RM_OTR": 0, "PR1_02_RM_LGBT": 1, "PR1_02_RM_DS": 4, "PR1_02_CUAL": null}}, {"formId": "c1ajh01kyszt0c88", "recordId": "cl5q96zul004190nmh86c726i", "parentRecordId": "c4tjmdekzh83npj1r", "fields": {"mes": "2022-06", "colltmgkykvhxgij6": "czeze22kylzqu4i41", "orientacion": ["Acceso al asilo", "Acceso a servicios migratorios"], "rmrp": "Si", "covid": "No", "poblacion_meta": "Refugiados/as y migrantes", "PR1_01_RM_NA": 4, "PR1_01_RM_NN": 5, "PR1_01_RM_MM": 47, "PR1_01_RM_HH": 72, "PR1_01_RM_OTR": 0, "PR1_01_RM_LGBT": 1, "PR1_01_RM_DS": 3, "PR1_01_CUAL": "Proveer informaci\u00f3n, orientaci\u00f3n y asistencia legal sobre el derecho al asilo y el proceso de determinaci\u00f3n del estatus de refugiado, tr\u00e1mites/alternativas migratorias y documentaci\u00f3n a personas refugiadas, solicitantes del estatus de refugiado, Personas con Necesidad de Protecci\u00f3n Internacional (PNPI) y otras personas de inter\u00e9s de nacionalidad venezolana, colombiana y otras nacionalidades. Tambi\u00e9n se proveer informaci\u00f3n y orientaci\u00f3n sobre los derechos y acceso a servicios esenciales a las personas que lo requieran.", "PR1_02_RM_NA": 4, "PR1_02_RM_NN": 5, "PR1_02_RM_MM": 42, "PR1_02_RM_HH": 64, "PR1_02_RM_OTR": 0, "PR1_02_RM_LGBT": 1, "PR1_02_RM_DS": 3, "PR1_02_CUAL": null}}, {"formId": "c1ajh01kyszt0c88", "recordId": "cl5q972oe004290nmaaxwojm5", "parentRecordId": "cgfllm4kzh82bz31p", "fields": {"mes": "2022-06", "colltmgkykvhxgij6": "czeze22kylzqu4i41", "orientacion": ["Acceso al asilo", "Acceso a servicios migratorios"], "rmrp": "Si", "covid": "No", "poblacion_meta": "Refugiados/as y migrantes", "PR1_01_RM_NA": 3, "PR1_01_RM_NN": 3, "PR1_01_RM_MM": 81, "PR1_01_RM_HH": 65, "PR1_01_RM_OTR": 0, "PR1_01_RM_LGBT": 1, "PR1_01_RM_DS": 5, "PR1_01_CUAL": "Proveer informaci\u00f3n, orientaci\u00f3n y asistencia legal sobre el derecho al asilo y el proceso de determinaci\u00f3n del estatus de refugiado, tr\u00e1mites/alternativas migratorias y documentaci\u00f3n a personas refugiadas, solicitantes del estatus de refugiado, Personas con Necesidad de Protecci\u00f3n Internacional (PNPI) y otras personas de inter\u00e9s de nacionalidad venezolana, colombiana y otras nacionalidades. Tambi\u00e9n se proveer informaci\u00f3n y orientaci\u00f3n sobre los derechos y acceso a servicios esenciales a las personas que lo requieran.", "PR1_02_RM_NA": 2, "PR1_02_RM_NN": 3, "PR1_02_RM_MM": 71, "PR1_02_RM_HH": 57, "PR1_02_RM_OTR": 0, "PR1_02_RM_LGBT": 1, "PR1_02_RM_DS": 4, "PR1_02_CUAL": null}}, {"formId": "c1ajh01kyszt0c88", "recordId": "cl5q97571004390nmy2tqegvq", "parentRecordId": "cxsk1wkzh812mv1n", "fields": {"mes": "2022-06", "colltmgkykvhxgij6": "czeze22kylzqu4i41", "orientacion": ["Acceso al asilo", "Acceso a servicios migratorios"], "rmrp": "Si", "covid": "No", "poblacion_meta": "Refugiados/as y migrantes", "PR1_01_RM_NA": 3, "PR1_01_RM_NN": 4, "PR1_01_RM_MM": 14, "PR1_01_RM_HH": 4, "PR1_01_RM_OTR": 0, "PR1_01_RM_LGBT": 1, "PR1_01_RM_DS": 2, "PR1_01_CUAL": "Proveer informaci\u00f3n, orientaci\u00f3n y asistencia legal sobre el derecho al asilo y el proceso de determinaci\u00f3n del estatus de refugiado, tr\u00e1mites/alternativas migratorias y documentaci\u00f3n a personas refugiadas, solicitantes del estatus de refugiado, Personas con Necesidad de Protecci\u00f3n Internacional (PNPI) y otras personas de inter\u00e9s de nacionalidad venezolana, colombiana y otras nacionalidades. Tambi\u00e9n se proveer informaci\u00f3n y orientaci\u00f3n sobre los derechos y acceso a servicios esenciales a las personas que lo requieran.", "PR1_02_RM_NA": 3, "PR1_02_RM_NN": 4, "PR1_02_RM_MM": 13, "PR1_02_RM_HH": 3, "PR1_02_RM_OTR": 0, "PR1_02_RM_LGBT": 1, "PR1_02_RM_DS": 1, "PR1_02_CUAL": null}}, {"formId": "c1ajh01kyszt0c88", "recordId": "cl5q977hn004490nme1rue503", "parentRecordId": "cdd51y4kzh7wolz1j", "fields": {"mes": "2022-06", "colltmgkykvhxgij6": "czeze22kylzqu4i41", "orientacion": ["Acceso al asilo", "Acceso a servicios migratorios"], "rmrp": "Si", "covid": "No", "poblacion_meta": "Refugiados/as y migrantes", "PR1_01_RM_NA": 11, "PR1_01_RM_NN": 7, "PR1_01_RM_MM": 38, "PR1_01_RM_HH": 27, "PR1_01_RM_OTR": 0, "PR1_01_RM_LGBT": 1, "PR1_01_RM_DS": 3, "PR1_01_CUAL": "Proveer informaci\u00f3n, orientaci\u00f3n y asistencia legal sobre el derecho al asilo y el proceso de determinaci\u00f3n del estatus de refugiado, tr\u00e1mites/alternativas migratorias y documentaci\u00f3n a personas refugiadas, solicitantes del estatus de refugiado, Personas con Necesidad de Protecci\u00f3n Internacional (PNPI) y otras personas de inter\u00e9s de nacionalidad venezolana, colombiana y otras nacionalidades. Tambi\u00e9n se proveer informaci\u00f3n y orientaci\u00f3n sobre los derechos y acceso a servicios esenciales a las personas que lo requieran.", "PR1_02_RM_NA": 9, "PR1_02_RM_NN": 7, "PR1_02_RM_MM": 34, "PR1_02_RM_HH": 24, "PR1_02_RM_OTR": 0, "PR1_02_RM_LGBT": 1, "PR1_02_RM_DS": 2, "PR1_02_CUAL": null}}, {"formId": "c1ajh01kyszt0c88", "recordId": "cl5q979nw004590nmokr8zjks", "parentRecordId": "c3khp2tkzh7r1uf1h", "fields": {"mes": "2022-06", "colltmgkykvhxgij6": "czeze22kylzqu4i41", "orientacion": ["Acceso al asilo", "Acceso a servicios migratorios"], "rmrp": "Si", "covid": "No", "poblacion_meta": "Refugiados/as y migrantes", "PR1_01_RM_NA": 4, "PR1_01_RM_NN": 5, "PR1_01_RM_MM": 59, "PR1_01_RM_HH": 41, "PR1_01_RM_OTR": 2, "PR1_01_RM_LGBT": 1, "PR1_01_RM_DS": 3, "PR1_01_CUAL": "Proveer informaci\u00f3n, orientaci\u00f3n y asistencia legal sobre el derecho al asilo y el proceso de determinaci\u00f3n del estatus de refugiado, tr\u00e1mites/alternativas migratorias y documentaci\u00f3n a personas refugiadas, solicitantes del estatus de refugiado, Personas con Necesidad de Protecci\u00f3n Internacional (PNPI) y otras personas de inter\u00e9s de nacionalidad venezolana, colombiana y otras nacionalidades. Tambi\u00e9n se proveer informaci\u00f3n y orientaci\u00f3n sobre los derechos y acceso a servicios esenciales a las personas que lo requieran.", "PR1_02_RM_NA": 3, "PR1_02_RM_NN": 4, "PR1_02_RM_MM": 53, "PR1_02_RM_HH": 36, "PR1_02_RM_OTR": 2, "PR1_02_RM_LGBT": 1, "PR1_02_RM_DS": 3, "PR1_02_CUAL": null}}, {"formId": "c1ajh01kyszt0c88", "recordId": "cl5q97c3u004690nmflr5embp", "parentRecordId": "cai57i0kzh7nqnt1d", "fields": {"mes": "2022-06", "colltmgkykvhxgij6": "czeze22kylzqu4i41", "orientacion": ["Acceso al asilo", "Acceso a servicios migratorios"], "rmrp": "Si", "covid": "No", "poblacion_meta": "Refugiados/as y migrantes", "PR1_01_RM_NA": 14, "PR1_01_RM_NN": 17, "PR1_01_RM_MM": 87, "PR1_01_RM_HH": 54, "PR1_01_RM_OTR": 0, "PR1_01_RM_LGBT": 1, "PR1_01_RM_DS": 5, "PR1_01_CUAL": "Proveer informaci\u00f3n, orientaci\u00f3n y asistencia legal sobre el derecho al asilo y el proceso de determinaci\u00f3n del estatus de refugiado, tr\u00e1mites/alternativas migratorias y documentaci\u00f3n a personas refugiadas, solicitantes del estatus de refugiado, Personas con Necesidad de Protecci\u00f3n Internacional (PNPI) y otras personas de inter\u00e9s de nacionalidad venezolana, colombiana y otras nacionalidades. Tambi\u00e9n se proveer informaci\u00f3n y orientaci\u00f3n sobre los derechos y acceso a servicios esenciales a las personas que lo requieran.", "PR1_02_RM_NA": 13, "PR1_02_RM_NN": 16, "PR1_02_RM_MM": 78, "PR1_02_RM_HH": 48, "PR1_02_RM_OTR": 0, "PR1_02_RM_LGBT": 1, "PR1_02_RM_DS": 4, "PR1_02_CUAL": null}}, {"formId": "c1ajh01kyszt0c88", "recordId": "cl5q97ebq004790nm8cwctspp", "parentRecordId": "ccy8razkzh7l64n1b", "fields": {"mes": "2022-06", "colltmgkykvhxgij6": "czeze22kylzqu4i41", "orientacion": ["Acceso al asilo", "Acceso a servicios migratorios"], "rmrp": "Si", "covid": "No", "poblacion_meta": "Refugiados/as y migrantes", "PR1_01_RM_NA": 6, "PR1_01_RM_NN": 9, "PR1_01_RM_MM": 37, "PR1_01_RM_HH": 24, "PR1_01_RM_OTR": 0, "PR1_01_RM_LGBT": 1, "PR1_01_RM_DS": 3, "PR1_01_CUAL": "Proveer informaci\u00f3n, orientaci\u00f3n y asistencia legal sobre el derecho al asilo y el proceso de determinaci\u00f3n del estatus de refugiado, tr\u00e1mites/alternativas migratorias y documentaci\u00f3n a personas refugiadas, solicitantes del estatus de refugiado, Personas con Necesidad de Protecci\u00f3n Internacional (PNPI) y otras personas de inter\u00e9s de nacionalidad venezolana, colombiana y otras nacionalidades. Tambi\u00e9n se proveer informaci\u00f3n y orientaci\u00f3n sobre los derechos y acceso a servicios esenciales a las personas que lo requieran.", "PR1_02_RM_NA": 6, "PR1_02_RM_NN": 8, "PR1_02_RM_MM": 32, "PR1_02_RM_HH": 21, "PR1_02_RM_OTR": 0, "PR1_02_RM_LGBT": 1, "PR1_02_RM_DS": 2, "PR1_02_CUAL": null}}, {"formId": "c1ajh01kyszt0c88", "recordId": "cl5q97g9k004890nm54dcthbj", "parentRecordId": "cuq2p6mkzh5gspn17", "fields": {"mes": "2022-06", "colltmgkykvhxgij6": "czeze22kylzqu4i41", "orientacion": ["Acceso al asilo", "Acceso a servicios migratorios"], "rmrp": "Si", "covid": "No", "poblacion_meta": "Refugiados/as y migrantes", "PR1_01_RM_NA": 7, "PR1_01_RM_NN": 6, "PR1_01_RM_MM": 55, "PR1_01_RM_HH": 27, "PR1_01_RM_OTR": 0, "PR1_01_RM_LGBT": 1, "PR1_01_RM_DS": 3, "PR1_01_CUAL": "Proveer informaci\u00f3n, orientaci\u00f3n y asistencia legal sobre el derecho al asilo y el proceso de determinaci\u00f3n del estatus de refugiado, tr\u00e1mites/alternativas migratorias y documentaci\u00f3n a personas refugiadas, solicitantes del estatus de refugiado, Personas con Necesidad de Protecci\u00f3n Internacional (PNPI) y otras personas de inter\u00e9s de nacionalidad venezolana, colombiana y otras nacionalidades. Tambi\u00e9n se proveer informaci\u00f3n y orientaci\u00f3n sobre los derechos y acceso a servicios esenciales a las personas que lo requieran.", "PR1_02_RM_NA": 6, "PR1_02_RM_NN": 5, "PR1_02_RM_MM": 49, "PR1_02_RM_HH": 24, "PR1_02_RM_OTR": 0, "PR1_02_RM_LGBT": 1, "PR1_02_RM_DS": 2, "PR1_02_CUAL": null}}, {"formId": "c1ajh01kyszt0c88", "recordId": "cl5q97iad004990nmn139fezd", "parentRecordId": "cypjf4vkzh5d3yj15", "fields": {"mes": "2022-06", "colltmgkykvhxgij6": "czeze22kylzqu4i41", "orientacion": ["Acceso al asilo", "Acceso a servicios migratorios"], "rmrp": "Si", "covid": "No", "poblacion_meta": "Refugiados/as y migrantes", "PR1_01_RM_NA": 10, "PR1_01_RM_NN": 11, "PR1_01_RM_MM": 43, "PR1_01_RM_HH": 28, "PR1_01_RM_OTR": 1, "PR1_01_RM_LGBT": 1, "PR1_01_RM_DS": 3, "PR1_01_CUAL": "Proveer informaci\u00f3n, orientaci\u00f3n y asistencia legal sobre el derecho al asilo y el proceso de determinaci\u00f3n del estatus de refugiado, tr\u00e1mites/alternativas migratorias y documentaci\u00f3n a personas refugiadas, solicitantes del estatus de refugiado, Personas con Necesidad de Protecci\u00f3n Internacional (PNPI) y otras personas de inter\u00e9s de nacionalidad venezolana, colombiana y otras nacionalidades. Tambi\u00e9n se proveer informaci\u00f3n y orientaci\u00f3n sobre los derechos y acceso a servicios esenciales a las personas que lo requieran.", "PR1_02_RM_NA": 8, "PR1_02_RM_NN": 9, "PR1_02_RM_MM": 38, "PR1_02_RM_HH": 24, "PR1_02_RM_OTR": 1, "PR1_02_RM_LGBT": 1, "PR1_02_RM_DS": 2, "PR1_02_CUAL": null}}]}