{"changes": [{"formId": "cgev2lrkyoystct6", "recordId": "cl5q9dp31007790nmhl4kqd4e", "parentRecordId": "cl5q96ewb003190nmrcfx29ow", "fields": {"mes": "2022-06", "colltmgkykvhxgij6": "cgr5d7fkylzqu4p4p", "rmrp": "Si", "covid": "No", "PRVBG4_03": 95, "PRVBG4_03_CUAL": "Esmeraldas 94 personas y Lago Agrio 17 - Principalmente personas de acogida que reciben talleres para prevenci\u00f3n de la discriminaci\u00f3n y xenofobia,Talleres en Sto. Domingo sobre prevenci\u00f3n ante casos de xenofobia y discriminaci\u00f3n en general"}}, {"formId": "cgev2lrkyoystct6", "recordId": "cl5q9dpx9007890nmlf5ob3ij", "parentRecordId": "cl5q96ewc003790nmpb8yevrk", "fields": {"mes": "2022-06", "colltmgkykvhxgij6": "cgr5d7fkylzqu4p4p", "rmrp": "Si", "covid": "No", "PRVBG4_03": 17, "PRVBG4_03_CUAL": "Esmeraldas 94 personas y Lago Agrio 17 - Principalmente personas de acogida que reciben talleres para prevenci\u00f3n de la discriminaci\u00f3n y xenofobia,Talleres en Sto. Domingo sobre prevenci\u00f3n ante casos de xenofobia y discriminaci\u00f3n en general"}}, {"formId": "cgev2lrkyoystct6", "recordId": "cl5q9dqyd007990nmo5heqq2u", "parentRecordId": "cl5q96ewc003c90nmwjr69221", "fields": {"mes": "2022-06", "colltmgkykvhxgij6": "cgr5d7fkylzqu4p4p", "rmrp": "Si", "covid": "No", "PRVBG4_03": 20, "PRVBG4_03_CUAL": "Esmeraldas 94 personas y Lago Agrio 17 - Principalmente personas de acogida que reciben talleres para prevenci\u00f3n de la discriminaci\u00f3n y xenofobia,Talleres en Sto. Domingo sobre prevenci\u00f3n ante casos de xenofobia y discriminaci\u00f3n en general"}}, {"formId": "cgev2lrkyoystct6", "recordId": "cl5q9drpx007a90nmsyua9kzk", "parentRecordId": "cwxqp1cl1pa9i9sk", "fields": {"mes": "2022-06", "colltmgkykvhxgij6": "cgr5d7fkylzqu4p4p", "rmrp": "Si", "covid": "No", "PRVBG4_03": 41, "PRVBG4_03_CUAL": "Se trabaj\u00f3 en talleres sobre igualdad de g\u00e9nero, violencia y seguridad, prevenci\u00f3n y respuesta a la vbg, diversidades sexuales y de g\u00e9nero, masculinidades , empoderamiento de las mujeres, curr\u00edcula de mujeres, y curr\u00edcula de ni\u00f1as"}}, {"formId": "cgev2lrkyoystct6", "recordId": "cl5q9dsds007b90nmnw5sm4qp", "parentRecordId": "c3rorfml1pa2y49g", "fields": {"mes": "2022-06", "colltmgkykvhxgij6": "cgr5d7fkylzqu4p4p", "rmrp": "Si", "covid": "No", "PRVBG4_03": 88, "PRVBG4_03_CUAL": "Se trabaj\u00f3 en talleres sobre igualdad de g\u00e9nero, violencia y seguridad, prevenci\u00f3n y respuesta a la vbg, diversidades sexuales y de g\u00e9nero, masculinidades , empoderamiento de las mujeres, curr\u00edcula de mujeres, y curr\u00edcula de ni\u00f1as"}}, {"formId": "cgev2lrkyoystct6", "recordId": "cl5q9dt1o007c90nmb3gavh0m", "parentRecordId": "cihabbpl1p9xojnc", "fields": {"mes": "2022-06", "colltmgkykvhxgij6": "cgr5d7fkylzqu4p4p", "rmrp": "Si", "covid": "No", "PRVBG4_03": 31, "PRVBG4_03_CUAL": "Se trabaj\u00f3 en talleres sobre igualdad de g\u00e9nero, violencia y seguridad, prevenci\u00f3n y respuesta a la vbg, diversidades sexuales y de g\u00e9nero, masculinidades , empoderamiento de las mujeres, curr\u00edcula de mujeres, y curr\u00edcula de ni\u00f1as"}}, {"formId": "cgev2lrkyoystct6", "recordId": "cl5q9dtt7007d90nmya39gebr", "parentRecordId": "cc36jqel0l5dnhd7", "fields": {"mes": "2022-06", "colltmgkykvhxgij6": "cgr5d7fkylzqu4p4p", "rmrp": "Si", "covid": "No", "PRVBG4_03": 15, "PRVBG4_03_CUAL": "Se trabaj\u00f3 en talleres sobre igualdad de g\u00e9nero, violencia y seguridad, prevenci\u00f3n y respuesta a la vbg, diversidades sexuales y de g\u00e9nero, masculinidades , empoderamiento de las mujeres, curr\u00edcula de mujeres, y curr\u00edcula de ni\u00f1as"}}, {"formId": "cgev2lrkyoystct6", "recordId": "cl5q9duqy007e90nmtsvdoiax", "parentRecordId": "c3z6n5ul0l5457l4", "fields": {"mes": "2022-06", "colltmgkykvhxgij6": "cgr5d7fkylzqu4p4p", "rmrp": "Si", "covid": "No", "PRVBG4_03": 34, "PRVBG4_03_CUAL": "Se trabaj\u00f3 en talleres sobre igualdad de g\u00e9nero, violencia y seguridad, prevenci\u00f3n y respuesta a la vbg, diversidades sexuales y de g\u00e9nero, masculinidades , empoderamiento de las mujeres, curr\u00edcula de mujeres, y curr\u00edcula de ni\u00f1as"}}, {"formId": "cgev2lrkyoystct6", "recordId": "cl5q9dvl7007f90nm6n4qrkid", "parentRecordId": "cq97urnl0kb2tne1t", "fields": {"mes": "2022-06", "colltmgkykvhxgij6": "cgr5d7fkylzqu4p4p", "rmrp": "Si", "covid": "No", "PRVBG4_03": 14, "PRVBG4_03_CUAL": "Se trabaj\u00f3 en talleres sobre igualdad de g\u00e9nero, violencia y seguridad, prevenci\u00f3n y respuesta a la vbg, diversidades sexuales y de g\u00e9nero, masculinidades , empoderamiento de las mujeres, curr\u00edcula de mujeres, y curr\u00edcula de ni\u00f1as"}}, {"formId": "cgev2lrkyoystct6", "recordId": "cl5q9dwdp007g90nmxf32shuh", "parentRecordId": "c4rz53zl0kb0t3n1r", "fields": {"mes": "2022-06", "colltmgkykvhxgij6": "cgr5d7fkylzqu4p4p", "rmrp": "Si", "covid": "No", "PRVBG4_03": 33, "PRVBG4_03_CUAL": "Se trabaj\u00f3 en talleres sobre igualdad de g\u00e9nero, violencia y seguridad, prevenci\u00f3n y respuesta a la vbg, diversidades sexuales y de g\u00e9nero, masculinidades , empoderamiento de las mujeres, curr\u00edcula de mujeres, y curr\u00edcula de ni\u00f1as"}}]}