{"changes": [{"formId": "cddpx0jkym2f0he5", "recordId": "cl5q9e17i007h90nmxishdlaj", "parentRecordId": "cl5q96ewd003m90nmwc7765qi", "fields": {"mes": "2022-06", "colltmgkykvhxgij6": "ck0s9e8kylzqu4v5d", "rmrp": "Si", "covid": "No", "accion": "Personas de la sociedad civil capacitadas", "S4_01_S": 20, "S4_01_CUAL": "20 Personas asistieron al primer taller dictado para la poblaci\u00f3n PERTS ( personas ejercen trabajo sexual), el componente adolescentes (30 promotores) a\u00fan no se ha podido establecer inicio de talleres por factores externos en el contexto pa\u00eds, adicionalmente por que su metodolog\u00eda de capacitaci\u00f3n ser\u00e1 en modelo virtual"}}]}