{"changes": [{"formId": "cesmivokysrxu0z3", "recordId": "cl5q9e9hw007j90nmngsjp68o", "parentRecordId": "chj0rlrl1y131sx5", "fields": {"mes": "2022-06", "colltmgkykvhxgij6": "cnar65akylzqu5565", "rmrp": "Si", "covid": "No", "WA2_02": 4, "WA2_02_CUAL": "Manta: hasta la fecha se han mejorado 10 infraestructuras sanitarias. \nPortoviejo: hasta la fecha se han mejorado 4 infraestructuras sanitarias. Es importante tener en cuenta que a\u00fan faltan 3 unidades habitacionales por ser intervenidas. \nCuenca: hasta la fecha se han mejorado 17 infraestructuras sanitarias. \nGuayaquil: hasta la fecha se han mejorado 18 insfraestructuras sanitarias. \n\nEl porcentaje de avance fue de 109%. 49/45 unidades habitacionales. "}}]}