{"changes": [{"formId": "cgrklmakym3h7n64", "recordId": "cl5q9gg9k008990nmvddi4llx", "parentRecordId": "cl5q96ewd003n90nmvc5m7ing", "fields": {"mes": "2022-06", "colltmgkykvhxgij6": "clp734wkylzqu4y5o", "rmrp": "Si", "covid": "No", "poblacion_meta": ["Refugiados/as y migrantes", "Comunidad de acogida"], "poblacion_meta_freq": "cijhw0kyp1p6zv36", "mecanismos": "cmo12q1kykwwosjka", "AT1_01_RM_NA_PR": 45, "AT1_01_RM_NN_PR": 41, "AT1_01_RM_MM_PR": 48, "AT1_01_RM_HH_PR": 40, "AT1_01_RM_OTR_PR": 0, "AT1_01_RM_LGBT_PR": 2, "AT1_01_CA_NA_PR": 1, "AT1_01_CA_NN_PR": 2, "AT1_01_CA_MM_PR": 0, "AT1_01_CA_HH_PR": 0, "AT1_01_CA_OTR_PR": 0, "AT1_01_CA_LGBT_PR": 1}}, {"formId": "cgrklmakym3h7n64", "recordId": "cl5q9gijq008a90nmsvp7eg4t", "parentRecordId": "cl5q96ewd003o90nmgkbcyrpm", "fields": {"mes": "2022-06", "colltmgkykvhxgij6": "clp734wkylzqu4y5o", "rmrp": "Si", "covid": "No", "poblacion_meta": ["Refugiados/as y migrantes", "Comunidad de acogida"], "poblacion_meta_freq": "cijhw0kyp1p6zv36", "mecanismos": "cmo12q1kykwwosjka", "AT1_01_RM_NA_PR": 19, "AT1_01_RM_NN_PR": 11, "AT1_01_RM_MM_PR": 24, "AT1_01_RM_HH_PR": 23, "AT1_01_RM_OTR_PR": 3, "AT1_01_RM_LGBT_PR": 4, "AT1_01_CA_NA_PR": 2, "AT1_01_CA_NN_PR": 0, "AT1_01_CA_MM_PR": 0, "AT1_01_CA_HH_PR": 0, "AT1_01_CA_OTR_PR": 0, "AT1_01_CA_LGBT_PR": 1}}, {"formId": "cgrklmakym3h7n64", "recordId": "cl5q9glo1008b90nm2q4ievvh", "parentRecordId": "cl5q96ewd003q90nm09ug8nnv", "fields": {"mes": "2022-06", "colltmgkykvhxgij6": "clp734wkylzqu4y5o", "rmrp": "Si", "covid": "No", "poblacion_meta": ["Refugiados/as y migrantes", "Comunidad de acogida"], "poblacion_meta_freq": "cijhw0kyp1p6zv36", "mecanismos": "cmo12q1kykwwosjka", "AT1_01_RM_NA_PR": 0, "AT1_01_RM_NN_PR": 0, "AT1_01_RM_MM_PR": 2, "AT1_01_RM_HH_PR": 8, "AT1_01_RM_OTR_PR": 0, "AT1_01_RM_LGBT_PR": 9, "AT1_01_CA_NA_PR": 0, "AT1_01_CA_NN_PR": 2, "AT1_01_CA_MM_PR": 0, "AT1_01_CA_HH_PR": 0, "AT1_01_CA_OTR_PR": 0, "AT1_01_CA_LGBT_PR": 2}}, {"formId": "cgrklmakym3h7n64", "recordId": "cl5q9gnzl008c90nm5freug9p", "parentRecordId": "cl5q96ewd003x90nmfusky9q8", "fields": {"mes": "2022-06", "colltmgkykvhxgij6": "clp734wkylzqu4y5o", "rmrp": "Si", "covid": "No", "poblacion_meta": ["Refugiados/as y migrantes", "Comunidad de acogida"], "poblacion_meta_freq": "cijhw0kyp1p6zv36", "mecanismos": "cmo12q1kykwwosjka", "AT1_01_RM_NA_PR": 51, "AT1_01_RM_NN_PR": 41, "AT1_01_RM_MM_PR": 38, "AT1_01_RM_HH_PR": 30, "AT1_01_RM_OTR_PR": 0, "AT1_01_RM_LGBT_PR": 0, "AT1_01_CA_NA_PR": 0, "AT1_01_CA_NN_PR": 1, "AT1_01_CA_MM_PR": 0, "AT1_01_CA_HH_PR": 0, "AT1_01_CA_OTR_PR": 0, "AT1_01_CA_LGBT_PR": 0}}, {"formId": "cgrklmakym3h7n64", "recordId": "cl5q9gqa1008d90nmykf6dmpm", "parentRecordId": "cnoo9pel482w9za2", "fields": {"mes": "2022-06", "colltmgkykvhxgij6": "clp734wkylzqu4y5o", "rmrp": "Si", "covid": "No", "poblacion_meta": ["Refugiados/as y migrantes", "Comunidad de acogida"], "poblacion_meta_freq": "cijhw0kyp1p6zv36", "mecanismos": "cmo12q1kykwwosjka", "AT1_01_RM_NA_PR": 35, "AT1_01_RM_NN_PR": 36, "AT1_01_RM_MM_PR": 33, "AT1_01_RM_HH_PR": 26, "AT1_01_RM_OTR_PR": 0, "AT1_01_RM_LGBT_PR": 0, "AT1_01_CA_NA_PR": 0, "AT1_01_CA_NN_PR": 0, "AT1_01_CA_MM_PR": 0, "AT1_01_CA_HH_PR": 0, "AT1_01_CA_OTR_PR": 0, "AT1_01_CA_LGBT_PR": 0}}, {"formId": "cgrklmakym3h7n64", "recordId": "cl5q9gufu008e90nmz86vvnlz", "parentRecordId": "c2651vol0k3pbri12", "fields": {"mes": "2022-06", "colltmgkykvhxgij6": "clp734wkylzqu4y5o", "rmrp": "Si", "covid": "No", "poblacion_meta": ["Refugiados/as y migrantes", "Comunidad de acogida"], "poblacion_meta_freq": "cijhw0kyp1p6zv36", "mecanismos": "cmo12q1kykwwosjka", "AT1_01_RM_NA_PR": 0, "AT1_01_RM_NN_PR": 0, "AT1_01_RM_MM_PR": 0, "AT1_01_RM_HH_PR": 1, "AT1_01_RM_OTR_PR": 0, "AT1_01_RM_LGBT_PR": 1, "AT1_01_CA_NA_PR": 0, "AT1_01_CA_NN_PR": 0, "AT1_01_CA_MM_PR": 0, "AT1_01_CA_HH_PR": 0, "AT1_01_CA_OTR_PR": 0, "AT1_01_CA_LGBT_PR": 0}}, {"formId": "cgrklmakym3h7n64", "recordId": "cl5q9gwi7008f90nm6nc5rgg2", "parentRecordId": "cw2nrlakzofelph2r", "fields": {"mes": "2022-06", "colltmgkykvhxgij6": "clp734wkylzqu4y5o", "rmrp": "Si", "covid": "No", "poblacion_meta": ["Refugiados/as y migrantes", "Comunidad de acogida"], "poblacion_meta_freq": "cijhw0kyp1p6zv36", "mecanismos": "cmo12q1kykwwosjka", "AT1_01_RM_NA_PR": 8, "AT1_01_RM_NN_PR": 8, "AT1_01_RM_MM_PR": 18, "AT1_01_RM_HH_PR": 8, "AT1_01_RM_OTR_PR": 0, "AT1_01_RM_LGBT_PR": 1, "AT1_01_CA_NA_PR": 0, "AT1_01_CA_NN_PR": 0, "AT1_01_CA_MM_PR": 0, "AT1_01_CA_HH_PR": 0, "AT1_01_CA_OTR_PR": 0, "AT1_01_CA_LGBT_PR": 0}}, {"formId": "cgrklmakym3h7n64", "recordId": "cl5q9gytq008g90nm34tc92vq", "parentRecordId": "cy45a7kzmwkl0g2", "fields": {"mes": "2022-06", "colltmgkykvhxgij6": "clp734wkylzqu4y5o", "rmrp": "Si", "covid": "No", "poblacion_meta": ["Refugiados/as y migrantes", "Comunidad de acogida"], "poblacion_meta_freq": "cijhw0kyp1p6zv36", "mecanismos": "cmo12q1kykwwosjka", "AT1_01_RM_NA_PR": 8, "AT1_01_RM_NN_PR": 5, "AT1_01_RM_MM_PR": 7, "AT1_01_RM_HH_PR": 5, "AT1_01_RM_OTR_PR": 0, "AT1_01_RM_LGBT_PR": 0, "AT1_01_CA_NA_PR": 0, "AT1_01_CA_NN_PR": 0, "AT1_01_CA_MM_PR": 0, "AT1_01_CA_HH_PR": 0, "AT1_01_CA_OTR_PR": 0, "AT1_01_CA_LGBT_PR": 0}}, {"formId": "cgrklmakym3h7n64", "recordId": "cl5q9h0vk008h90nmraa3ha35", "parentRecordId": "ccu2xgkkzofishx2t", "fields": {"mes": "2022-06", "colltmgkykvhxgij6": "clp734wkylzqu4y5o", "rmrp": "Si", "covid": "No", "poblacion_meta": ["Refugiados/as y migrantes", "Comunidad de acogida"], "poblacion_meta_freq": "cijhw0kyp1p6zv36", "mecanismos": "cmo12q1kykwwosjka", "AT1_01_RM_NA_PR": 14, "AT1_01_RM_NN_PR": 9, "AT1_01_RM_MM_PR": 12, "AT1_01_RM_HH_PR": 13, "AT1_01_RM_OTR_PR": 0, "AT1_01_RM_LGBT_PR": 1, "AT1_01_CA_NA_PR": 0, "AT1_01_CA_NN_PR": 0, "AT1_01_CA_MM_PR": 0, "AT1_01_CA_HH_PR": 0, "AT1_01_CA_OTR_PR": 0, "AT1_01_CA_LGBT_PR": 0}}, {"formId": "cgrklmakym3h7n64", "recordId": "cl5q9h30p008i90nmdudppww2", "parentRecordId": "ck8b5rokzofkkk42v", "fields": {"mes": "2022-06", "colltmgkykvhxgij6": "clp734wkylzqu4y5o", "rmrp": "Si", "covid": "No", "poblacion_meta": ["Refugiados/as y migrantes", "Comunidad de acogida"], "poblacion_meta_freq": "cijhw0kyp1p6zv36", "mecanismos": "cmo12q1kykwwosjka", "AT1_01_RM_NA_PR": 0, "AT1_01_RM_NN_PR": 0, "AT1_01_RM_MM_PR": 0, "AT1_01_RM_HH_PR": 0, "AT1_01_RM_OTR_PR": 0, "AT1_01_RM_LGBT_PR": 1, "AT1_01_CA_NA_PR": 0, "AT1_01_CA_NN_PR": 0, "AT1_01_CA_MM_PR": 0, "AT1_01_CA_HH_PR": 0, "AT1_01_CA_OTR_PR": 0, "AT1_01_CA_LGBT_PR": 0}}, {"formId": "cgrklmakym3h7n64", "recordId": "cl5q9h59a008j90nml26fvg2s", "parentRecordId": "cihzehxkzofmb642x", "fields": {"mes": "2022-06", "colltmgkykvhxgij6": "clp734wkylzqu4y5o", "rmrp": "Si", "covid": "No", "poblacion_meta": ["Refugiados/as y migrantes", "Comunidad de acogida"], "poblacion_meta_freq": "cijhw0kyp1p6zv36", "mecanismos": "cmo12q1kykwwosjka", "AT1_01_RM_NA_PR": 27, "AT1_01_RM_NN_PR": 24, "AT1_01_RM_MM_PR": 53, "AT1_01_RM_HH_PR": 51, "AT1_01_RM_OTR_PR": 0, "AT1_01_RM_LGBT_PR": 1, "AT1_01_CA_NA_PR": 0, "AT1_01_CA_NN_PR": 0, "AT1_01_CA_MM_PR": 0, "AT1_01_CA_HH_PR": 0, "AT1_01_CA_OTR_PR": 0, "AT1_01_CA_LGBT_PR": 0}}]}