{"changes": [{"formId": "cesmivokysrxu0z3", "recordId": "cl5q9e6fh007i90nm2b4xqltr", "parentRecordId": "cv54gqakzhukabp6", "fields": {"mes": "2022-06", "colltmgkykvhxgij6": "ci405vckylzqu5361", "rmrp": "Si", "covid": "No", "wash_individual": "No", "poblacion_meta": ["Refugiados/as y migrantes", "Comunidad de acogida"], "WA1_02_RM_NA": 107, "WA1_02_RM_NN": 144, "WA1_02_RM_MM": 206, "WA1_02_RM_HH": 594, "WA1_02_CA_NA": 0, "WA1_02_CA_NN": 0, "WA1_02_CA_MM": 0, "WA1_02_CA_HH": 0, "WA1_02_CUAL": null}}]}