{"changes": [{"formId": "cgev2lrkyoystct6", "recordId": "cl5q9diqy007190nmye8yu435", "parentRecordId": "cr4tgxel5gy0u9se", "fields": {"mes": "2022-06", "colltmgkykvhxgij6": "c8d1qw4kylzqu4o4n", "rmrp": "Si", "covid": "No", "PRVBG4_01": 66, "PRVBG4_01_CUAL": "Los indicadores corresponden a la realizaci\u00f3n de la actividad de capacitaci\u00f3n a funcionarios garantes de derechos de las diferentes instituciones p\u00fablicas del cant\u00f3n Zapotillo y Macar\u00e1. En la cual asistieron 66 funcionarios p\u00fablicos, con el tema \u201cRespuesta de las instituciones p\u00fablicas como garantes de derechos de las personas en contexto de MH frente a las necesidades\u201d, entre las instituciones asistidas estuvieron: Polic\u00eda Nacional, JCPD Macar\u00e1 y Zapotillo, Secretarios ejecutivos de Macar\u00e1 y Zapotillo, MSP, MINEDUC, UNL, UTPL y Fundaciones Sociales. "}}, {"formId": "cgev2lrkyoystct6", "recordId": "cl5q9dj7j007290nmprx7t26d", "parentRecordId": "cc36jqel0l5dnhd7", "fields": {"mes": "2022-06", "colltmgkykvhxgij6": "c8d1qw4kylzqu4o4n", "rmrp": "Si", "covid": "No", "PRVBG4_01": 37, "PRVBG4_01_CUAL": "Se trabaj\u00f3 sobre prevenci\u00f3n y respuesta a la VBG, masculinidades, PEAS, Derechos Humanos y Diversidades Sexuales y de G\u00e9nero, conceptos b\u00e1sicos de g\u00e9nero y VBG, entre otros, con funcionarios del MIES, GAD Guachi grande, funcionarios del consulado colombiano, funcionarios del Hospital Juan Carlos Guasti- Atacames, funcionarios del Distrito 6 Eloy Alfaro, actores humanitarios de AVSI, funcionarios de las tenencias pol\u00edticas y comisar\u00eda del Cant\u00f3n San Lorenzo del Pail\u00f3n, docentes de instituciones educativas p\u00fablicas de San Lorenzo, adem\u00e1s de funcionarios del Consejo Noruego."}}, {"formId": "cgev2lrkyoystct6", "recordId": "cl5q9djq1007390nmq6fmbwlf", "parentRecordId": "c3z6n5ul0l5457l4", "fields": {"mes": "2022-06", "colltmgkykvhxgij6": "c8d1qw4kylzqu4o4n", "rmrp": "Si", "covid": "No", "PRVBG4_01": 134, "PRVBG4_01_CUAL": "Se trabaj\u00f3 sobre prevenci\u00f3n y respuesta a la VBG, masculinidades, PEAS, Derechos Humanos y Diversidades Sexuales y de G\u00e9nero, conceptos b\u00e1sicos de g\u00e9nero y VBG, entre otros, con funcionarios del MIES, GAD Guachi grande, funcionarios del consulado colombiano, funcionarios del Hospital Juan Carlos Guasti- Atacames, funcionarios del Distrito 6 Eloy Alfaro, actores humanitarios de AVSI, funcionarios de las tenencias pol\u00edticas y comisar\u00eda del Cant\u00f3n San Lorenzo del Pail\u00f3n, docentes de instituciones educativas p\u00fablicas de San Lorenzo, adem\u00e1s de funcionarios del Consejo Noruego."}}, {"formId": "cgev2lrkyoystct6", "recordId": "cl5q9dk7e007490nm06o9nkqv", "parentRecordId": "cq97urnl0kb2tne1t", "fields": {"mes": "2022-06", "colltmgkykvhxgij6": "c8d1qw4kylzqu4o4n", "rmrp": "Si", "covid": "No", "PRVBG4_01": 54, "PRVBG4_01_CUAL": "Se trabaj\u00f3 sobre prevenci\u00f3n y respuesta a la VBG, masculinidades, PEAS, Derechos Humanos y Diversidades Sexuales y de G\u00e9nero, conceptos b\u00e1sicos de g\u00e9nero y VBG, entre otros, con funcionarios del MIES, GAD Guachi grande, funcionarios del consulado colombiano, funcionarios del Hospital Juan Carlos Guasti- Atacames, funcionarios del Distrito 6 Eloy Alfaro, actores humanitarios de AVSI, funcionarios de las tenencias pol\u00edticas y comisar\u00eda del Cant\u00f3n San Lorenzo del Pail\u00f3n, docentes de instituciones educativas p\u00fablicas de San Lorenzo, adem\u00e1s de funcionarios del Consejo Noruego."}}, {"formId": "cgev2lrkyoystct6", "recordId": "cl5q9dksg007590nm75ctwpct", "parentRecordId": "c4rz53zl0kb0t3n1r", "fields": {"mes": "2022-06", "colltmgkykvhxgij6": "c8d1qw4kylzqu4o4n", "rmrp": "Si", "covid": "No", "PRVBG4_01": 32, "PRVBG4_01_CUAL": "Se trabaj\u00f3 sobre prevenci\u00f3n y respuesta a la VBG, masculinidades, PEAS, Derechos Humanos y Diversidades Sexuales y de G\u00e9nero, conceptos b\u00e1sicos de g\u00e9nero y VBG, entre otros, con funcionarios del MIES, GAD Guachi grande, funcionarios del consulado colombiano, funcionarios del Hospital Juan Carlos Guasti- Atacames, funcionarios del Distrito 6 Eloy Alfaro, actores humanitarios de AVSI, funcionarios de las tenencias pol\u00edticas y comisar\u00eda del Cant\u00f3n San Lorenzo del Pail\u00f3n, docentes de instituciones educativas p\u00fablicas de San Lorenzo, adem\u00e1s de funcionarios del Consejo Noruego."}}, {"formId": "cgev2lrkyoystct6", "recordId": "cl5q9dlaa007690nmorpishf0", "parentRecordId": "ckvy73ol0kazk2s1p", "fields": {"mes": "2022-06", "colltmgkykvhxgij6": "c8d1qw4kylzqu4o4n", "rmrp": "Si", "covid": "No", "PRVBG4_01": 13, "PRVBG4_01_CUAL": "Se trabaj\u00f3 sobre prevenci\u00f3n y respuesta a la VBG, masculinidades, PEAS, Derechos Humanos y Diversidades Sexuales y de G\u00e9nero, conceptos b\u00e1sicos de g\u00e9nero y VBG, entre otros, con funcionarios del MIES, GAD Guachi grande, funcionarios del consulado colombiano, funcionarios del Hospital Juan Carlos Guasti- Atacames, funcionarios del Distrito 6 Eloy Alfaro, actores humanitarios de AVSI, funcionarios de las tenencias pol\u00edticas y comisar\u00eda del Cant\u00f3n San Lorenzo del Pail\u00f3n, docentes de instituciones educativas p\u00fablicas de San Lorenzo, adem\u00e1s de funcionarios del Consejo Noruego."}}]}