{"changes": [{"formId": "cgrklmakym3h7n64", "recordId": "cl5q9hkqm008m90nm9qw3vasp", "parentRecordId": "cj4krmol32g9o6e6", "fields": {"mes": "2022-06", "colltmgkykvhxgij6": "cdp87iakylzqu515w", "rmrp": "Si", "covid": "No", "poblacion_meta": ["Refugiados/as y migrantes", "Comunidad de acogida"], "modalidad_impl": "cb53mqwkykwwihkk8", "tipo_kit": "Menaje de casa", "AT5_01_RM_NA_MN": 2, "AT5_01_RM_NN_MN": 1, "AT5_01_RM_MM_MN": 3, "AT5_01_RM_HH_MN": 2, "AT5_01_RM_OTR_MN": 0, "AT5_01_RM_LGBT_MN": 1, "AT5_01_CA_NA_MN": 1, "AT5_01_CA_NN_MN": 0, "AT5_01_CA_MM_MN": 0, "AT5_01_CA_HH_MN": 0, "AT5_01_CA_OTR_MN": 0, "AT5_01_CA_LGBT_MN": 1, "AT5_01_CUAL": "En el mes de junio se entregaron 10 kits de habitabilidad en la ciudad de Guayaquil beneficiando a un total de 33 personas. Asimismo, se entregaron 3 kits de habitabilidad en Manta beneficiando a un total de 9 personas. "}}, {"formId": "cgrklmakym3h7n64", "recordId": "cl5q9hmjw008n90nmrudhbrv4", "parentRecordId": "cmi7f85l1xz8zgn2", "fields": {"mes": "2022-06", "colltmgkykvhxgij6": "cdp87iakylzqu515w", "rmrp": "Si", "covid": "No", "poblacion_meta": ["Refugiados/as y migrantes", "Comunidad de acogida"], "modalidad_impl": "cb53mqwkykwwihkk8", "tipo_kit": "Menaje de casa", "AT5_01_RM_NA_MN": 9, "AT5_01_RM_NN_MN": 7, "AT5_01_RM_MM_MN": 10, "AT5_01_RM_HH_MN": 7, "AT5_01_RM_OTR_MN": 0, "AT5_01_RM_LGBT_MN": 3, "AT5_01_CA_NA_MN": 0, "AT5_01_CA_NN_MN": 0, "AT5_01_CA_MM_MN": 0, "AT5_01_CA_HH_MN": 0, "AT5_01_CA_OTR_MN": 0, "AT5_01_CA_LGBT_MN": 1, "AT5_01_CUAL": "En el mes de junio se entregaron 10 kits de habitabilidad en la ciudad de Guayaquil beneficiando a un total de 33 personas. Asimismo, se entregaron 3 kits de habitabilidad en Manta beneficiando a un total de 9 personas. "}}]}