{"changes": [{"formId": "c1ajh01kyszt0c88", "recordId": "cl5q97q3l004a90nmkd27atbu", "parentRecordId": "cl5q96ewa002k90nmthe0cemk", "fields": {"mes": "2022-06", "colltmgkykvhxgij6": "cw13jl0kylzqu4i43", "rmrp": "Si", "covid": "No", "espacion_apoyo": "No", "poblacion_meta": "Refugiados/as y migrantes", "modalidad_impl": "cmo12q1kykwwosjka", "PR2_02_RM_NA": 0, "PR2_02_RM_NN": 2, "PR2_02_RM_MM": 9, "PR2_02_RM_HH": 19, "PR2_02_RM_OTR": 0, "PR2_02_RM_LGBT": 1, "PR2_02_RM_DS": 1, "PR2_02_CUAL": "Proveer informaci\u00f3n, orientaci\u00f3n y asistencia legal sobre el derecho al asilo y el proceso de determinaci\u00f3n del estatus de refugiado, tr\u00e1mites/alternativas migratorias y documentaci\u00f3n a personas refugiadas, solicitantes del estatus de refugiado, Personas con Necesidad de Protecci\u00f3n Internacional (PNPI) y otras personas de inter\u00e9s de nacionalidad venezolana, colombiana y otras nacionalidades. Tambi\u00e9n proveer informaci\u00f3n y orientaci\u00f3n sobre los derechos y acceso a servicios esenciales a las personas que lo requieran."}}, {"formId": "c1ajh01kyszt0c88", "recordId": "cl5q97twe004b90nm6aq0tgke", "parentRecordId": "cl5q96ewa002l90nmhzfqjtzl", "fields": {"mes": "2022-06", "colltmgkykvhxgij6": "cw13jl0kylzqu4i43", "rmrp": "Si", "covid": "No", "espacion_apoyo": "No", "poblacion_meta": "Refugiados/as y migrantes", "modalidad_impl": "cmo12q1kykwwosjka", "PR2_02_RM_NA": 0, "PR2_02_RM_NN": 2, "PR2_02_RM_MM": 2, "PR2_02_RM_HH": 8, "PR2_02_RM_OTR": 0, "PR2_02_RM_LGBT": 1, "PR2_02_RM_DS": 1, "PR2_02_CUAL": "Proveer informaci\u00f3n, orientaci\u00f3n y asistencia legal sobre el derecho al asilo y el proceso de determinaci\u00f3n del estatus de refugiado, tr\u00e1mites/alternativas migratorias y documentaci\u00f3n a personas refugiadas, solicitantes del estatus de refugiado, Personas con Necesidad de Protecci\u00f3n Internacional (PNPI) y otras personas de inter\u00e9s de nacionalidad venezolana, colombiana y otras nacionalidades. Tambi\u00e9n proveer informaci\u00f3n y orientaci\u00f3n sobre los derechos y acceso a servicios esenciales a las personas que lo requieran."}}, {"formId": "c1ajh01kyszt0c88", "recordId": "cl5q97wdq004c90nmopmn28d7", "parentRecordId": "cdww4ijl30ac7cu9", "fields": {"mes": "2022-06", "colltmgkykvhxgij6": "cw13jl0kylzqu4i43", "rmrp": "Si", "covid": "No", "espacion_apoyo": "No", "poblacion_meta": "Refugiados/as y migrantes", "modalidad_impl": "cmo12q1kykwwosjka", "PR2_02_RM_NA": 50, "PR2_02_RM_NN": 31, "PR2_02_RM_MM": 67, "PR2_02_RM_HH": 88, "PR2_02_RM_OTR": 0, "PR2_02_RM_LGBT": 3, "PR2_02_RM_DS": 6, "PR2_02_CUAL": null}}, {"formId": "c1ajh01kyszt0c88", "recordId": "cl5q97yo8004d90nmq44bt2tf", "parentRecordId": "ctrypqyl2z9rsuvq", "fields": {"mes": "2022-06", "colltmgkykvhxgij6": "cw13jl0kylzqu4i43", "rmrp": "Si", "covid": "No", "espacion_apoyo": "No", "poblacion_meta": "Refugiados/as y migrantes", "modalidad_impl": "cmo12q1kykwwosjka", "PR2_02_RM_NA": 2, "PR2_02_RM_NN": 0, "PR2_02_RM_MM": 10, "PR2_02_RM_HH": 0, "PR2_02_RM_OTR": 0, "PR2_02_RM_LGBT": 1, "PR2_02_RM_DS": 0, "PR2_02_CUAL": "En el indicador se reporta los casos identificados como sobrevivientes de VBG. As\u00ed mismo, para dar complementariedad de servicio se ha realizado la derivaci\u00f3n a Consejo Noruego para los Refugiados, PMA, HIAS y MSP. "}}, {"formId": "c1ajh01kyszt0c88", "recordId": "cl5q981bi004e90nmhybfkuv4", "parentRecordId": "czeqh1hl1quoe36a", "fields": {"mes": "2022-06", "colltmgkykvhxgij6": "cw13jl0kylzqu4i43", "rmrp": "Si", "covid": "No", "espacion_apoyo": "No", "poblacion_meta": "Refugiados/as y migrantes", "modalidad_impl": "cmo12q1kykwwosjka", "PR2_02_RM_NA": 0, "PR2_02_RM_NN": 0, "PR2_02_RM_MM": 2, "PR2_02_RM_HH": 0, "PR2_02_RM_OTR": 0, "PR2_02_RM_LGBT": 1, "PR2_02_RM_DS": 0, "PR2_02_CUAL": "En el indicador se reporta los casos identificados como sobrevivientes de VBG. As\u00ed mismo, para dar complementariedad de servicio se ha realizado la derivaci\u00f3n a Consejo Noruego para los Refugiados, PMA, HIAS y MSP. "}}, {"formId": "c1ajh01kyszt0c88", "recordId": "cl5q9848e004f90nmuwe340ca", "parentRecordId": "c1livqakzoc5piv1a", "fields": {"mes": "2022-06", "colltmgkykvhxgij6": "cw13jl0kylzqu4i43", "rmrp": "Si", "covid": "No", "espacion_apoyo": "No", "poblacion_meta": "Refugiados/as y migrantes", "modalidad_impl": "cmo12q1kykwwosjka", "PR2_02_RM_NA": 17, "PR2_02_RM_NN": 29, "PR2_02_RM_MM": 40, "PR2_02_RM_HH": 63, "PR2_02_RM_OTR": 0, "PR2_02_RM_LGBT": 2, "PR2_02_RM_DS": 4, "PR2_02_CUAL": null}}, {"formId": "c1ajh01kyszt0c88", "recordId": "cl5q986xk004g90nmb022ryqu", "parentRecordId": "crp9rl7kzh87hc31t", "fields": {"mes": "2022-06", "colltmgkykvhxgij6": "cw13jl0kylzqu4i43", "rmrp": "Si", "covid": "No", "espacion_apoyo": "No", "poblacion_meta": "Refugiados/as y migrantes", "modalidad_impl": "cmo12q1kykwwosjka", "PR2_02_RM_NA": 9, "PR2_02_RM_NN": 5, "PR2_02_RM_MM": 4, "PR2_02_RM_HH": 2, "PR2_02_RM_OTR": 0, "PR2_02_RM_LGBT": 1, "PR2_02_RM_DS": 1, "PR2_02_CUAL": "Proveer informaci\u00f3n, orientaci\u00f3n y asistencia legal sobre el derecho al asilo y el proceso de determinaci\u00f3n del estatus de refugiado, tr\u00e1mites/alternativas migratorias y documentaci\u00f3n a personas refugiadas, solicitantes del estatus de refugiado, Personas con Necesidad de Protecci\u00f3n Internacional (PNPI) y otras personas de inter\u00e9s de nacionalidad venezolana, colombiana y otras nacionalidades. Tambi\u00e9n proveer informaci\u00f3n y orientaci\u00f3n sobre los derechos y acceso a servicios esenciales a las personas que lo requieran."}}, {"formId": "c1ajh01kyszt0c88", "recordId": "cl5q98bku004h90nmy6pxgrru", "parentRecordId": "cyh35jskzoc9s3b1c", "fields": {"mes": "2022-06", "colltmgkykvhxgij6": "cw13jl0kylzqu4i43", "rmrp": "Si", "covid": "No", "espacion_apoyo": "No", "poblacion_meta": "Refugiados/as y migrantes", "modalidad_impl": "cmo12q1kykwwosjka", "PR2_02_RM_NA": 56, "PR2_02_RM_NN": 55, "PR2_02_RM_MM": 72, "PR2_02_RM_HH": 94, "PR2_02_RM_OTR": 0, "PR2_02_RM_LGBT": 4, "PR2_02_RM_DS": 7, "PR2_02_CUAL": null}}, {"formId": "c1ajh01kyszt0c88", "recordId": "cl5q98ezc004i90nm4nze8zmq", "parentRecordId": "c4tjmdekzh83npj1r", "fields": {"mes": "2022-06", "colltmgkykvhxgij6": "cw13jl0kylzqu4i43", "rmrp": "Si", "covid": "No", "espacion_apoyo": "No", "poblacion_meta": "Refugiados/as y migrantes", "modalidad_impl": "cmo12q1kykwwosjka", "PR2_02_RM_NA": 3, "PR2_02_RM_NN": 1, "PR2_02_RM_MM": 5, "PR2_02_RM_HH": 9, "PR2_02_RM_OTR": 0, "PR2_02_RM_LGBT": 1, "PR2_02_RM_DS": 1, "PR2_02_CUAL": "Proveer informaci\u00f3n, orientaci\u00f3n y asistencia legal sobre el derecho al asilo y el proceso de determinaci\u00f3n del estatus de refugiado, tr\u00e1mites/alternativas migratorias y documentaci\u00f3n a personas refugiadas, solicitantes del estatus de refugiado, Personas con Necesidad de Protecci\u00f3n Internacional (PNPI) y otras personas de inter\u00e9s de nacionalidad venezolana, colombiana y otras nacionalidades. Tambi\u00e9n proveer informaci\u00f3n y orientaci\u00f3n sobre los derechos y acceso a servicios esenciales a las personas que lo requieran."}}, {"formId": "c1ajh01kyszt0c88", "recordId": "cl5q98iz6004j90nm616sw3mv", "parentRecordId": "csj1fqxkzocbply1e", "fields": {"mes": "2022-06", "colltmgkykvhxgij6": "cw13jl0kylzqu4i43", "rmrp": "Si", "covid": "No", "espacion_apoyo": "No", "poblacion_meta": "Refugiados/as y migrantes", "modalidad_impl": "cmo12q1kykwwosjka", "PR2_02_RM_NA": 21, "PR2_02_RM_NN": 16, "PR2_02_RM_MM": 21, "PR2_02_RM_HH": 42, "PR2_02_RM_OTR": 0, "PR2_02_RM_LGBT": 2, "PR2_02_RM_DS": 3, "PR2_02_CUAL": null}}, {"formId": "c1ajh01kyszt0c88", "recordId": "cl5q98niy004k90nm7nikjtcb", "parentRecordId": "cgfllm4kzh82bz31p", "fields": {"mes": "2022-06", "colltmgkykvhxgij6": "cw13jl0kylzqu4i43", "rmrp": "Si", "covid": "No", "espacion_apoyo": "No", "poblacion_meta": "Refugiados/as y migrantes", "modalidad_impl": "cmo12q1kykwwosjka", "PR2_02_RM_NA": 0, "PR2_02_RM_NN": 2, "PR2_02_RM_MM": 1, "PR2_02_RM_HH": 3, "PR2_02_RM_OTR": 0, "PR2_02_RM_LGBT": 1, "PR2_02_RM_DS": 1, "PR2_02_CUAL": "Proveer informaci\u00f3n, orientaci\u00f3n y asistencia legal sobre el derecho al asilo y el proceso de determinaci\u00f3n del estatus de refugiado, tr\u00e1mites/alternativas migratorias y documentaci\u00f3n a personas refugiadas, solicitantes del estatus de refugiado, Personas con Necesidad de Protecci\u00f3n Internacional (PNPI) y otras personas de inter\u00e9s de nacionalidad venezolana, colombiana y otras nacionalidades. Tambi\u00e9n proveer informaci\u00f3n y orientaci\u00f3n sobre los derechos y acceso a servicios esenciales a las personas que lo requieran."}}, {"formId": "c1ajh01kyszt0c88", "recordId": "cl5q98qvh004l90nmntdv7774", "parentRecordId": "cnyd3jfkzocczuu1g", "fields": {"mes": "2022-06", "colltmgkykvhxgij6": "cw13jl0kylzqu4i43", "rmrp": "Si", "covid": "No", "espacion_apoyo": "No", "poblacion_meta": "Refugiados/as y migrantes", "modalidad_impl": "cmo12q1kykwwosjka", "PR2_02_RM_NA": 153, "PR2_02_RM_NN": 127, "PR2_02_RM_MM": 160, "PR2_02_RM_HH": 277, "PR2_02_RM_OTR": 0, "PR2_02_RM_LGBT": 8, "PR2_02_RM_DS": 17, "PR2_02_CUAL": null}}, {"formId": "c1ajh01kyszt0c88", "recordId": "cl5q98u5g004m90nmum8au1hv", "parentRecordId": "cxsk1wkzh812mv1n", "fields": {"mes": "2022-06", "colltmgkykvhxgij6": "cw13jl0kylzqu4i43", "rmrp": "Si", "covid": "No", "espacion_apoyo": "No", "poblacion_meta": "Refugiados/as y migrantes", "modalidad_impl": "cmo12q1kykwwosjka", "PR2_02_RM_NA": 0, "PR2_02_RM_NN": 0, "PR2_02_RM_MM": 7, "PR2_02_RM_HH": 0, "PR2_02_RM_OTR": 0, "PR2_02_RM_LGBT": 1, "PR2_02_RM_DS": 1, "PR2_02_CUAL": "Proveer informaci\u00f3n, orientaci\u00f3n y asistencia legal sobre el derecho al asilo y el proceso de determinaci\u00f3n del estatus de refugiado, tr\u00e1mites/alternativas migratorias y documentaci\u00f3n a personas refugiadas, solicitantes del estatus de refugiado, Personas con Necesidad de Protecci\u00f3n Internacional (PNPI) y otras personas de inter\u00e9s de nacionalidad venezolana, colombiana y otras nacionalidades. Tambi\u00e9n proveer informaci\u00f3n y orientaci\u00f3n sobre los derechos y acceso a servicios esenciales a las personas que lo requieran."}}, {"formId": "c1ajh01kyszt0c88", "recordId": "cl5q98wyz004n90nmq1uanebi", "parentRecordId": "c271wdukzocem1r1i", "fields": {"mes": "2022-06", "colltmgkykvhxgij6": "cw13jl0kylzqu4i43", "rmrp": "Si", "covid": "No", "espacion_apoyo": "No", "poblacion_meta": "Refugiados/as y migrantes", "modalidad_impl": "cmo12q1kykwwosjka", "PR2_02_RM_NA": 162, "PR2_02_RM_NN": 139, "PR2_02_RM_MM": 212, "PR2_02_RM_HH": 263, "PR2_02_RM_OTR": 0, "PR2_02_RM_LGBT": 9, "PR2_02_RM_DS": 18, "PR2_02_CUAL": null}}, {"formId": "c1ajh01kyszt0c88", "recordId": "cl5q98zet004o90nma7nf4wgb", "parentRecordId": "cr4s040kzocgecw1k", "fields": {"mes": "2022-06", "colltmgkykvhxgij6": "cw13jl0kylzqu4i43", "rmrp": "Si", "covid": "No", "espacion_apoyo": "No", "poblacion_meta": "Refugiados/as y migrantes", "modalidad_impl": "cmo12q1kykwwosjka", "PR2_02_RM_NA": 38, "PR2_02_RM_NN": 28, "PR2_02_RM_MM": 22, "PR2_02_RM_HH": 34, "PR2_02_RM_OTR": 0, "PR2_02_RM_LGBT": 2, "PR2_02_RM_DS": 4, "PR2_02_CUAL": null}}, {"formId": "c1ajh01kyszt0c88", "recordId": "cl5q99262004p90nmf7b73s83", "parentRecordId": "cdd51y4kzh7wolz1j", "fields": {"mes": "2022-06", "colltmgkykvhxgij6": "cw13jl0kylzqu4i43", "rmrp": "Si", "covid": "No", "espacion_apoyo": "No", "poblacion_meta": "Refugiados/as y migrantes", "modalidad_impl": "cmo12q1kykwwosjka", "PR2_02_RM_NA": 2, "PR2_02_RM_NN": 2, "PR2_02_RM_MM": 5, "PR2_02_RM_HH": 7, "PR2_02_RM_OTR": 0, "PR2_02_RM_LGBT": 1, "PR2_02_RM_DS": 1, "PR2_02_CUAL": "Proveer informaci\u00f3n, orientaci\u00f3n y asistencia legal sobre el derecho al asilo y el proceso de determinaci\u00f3n del estatus de refugiado, tr\u00e1mites/alternativas migratorias y documentaci\u00f3n a personas refugiadas, solicitantes del estatus de refugiado, Personas con Necesidad de Protecci\u00f3n Internacional (PNPI) y otras personas de inter\u00e9s de nacionalidad venezolana, colombiana y otras nacionalidades. Tambi\u00e9n proveer informaci\u00f3n y orientaci\u00f3n sobre los derechos y acceso a servicios esenciales a las personas que lo requieran."}}, {"formId": "c1ajh01kyszt0c88", "recordId": "cl5q994bm004q90nmx96dav2h", "parentRecordId": "c3khp2tkzh7r1uf1h", "fields": {"mes": "2022-06", "colltmgkykvhxgij6": "cw13jl0kylzqu4i43", "rmrp": "Si", "covid": "No", "espacion_apoyo": "No", "poblacion_meta": "Refugiados/as y migrantes", "modalidad_impl": "cmo12q1kykwwosjka", "PR2_02_RM_NA": 2, "PR2_02_RM_NN": 6, "PR2_02_RM_MM": 13, "PR2_02_RM_HH": 21, "PR2_02_RM_OTR": 2, "PR2_02_RM_LGBT": 1, "PR2_02_RM_DS": 1, "PR2_02_CUAL": "Proveer informaci\u00f3n, orientaci\u00f3n y asistencia legal sobre el derecho al asilo y el proceso de determinaci\u00f3n del estatus de refugiado, tr\u00e1mites/alternativas migratorias y documentaci\u00f3n a personas refugiadas, solicitantes del estatus de refugiado, Personas con Necesidad de Protecci\u00f3n Internacional (PNPI) y otras personas de inter\u00e9s de nacionalidad venezolana, colombiana y otras nacionalidades. Tambi\u00e9n proveer informaci\u00f3n y orientaci\u00f3n sobre los derechos y acceso a servicios esenciales a las personas que lo requieran."}}, {"formId": "c1ajh01kyszt0c88", "recordId": "cl5q996ep004r90nm3b649bd2", "parentRecordId": "clnwredkzocirvj1m", "fields": {"mes": "2022-06", "colltmgkykvhxgij6": "cw13jl0kylzqu4i43", "rmrp": "Si", "covid": "No", "espacion_apoyo": "No", "poblacion_meta": "Refugiados/as y migrantes", "modalidad_impl": "cmo12q1kykwwosjka", "PR2_02_RM_NA": 33, "PR2_02_RM_NN": 34, "PR2_02_RM_MM": 28, "PR2_02_RM_HH": 51, "PR2_02_RM_OTR": 0, "PR2_02_RM_LGBT": 2, "PR2_02_RM_DS": 4, "PR2_02_CUAL": null}}, {"formId": "c1ajh01kyszt0c88", "recordId": "cl5q999di004s90nmilo1ajso", "parentRecordId": "cai57i0kzh7nqnt1d", "fields": {"mes": "2022-06", "colltmgkykvhxgij6": "cw13jl0kylzqu4i43", "rmrp": "Si", "covid": "No", "espacion_apoyo": "No", "poblacion_meta": "Refugiados/as y migrantes", "modalidad_impl": "cmo12q1kykwwosjka", "PR2_02_RM_NA": 1, "PR2_02_RM_NN": 2, "PR2_02_RM_MM": 9, "PR2_02_RM_HH": 13, "PR2_02_RM_OTR": 0, "PR2_02_RM_LGBT": 1, "PR2_02_RM_DS": 1, "PR2_02_CUAL": "Proveer informaci\u00f3n, orientaci\u00f3n y asistencia legal sobre el derecho al asilo y el proceso de determinaci\u00f3n del estatus de refugiado, tr\u00e1mites/alternativas migratorias y documentaci\u00f3n a personas refugiadas, solicitantes del estatus de refugiado, Personas con Necesidad de Protecci\u00f3n Internacional (PNPI) y otras personas de inter\u00e9s de nacionalidad venezolana, colombiana y otras nacionalidades. Tambi\u00e9n proveer informaci\u00f3n y orientaci\u00f3n sobre los derechos y acceso a servicios esenciales a las personas que lo requieran."}}, {"formId": "c1ajh01kyszt0c88", "recordId": "cl5q99bru004t90nmzw2szrwb", "parentRecordId": "cupmm4kzoclae71q", "fields": {"mes": "2022-06", "colltmgkykvhxgij6": "cw13jl0kylzqu4i43", "rmrp": "Si", "covid": "No", "espacion_apoyo": "No", "poblacion_meta": "Refugiados/as y migrantes", "modalidad_impl": "cmo12q1kykwwosjka", "PR2_02_RM_NA": 48, "PR2_02_RM_NN": 26, "PR2_02_RM_MM": 49, "PR2_02_RM_HH": 69, "PR2_02_RM_OTR": 0, "PR2_02_RM_LGBT": 3, "PR2_02_RM_DS": 5, "PR2_02_CUAL": null}}, {"formId": "c1ajh01kyszt0c88", "recordId": "cl5q99eu1004u90nmdft2ltjw", "parentRecordId": "ccy8razkzh7l64n1b", "fields": {"mes": "2022-06", "colltmgkykvhxgij6": "cw13jl0kylzqu4i43", "rmrp": "Si", "covid": "No", "espacion_apoyo": "No", "poblacion_meta": "Refugiados/as y migrantes", "modalidad_impl": "cmo12q1kykwwosjka", "PR2_02_RM_NA": 4, "PR2_02_RM_NN": 5, "PR2_02_RM_MM": 6, "PR2_02_RM_HH": 9, "PR2_02_RM_OTR": 0, "PR2_02_RM_LGBT": 1, "PR2_02_RM_DS": 1, "PR2_02_CUAL": "Proveer informaci\u00f3n, orientaci\u00f3n y asistencia legal sobre el derecho al asilo y el proceso de determinaci\u00f3n del estatus de refugiado, tr\u00e1mites/alternativas migratorias y documentaci\u00f3n a personas refugiadas, solicitantes del estatus de refugiado, Personas con Necesidad de Protecci\u00f3n Internacional (PNPI) y otras personas de inter\u00e9s de nacionalidad venezolana, colombiana y otras nacionalidades. Tambi\u00e9n proveer informaci\u00f3n y orientaci\u00f3n sobre los derechos y acceso a servicios esenciales a las personas que lo requieran."}}, {"formId": "c1ajh01kyszt0c88", "recordId": "cl5q99hbr004v90nm3brybjo2", "parentRecordId": "c3ej6fhkzocmrt31s", "fields": {"mes": "2022-06", "colltmgkykvhxgij6": "cw13jl0kylzqu4i43", "rmrp": "Si", "covid": "No", "espacion_apoyo": "No", "poblacion_meta": "Refugiados/as y migrantes", "modalidad_impl": "cmo12q1kykwwosjka", "PR2_02_RM_NA": 199, "PR2_02_RM_NN": 169, "PR2_02_RM_MM": 273, "PR2_02_RM_HH": 416, "PR2_02_RM_OTR": 0, "PR2_02_RM_LGBT": 12, "PR2_02_RM_DS": 25, "PR2_02_CUAL": null}}, {"formId": "c1ajh01kyszt0c88", "recordId": "cl5q99jik004w90nmzvquoqki", "parentRecordId": "cuq2p6mkzh5gspn17", "fields": {"mes": "2022-06", "colltmgkykvhxgij6": "cw13jl0kylzqu4i43", "rmrp": "Si", "covid": "No", "espacion_apoyo": "No", "poblacion_meta": "Refugiados/as y migrantes", "modalidad_impl": "cmo12q1kykwwosjka", "PR2_02_RM_NA": 0, "PR2_02_RM_NN": 0, "PR2_02_RM_MM": 0, "PR2_02_RM_HH": 3, "PR2_02_RM_OTR": 0, "PR2_02_RM_LGBT": 1, "PR2_02_RM_DS": 1, "PR2_02_CUAL": "Proveer informaci\u00f3n, orientaci\u00f3n y asistencia legal sobre el derecho al asilo y el proceso de determinaci\u00f3n del estatus de refugiado, tr\u00e1mites/alternativas migratorias y documentaci\u00f3n a personas refugiadas, solicitantes del estatus de refugiado, Personas con Necesidad de Protecci\u00f3n Internacional (PNPI) y otras personas de inter\u00e9s de nacionalidad venezolana, colombiana y otras nacionalidades. Tambi\u00e9n proveer informaci\u00f3n y orientaci\u00f3n sobre los derechos y acceso a servicios esenciales a las personas que lo requieran."}}, {"formId": "c1ajh01kyszt0c88", "recordId": "cl5q99let004x90nmxoz7ousz", "parentRecordId": "c8g95cmkzocom8v1u", "fields": {"mes": "2022-06", "colltmgkykvhxgij6": "cw13jl0kylzqu4i43", "rmrp": "Si", "covid": "No", "espacion_apoyo": "No", "poblacion_meta": "Refugiados/as y migrantes", "modalidad_impl": "cmo12q1kykwwosjka", "PR2_02_RM_NA": 3, "PR2_02_RM_NN": 8, "PR2_02_RM_MM": 4, "PR2_02_RM_HH": 13, "PR2_02_RM_OTR": 0, "PR2_02_RM_LGBT": 1, "PR2_02_RM_DS": 3, "PR2_02_CUAL": null}}, {"formId": "c1ajh01kyszt0c88", "recordId": "cl5q99nnp004y90nmp0l0j4rp", "parentRecordId": "cypjf4vkzh5d3yj15", "fields": {"mes": "2022-06", "colltmgkykvhxgij6": "cw13jl0kylzqu4i43", "rmrp": "Si", "covid": "No", "espacion_apoyo": "No", "poblacion_meta": "Refugiados/as y migrantes", "modalidad_impl": "cmo12q1kykwwosjka", "PR2_02_RM_NA": 3, "PR2_02_RM_NN": 6, "PR2_02_RM_MM": 16, "PR2_02_RM_HH": 17, "PR2_02_RM_OTR": 1, "PR2_02_RM_LGBT": 1, "PR2_02_RM_DS": 1, "PR2_02_CUAL": "Proveer informaci\u00f3n, orientaci\u00f3n y asistencia legal sobre el derecho al asilo y el proceso de determinaci\u00f3n del estatus de refugiado, tr\u00e1mites/alternativas migratorias y documentaci\u00f3n a personas refugiadas, solicitantes del estatus de refugiado, Personas con Necesidad de Protecci\u00f3n Internacional (PNPI) y otras personas de inter\u00e9s de nacionalidad venezolana, colombiana y otras nacionalidades. Tambi\u00e9n proveer informaci\u00f3n y orientaci\u00f3n sobre los derechos y acceso a servicios esenciales a las personas que lo requieran."}}, {"formId": "c1ajh01kyszt0c88", "recordId": "cl5q99q1e004z90nmm3i1tjek", "parentRecordId": "ctystyqkzocuqnl20", "fields": {"mes": "2022-06", "colltmgkykvhxgij6": "cw13jl0kylzqu4i43", "rmrp": "Si", "covid": "No", "espacion_apoyo": "No", "poblacion_meta": "Refugiados/as y migrantes", "modalidad_impl": "cmo12q1kykwwosjka", "PR2_02_RM_NA": 84, "PR2_02_RM_NN": 93, "PR2_02_RM_MM": 77, "PR2_02_RM_HH": 118, "PR2_02_RM_OTR": 0, "PR2_02_RM_LGBT": 5, "PR2_02_RM_DS": 9, "PR2_02_CUAL": null}}]}