{"changes": [{"formId": "c1ajh01kyszt0c88", "recordId": "cl5q99xvd005090nmyuis1hri", "parentRecordId": "cl5q96ewa002l90nmhzfqjtzl", "fields": {"mes": "2022-06", "colltmgkykvhxgij6": "cqoikgjkylzqu4j46", "rmrp": "Si", "covid": "No", "espacion_apoyo": "No", "poblacion_meta": "Refugiados/as y migrantes", "modalidad_impl": "c3jf6gykykwwemuk7", "mecanismos": "cr04avekym0dbimj", "transferencia": "Condicional", "usd_transfer": 4176, "PR3_01_RM_NA": 4, "PR3_01_RM_NN": 2, "PR3_01_RM_MM": 7, "PR3_01_RM_HH": 9, "PR3_01_RM_OTR": 0, "PR3_01_RM_LGBT": 1, "PR3_01_RM_DS": 2, "PR3_01_CUAL": "Entregas de efectivo condicionado, categor\u00eda documentaci\u00f3n, para tramitaci\u00f3n y obtenci\u00f3n de documentaci\u00f3n para RSD, OFR y otros procesos de documentaci\u00f3n civil.,Entregas de efectivo condicionado, categor\u00eda movilizaci\u00f3n, para tramitaci\u00f3n y obtenci\u00f3n de documentaci\u00f3n para RSD, OFR y otros procesos de documentaci\u00f3n civil."}}, {"formId": "c1ajh01kyszt0c88", "recordId": "cl5q9a07d005190nmmdbie1v5", "parentRecordId": "cl5q96ewa002k90nmthe0cemk", "fields": {"mes": "2022-06", "colltmgkykvhxgij6": "cqoikgjkylzqu4j46", "rmrp": "Si", "covid": "No", "espacion_apoyo": "No", "poblacion_meta": "Refugiados/as y migrantes", "modalidad_impl": "c3jf6gykykwwemuk7", "mecanismos": "cr04avekym0dbimj", "transferencia": "Condicional", "usd_transfer": 778, "PR3_01_RM_NA": 0, "PR3_01_RM_NN": 0, "PR3_01_RM_MM": 5, "PR3_01_RM_HH": 1, "PR3_01_RM_OTR": 0, "PR3_01_RM_LGBT": 1, "PR3_01_RM_DS": 2, "PR3_01_CUAL": "Entregas de efectivo condicionado, categor\u00eda documentaci\u00f3n, para tramitaci\u00f3n y obtenci\u00f3n de documentaci\u00f3n para RSD, OFR y otros procesos de documentaci\u00f3n civil.,Entregas de efectivo condicionado, categor\u00eda movilizaci\u00f3n, para tramitaci\u00f3n y obtenci\u00f3n de documentaci\u00f3n para RSD, OFR y otros procesos de documentaci\u00f3n civil."}}, {"formId": "c1ajh01kyszt0c88", "recordId": "cl5q9a2f0005290nmc6cb9o9d", "parentRecordId": "crp9rl7kzh87hc31t", "fields": {"mes": "2022-06", "colltmgkykvhxgij6": "cqoikgjkylzqu4j46", "rmrp": "Si", "covid": "No", "espacion_apoyo": "No", "poblacion_meta": "Refugiados/as y migrantes", "modalidad_impl": "c3jf6gykykwwemuk7", "mecanismos": "cr04avekym0dbimj", "transferencia": "Condicional", "usd_transfer": 1299, "PR3_01_RM_NA": 0, "PR3_01_RM_NN": 1, "PR3_01_RM_MM": 1, "PR3_01_RM_HH": 2, "PR3_01_RM_OTR": 0, "PR3_01_RM_LGBT": 1, "PR3_01_RM_DS": 2, "PR3_01_CUAL": "Entregas de efectivo condicionado, categor\u00eda documentaci\u00f3n, para tramitaci\u00f3n y obtenci\u00f3n de documentaci\u00f3n para RSD, OFR y otros procesos de documentaci\u00f3n civil.,Entregas de efectivo condicionado, categor\u00eda movilizaci\u00f3n, para tramitaci\u00f3n y obtenci\u00f3n de documentaci\u00f3n para RSD, OFR y otros procesos de documentaci\u00f3n civil."}}, {"formId": "c1ajh01kyszt0c88", "recordId": "cl5q9a54y005390nmqoamn9pn", "parentRecordId": "c4tjmdekzh83npj1r", "fields": {"mes": "2022-06", "colltmgkykvhxgij6": "cqoikgjkylzqu4j46", "rmrp": "Si", "covid": "No", "espacion_apoyo": "No", "poblacion_meta": "Refugiados/as y migrantes", "modalidad_impl": "c3jf6gykykwwemuk7", "mecanismos": "cr04avekym0dbimj", "transferencia": "Condicional", "usd_transfer": 1364, "PR3_01_RM_NA": 0, "PR3_01_RM_NN": 0, "PR3_01_RM_MM": 0, "PR3_01_RM_HH": 1, "PR3_01_RM_OTR": 0, "PR3_01_RM_LGBT": 1, "PR3_01_RM_DS": 2, "PR3_01_CUAL": "Entregas de efectivo condicionado, categor\u00eda documentaci\u00f3n, para tramitaci\u00f3n y obtenci\u00f3n de documentaci\u00f3n para RSD, OFR y otros procesos de documentaci\u00f3n civil.,Entregas de efectivo condicionado, categor\u00eda movilizaci\u00f3n, para tramitaci\u00f3n y obtenci\u00f3n de documentaci\u00f3n para RSD, OFR y otros procesos de documentaci\u00f3n civil."}}, {"formId": "c1ajh01kyszt0c88", "recordId": "cl5q9a9yb005490nmkt1afit4", "parentRecordId": "cgfllm4kzh82bz31p", "fields": {"mes": "2022-06", "colltmgkykvhxgij6": "cqoikgjkylzqu4j46", "rmrp": "Si", "covid": "No", "espacion_apoyo": "No", "poblacion_meta": "Refugiados/as y migrantes", "modalidad_impl": "c3jf6gykykwwemuk7", "mecanismos": "cr04avekym0dbimj", "transferencia": "Condicional", "usd_transfer": 4681, "PR3_01_RM_NA": 1, "PR3_01_RM_NN": 1, "PR3_01_RM_MM": 3, "PR3_01_RM_HH": 6, "PR3_01_RM_OTR": 0, "PR3_01_RM_LGBT": 1, "PR3_01_RM_DS": 2, "PR3_01_CUAL": "Entregas de efectivo condicionado, categor\u00eda documentaci\u00f3n, para tramitaci\u00f3n y obtenci\u00f3n de documentaci\u00f3n para RSD, OFR y otros procesos de documentaci\u00f3n civil.,Entregas de efectivo condicionado, categor\u00eda movilizaci\u00f3n, para tramitaci\u00f3n y obtenci\u00f3n de documentaci\u00f3n para RSD, OFR y otros procesos de documentaci\u00f3n civil."}}, {"formId": "c1ajh01kyszt0c88", "recordId": "cl5q9aco3005590nm6un32gpx", "parentRecordId": "cxsk1wkzh812mv1n", "fields": {"mes": "2022-06", "colltmgkykvhxgij6": "cqoikgjkylzqu4j46", "rmrp": "Si", "covid": "No", "espacion_apoyo": "No", "poblacion_meta": "Refugiados/as y migrantes", "modalidad_impl": "c3jf6gykykwwemuk7", "mecanismos": "cr04avekym0dbimj", "transferencia": "Condicional", "usd_transfer": 891, "PR3_01_RM_NA": 0, "PR3_01_RM_NN": 0, "PR3_01_RM_MM": 2, "PR3_01_RM_HH": 2, "PR3_01_RM_OTR": 0, "PR3_01_RM_LGBT": 1, "PR3_01_RM_DS": 2, "PR3_01_CUAL": "Entregas de efectivo condicionado, categor\u00eda documentaci\u00f3n, para tramitaci\u00f3n y obtenci\u00f3n de documentaci\u00f3n para RSD, OFR y otros procesos de documentaci\u00f3n civil.,Entregas de efectivo condicionado, categor\u00eda movilizaci\u00f3n, para tramitaci\u00f3n y obtenci\u00f3n de documentaci\u00f3n para RSD, OFR y otros procesos de documentaci\u00f3n civil."}}, {"formId": "c1ajh01kyszt0c88", "recordId": "cl5q9aho4005690nmubplljx0", "parentRecordId": "cdd51y4kzh7wolz1j", "fields": {"mes": "2022-06", "colltmgkykvhxgij6": "cqoikgjkylzqu4j46", "rmrp": "Si", "covid": "No", "espacion_apoyo": "No", "poblacion_meta": "Refugiados/as y migrantes", "modalidad_impl": "c3jf6gykykwwemuk7", "mecanismos": "cr04avekym0dbimj", "transferencia": "Condicional", "usd_transfer": 2997, "PR3_01_RM_NA": 0, "PR3_01_RM_NN": 0, "PR3_01_RM_MM": 5, "PR3_01_RM_HH": 5, "PR3_01_RM_OTR": 0, "PR3_01_RM_LGBT": 1, "PR3_01_RM_DS": 2, "PR3_01_CUAL": "Entregas de efectivo condicionado, categor\u00eda documentaci\u00f3n, para tramitaci\u00f3n y obtenci\u00f3n de documentaci\u00f3n para RSD, OFR y otros procesos de documentaci\u00f3n civil.,Entregas de efectivo condicionado, categor\u00eda movilizaci\u00f3n, para tramitaci\u00f3n y obtenci\u00f3n de documentaci\u00f3n para RSD, OFR y otros procesos de documentaci\u00f3n civil."}}, {"formId": "c1ajh01kyszt0c88", "recordId": "cl5q9ampo005790nmdphqubrl", "parentRecordId": "c3khp2tkzh7r1uf1h", "fields": {"mes": "2022-06", "colltmgkykvhxgij6": "cqoikgjkylzqu4j46", "rmrp": "Si", "covid": "No", "espacion_apoyo": "No", "poblacion_meta": "Refugiados/as y migrantes", "modalidad_impl": "c3jf6gykykwwemuk7", "mecanismos": "cr04avekym0dbimj", "transferencia": "Condicional", "usd_transfer": 442, "PR3_01_RM_NA": 0, "PR3_01_RM_NN": 0, "PR3_01_RM_MM": 1, "PR3_01_RM_HH": 2, "PR3_01_RM_OTR": 0, "PR3_01_RM_LGBT": 1, "PR3_01_RM_DS": 2, "PR3_01_CUAL": "Entregas de efectivo condicionado, categor\u00eda documentaci\u00f3n, para tramitaci\u00f3n y obtenci\u00f3n de documentaci\u00f3n para RSD, OFR y otros procesos de documentaci\u00f3n civil.,Entregas de efectivo condicionado, categor\u00eda movilizaci\u00f3n, para tramitaci\u00f3n y obtenci\u00f3n de documentaci\u00f3n para RSD, OFR y otros procesos de documentaci\u00f3n civil."}}, {"formId": "c1ajh01kyszt0c88", "recordId": "cl5q9asog005890nmlqvh5x8j", "parentRecordId": "cai57i0kzh7nqnt1d", "fields": {"mes": "2022-06", "colltmgkykvhxgij6": "cqoikgjkylzqu4j46", "rmrp": "Si", "covid": "No", "espacion_apoyo": "No", "poblacion_meta": "Refugiados/as y migrantes", "modalidad_impl": "c3jf6gykykwwemuk7", "mecanismos": "cr04avekym0dbimj", "transferencia": "Condicional", "usd_transfer": 6308, "PR3_01_RM_NA": 0, "PR3_01_RM_NN": 1, "PR3_01_RM_MM": 10, "PR3_01_RM_HH": 8, "PR3_01_RM_OTR": 0, "PR3_01_RM_LGBT": 1, "PR3_01_RM_DS": 3, "PR3_01_CUAL": "Entregas de efectivo condicionado, categor\u00eda documentaci\u00f3n, para tramitaci\u00f3n y obtenci\u00f3n de documentaci\u00f3n para RSD, OFR y otros procesos de documentaci\u00f3n civil.,Entregas de efectivo condicionado, categor\u00eda movilizaci\u00f3n, para tramitaci\u00f3n y obtenci\u00f3n de documentaci\u00f3n para RSD, OFR y otros procesos de documentaci\u00f3n civil."}}, {"formId": "c1ajh01kyszt0c88", "recordId": "cl5q9avz2005990nm3eixobg2", "parentRecordId": "ccy8razkzh7l64n1b", "fields": {"mes": "2022-06", "colltmgkykvhxgij6": "cqoikgjkylzqu4j46", "rmrp": "Si", "covid": "No", "espacion_apoyo": "No", "poblacion_meta": "Refugiados/as y migrantes", "modalidad_impl": "c3jf6gykykwwemuk7", "mecanismos": "cr04avekym0dbimj", "transferencia": "Condicional", "usd_transfer": 3102, "PR3_01_RM_NA": 2, "PR3_01_RM_NN": 2, "PR3_01_RM_MM": 5, "PR3_01_RM_HH": 5, "PR3_01_RM_OTR": 0, "PR3_01_RM_LGBT": 1, "PR3_01_RM_DS": 2, "PR3_01_CUAL": "Entregas de efectivo condicionado, categor\u00eda documentaci\u00f3n, para tramitaci\u00f3n y obtenci\u00f3n de documentaci\u00f3n para RSD, OFR y otros procesos de documentaci\u00f3n civil.,Entregas de efectivo condicionado, categor\u00eda movilizaci\u00f3n, para tramitaci\u00f3n y obtenci\u00f3n de documentaci\u00f3n para RSD, OFR y otros procesos de documentaci\u00f3n civil."}}, {"formId": "c1ajh01kyszt0c88", "recordId": "cl5q9ayli005a90nmawbp6qky", "parentRecordId": "cuq2p6mkzh5gspn17", "fields": {"mes": "2022-06", "colltmgkykvhxgij6": "cqoikgjkylzqu4j46", "rmrp": "Si", "covid": "No", "espacion_apoyo": "No", "poblacion_meta": "Refugiados/as y migrantes", "modalidad_impl": "c3jf6gykykwwemuk7", "mecanismos": "cr04avekym0dbimj", "transferencia": "Condicional", "usd_transfer": 538, "PR3_01_RM_NA": 0, "PR3_01_RM_NN": 0, "PR3_01_RM_MM": 1, "PR3_01_RM_HH": 1, "PR3_01_RM_OTR": 0, "PR3_01_RM_LGBT": 1, "PR3_01_RM_DS": 2, "PR3_01_CUAL": "Entregas de efectivo condicionado, categor\u00eda documentaci\u00f3n, para tramitaci\u00f3n y obtenci\u00f3n de documentaci\u00f3n para RSD, OFR y otros procesos de documentaci\u00f3n civil.,Entregas de efectivo condicionado, categor\u00eda movilizaci\u00f3n, para tramitaci\u00f3n y obtenci\u00f3n de documentaci\u00f3n para RSD, OFR y otros procesos de documentaci\u00f3n civil."}}, {"formId": "c1ajh01kyszt0c88", "recordId": "cl5q9b1d0005b90nm4v5ixst9", "parentRecordId": "cypjf4vkzh5d3yj15", "fields": {"mes": "2022-06", "colltmgkykvhxgij6": "cqoikgjkylzqu4j46", "rmrp": "Si", "covid": "No", "espacion_apoyo": "No", "poblacion_meta": "Refugiados/as y migrantes", "modalidad_impl": "c3jf6gykykwwemuk7", "mecanismos": "cr04avekym0dbimj", "transferencia": "Condicional", "usd_transfer": 859, "PR3_01_RM_NA": 0, "PR3_01_RM_NN": 0, "PR3_01_RM_MM": 1, "PR3_01_RM_HH": 2, "PR3_01_RM_OTR": 0, "PR3_01_RM_LGBT": 1, "PR3_01_RM_DS": 2, "PR3_01_CUAL": "Entregas de efectivo condicionado, categor\u00eda documentaci\u00f3n, para tramitaci\u00f3n y obtenci\u00f3n de documentaci\u00f3n para RSD, OFR y otros procesos de documentaci\u00f3n civil.,Entregas de efectivo condicionado, categor\u00eda movilizaci\u00f3n, para tramitaci\u00f3n y obtenci\u00f3n de documentaci\u00f3n para RSD, OFR y otros procesos de documentaci\u00f3n civil."}}]}