{"changes": [{"formId": "cgrklmakym3h7n64", "recordId": "cl5q9hfdr008l90nmaf38td0a", "parentRecordId": "c7faf24l32ftlue4", "fields": {"mes": "2022-06", "colltmgkykvhxgij6": "c2ghc8ykylzqu505v", "rmrp": "Si", "covid": "No", "AT4_01": 1, "AT4_01_CUAL": "Portoviejo: en el mes de junio se equip\u00f3 el comedor comunitario SODECAPEC Capuchinos del Ecuador, el cual brinda asistencia en alimentaci\u00f3n a aproximadamente 100 personas en situaci\u00f3n de vulnerabilidad. \nCuenca: se entregaron materiales de construcci\u00f3n, equipamiento sanitario y pintura para el reacondicionamiento del Centro Comunitario San Roque, en donde funcionar\u00e1 un comedor y cocina comunitarios, con el objetivo de brindar alimentaci\u00f3n a 60 personas en situaci\u00f3n de vulnerabilidad.,Quito: Una vez seleccionada la Casa Comunal de Llano Grande por su ubicaci\u00f3n estrat\u00e9gica que facilita el acceso de la poblaci\u00f3n y la vincula con otros servicios de la ciudad, se di\u00f3 inicio a las obras. Cabe se\u00f1alar que el inicio se retraz\u00f3 por causa del paro nacional convocado por la Federaci\u00f3n de Nacionalidades Ind\u00edgenas del Ecuador - CONAIE. \t\t\t\t\t\t\t\t\t\t\t\t\nSanto Domingo: En el CDC Voluntad de Dios se inici\u00f3 la ejecuci\u00f3n de obras, con la entrega y acopio de materiales en coordinaci\u00f3n con la comunidad. Por otra parte, se seleccion\u00f3 a FEDAFRO como el tecer CDC de intervenci\u00f3n por su posibilidad de generar relacionamientos estrat\u00e9gicos entre poblaciones afro de Ecuador, Colombia y Venezuela. \t\t\t\t\t\t\t\t\t\t\t\t"}}]}