{"changes": [{"formId": "cesmivokysrxu0z3", "recordId": "cl7z9516400244knmpeoma57z", "parentRecordId": "cv54gqakzhukabp6", "fields": {"mes": "2022-08", "colltmgkykvhxgij6": "ci405vckylzqu5361", "rmrp": "Si", "covid": "No", "wash_individual": "No", "poblacion_meta": ["Refugiados/as y migrantes", "Comunidad de acogida"], "WA1_02_RM_NA": 231, "WA1_02_RM_NN": 168, "WA1_02_RM_MM": 517, "WA1_02_RM_HH": 453, "WA1_02_CA_NA": 14, "WA1_02_CA_NN": 9, "WA1_02_CA_MM": 18, "WA1_02_CA_HH": 16, "WA1_02_CUAL": null}}]}