{"changes": [{"formId": "c5vie2zkysumtk35", "recordId": "cl7z93rv3000w4knmd1nrazgc", "parentRecordId": "cl5q96ew7001690nm406037tz", "fields": {"mes": "2022-08", "colltmgkykvhxgij6": "c790yvmkylzqu4q4s", "rmrp": "Si", "covid": "No", "poblacion_meta2": "Refugiados y migrantes", "PRPI1_02_RM_NA": 1, "PRPI1_02_RM_NN": 3, "PRPI1_02_RM_OTR": 0, "PRPI1_02_RM_LGBT": 0, "PRPI1_02_RM_DS": 0, "PRPI1_02_CUAL": null}}, {"formId": "c5vie2zkysumtk35", "recordId": "cl7z93t0x000x4knm1ey12tou", "parentRecordId": "cl5q96ew7001990nmwq17nnvh", "fields": {"mes": "2022-08", "colltmgkykvhxgij6": "c790yvmkylzqu4q4s", "rmrp": "Si", "covid": "No", "poblacion_meta2": "Refugiados y migrantes", "PRPI1_02_RM_NA": 4, "PRPI1_02_RM_NN": 1, "PRPI1_02_RM_OTR": 0, "PRPI1_02_RM_LGBT": 1, "PRPI1_02_RM_DS": 0, "PRPI1_02_CUAL": "En el Programa de Ibarra se abordaron 5 casos de los cuales ingresaron 2. En el Programa Tulc\u00e1n se abordaron 5 casos, de los cuales ingresaron 3. "}}, {"formId": "c5vie2zkysumtk35", "recordId": "cl7z93uft000y4knm6kwj3ydy", "parentRecordId": "cl5q96ew7001790nmsvunj5od", "fields": {"mes": "2022-08", "colltmgkykvhxgij6": "c790yvmkylzqu4q4s", "rmrp": "Si", "covid": "No", "poblacion_meta2": "Refugiados y migrantes", "PRPI1_02_RM_NA": 2, "PRPI1_02_RM_NN": 2, "PRPI1_02_RM_OTR": 1, "PRPI1_02_RM_LGBT": 1, "PRPI1_02_RM_DS": 0, "PRPI1_02_CUAL": "En el Programa de Ibarra se abordaron 5 casos de los cuales ingresaron 2. En el Programa Tulc\u00e1n se abordaron 5 casos, de los cuales ingresaron 3. "}}, {"formId": "c5vie2zkysumtk35", "recordId": "cl7z93vmh000z4knm856lpuqd", "parentRecordId": "c2jklell47gswhke", "fields": {"mes": "2022-08", "colltmgkykvhxgij6": "c790yvmkylzqu4q4s", "rmrp": "Si", "covid": "No", "poblacion_meta2": "Refugiados y migrantes", "PRPI1_02_RM_NA": 3, "PRPI1_02_RM_NN": 7, "PRPI1_02_RM_OTR": 0, "PRPI1_02_RM_LGBT": 0, "PRPI1_02_RM_DS": 1, "PRPI1_02_CUAL": "AMBATO. Se identifcan NNA no acomp\u00f1ados. NNA en riesgo de trabajo de infantil, NNA en riesgo de sufrir violencia f\u00edsica\nCUENCA. Se identifcan NNA separados y NNA en riesgo de mendicidad\nESMERALDAS. Se identifcan NNA no acomp\u00f1ados, NNA separados. NNA en riesgo de VBG\nHUAQUILLAS. Se identifcan NNA no acompa\u00f1ados\nIBARRA. Se identifcan casos de NNA no acomp\u00f1ados, NNA separados. Adolescentes en uni\u00f3n temprana. NNA con riesgo de negligencia.\nMANTA. Se identifcan NNA no acomp\u00f1ados,NNA separados, en riesgo de deserci\u00f3n escolar\nQUITO. Se identifcan casos de NNA en uni\u00f3n temprana, NNA con dificultad para acceso a servicio de salud, NNA en riesgo de deserci\u00f3n escolar\nSAN LORENZO. Se identifcan NNA no acomp\u00f1ados,NNA separados, en riesgo de deserci\u00f3n escolar\nSANTO DOMINGO. Se identifcan NNA en riesgo de mendicidad. NNA separados. NNA en riesgo de deserci\u00f3n escolar\nTULCAN. Se identifcan NNA en tr\u00e1nsito no acompa\u00f1ados y NNA separados. NNA con riesgo de negligencia. Adolescentes en uni\u00f3n temprana"}}, {"formId": "c5vie2zkysumtk35", "recordId": "cl7z93wuv00104knm7lx9ptcb", "parentRecordId": "cmsxtz2l47gpbyhc", "fields": {"mes": "2022-08", "colltmgkykvhxgij6": "c790yvmkylzqu4q4s", "rmrp": "Si", "covid": "No", "poblacion_meta2": "Refugiados y migrantes", "PRPI1_02_RM_NA": 7, "PRPI1_02_RM_NN": 3, "PRPI1_02_RM_OTR": 0, "PRPI1_02_RM_LGBT": 0, "PRPI1_02_RM_DS": 1, "PRPI1_02_CUAL": "AMBATO. Se identifcan NNA no acomp\u00f1ados. NNA en riesgo de trabajo de infantil, NNA en riesgo de sufrir violencia f\u00edsica\nCUENCA. Se identifcan NNA separados y NNA en riesgo de mendicidad\nESMERALDAS. Se identifcan NNA no acomp\u00f1ados, NNA separados. NNA en riesgo de VBG\nHUAQUILLAS. Se identifcan NNA no acompa\u00f1ados\nIBARRA. Se identifcan casos de NNA no acomp\u00f1ados, NNA separados. Adolescentes en uni\u00f3n temprana. NNA con riesgo de negligencia.\nMANTA. Se identifcan NNA no acomp\u00f1ados,NNA separados, en riesgo de deserci\u00f3n escolar\nQUITO. Se identifcan casos de NNA en uni\u00f3n temprana, NNA con dificultad para acceso a servicio de salud, NNA en riesgo de deserci\u00f3n escolar\nSAN LORENZO. Se identifcan NNA no acomp\u00f1ados,NNA separados, en riesgo de deserci\u00f3n escolar\nSANTO DOMINGO. Se identifcan NNA en riesgo de mendicidad. NNA separados. NNA en riesgo de deserci\u00f3n escolar\nTULCAN. Se identifcan NNA en tr\u00e1nsito no acompa\u00f1ados y NNA separados. NNA con riesgo de negligencia. Adolescentes en uni\u00f3n temprana"}}, {"formId": "c5vie2zkysumtk35", "recordId": "cl7z93y1p00114knmuyg9jjww", "parentRecordId": "cjbovd1l47gmx5ub", "fields": {"mes": "2022-08", "colltmgkykvhxgij6": "c790yvmkylzqu4q4s", "rmrp": "Si", "covid": "No", "poblacion_meta2": "Refugiados y migrantes", "PRPI1_02_RM_NA": 11, "PRPI1_02_RM_NN": 9, "PRPI1_02_RM_OTR": 0, "PRPI1_02_RM_LGBT": 0, "PRPI1_02_RM_DS": 1, "PRPI1_02_CUAL": "AMBATO. Se identifcan NNA no acomp\u00f1ados. NNA en riesgo de trabajo de infantil, NNA en riesgo de sufrir violencia f\u00edsica\nCUENCA. Se identifcan NNA separados y NNA en riesgo de mendicidad\nESMERALDAS. Se identifcan NNA no acomp\u00f1ados, NNA separados. NNA en riesgo de VBG\nHUAQUILLAS. Se identifcan NNA no acompa\u00f1ados\nIBARRA. Se identifcan casos de NNA no acomp\u00f1ados, NNA separados. Adolescentes en uni\u00f3n temprana. NNA con riesgo de negligencia.\nMANTA. Se identifcan NNA no acomp\u00f1ados,NNA separados, en riesgo de deserci\u00f3n escolar\nQUITO. Se identifcan casos de NNA en uni\u00f3n temprana, NNA con dificultad para acceso a servicio de salud, NNA en riesgo de deserci\u00f3n escolar\nSAN LORENZO. Se identifcan NNA no acomp\u00f1ados,NNA separados, en riesgo de deserci\u00f3n escolar\nSANTO DOMINGO. Se identifcan NNA en riesgo de mendicidad. NNA separados. NNA en riesgo de deserci\u00f3n escolar\nTULCAN. Se identifcan NNA en tr\u00e1nsito no acompa\u00f1ados y NNA separados. NNA con riesgo de negligencia. Adolescentes en uni\u00f3n temprana"}}, {"formId": "c5vie2zkysumtk35", "recordId": "cl7z93z7y00124knmwk2z79pr", "parentRecordId": "c9evjl2l3103eu51f", "fields": {"mes": "2022-08", "colltmgkykvhxgij6": "c790yvmkylzqu4q4s", "rmrp": "Si", "covid": "No", "poblacion_meta2": "Refugiados y migrantes", "PRPI1_02_RM_NA": 8, "PRPI1_02_RM_NN": 7, "PRPI1_02_RM_OTR": 0, "PRPI1_02_RM_LGBT": 0, "PRPI1_02_RM_DS": 1, "PRPI1_02_CUAL": "AMBATO. Se identifcan NNA no acomp\u00f1ados. NNA en riesgo de trabajo de infantil, NNA en riesgo de sufrir violencia f\u00edsica\nCUENCA. Se identifcan NNA separados y NNA en riesgo de mendicidad\nESMERALDAS. Se identifcan NNA no acomp\u00f1ados, NNA separados. NNA en riesgo de VBG\nHUAQUILLAS. Se identifcan NNA no acompa\u00f1ados\nIBARRA. Se identifcan casos de NNA no acomp\u00f1ados, NNA separados. Adolescentes en uni\u00f3n temprana. NNA con riesgo de negligencia.\nMANTA. Se identifcan NNA no acomp\u00f1ados,NNA separados, en riesgo de deserci\u00f3n escolar\nQUITO. Se identifcan casos de NNA en uni\u00f3n temprana, NNA con dificultad para acceso a servicio de salud, NNA en riesgo de deserci\u00f3n escolar\nSAN LORENZO. Se identifcan NNA no acomp\u00f1ados,NNA separados, en riesgo de deserci\u00f3n escolar\nSANTO DOMINGO. Se identifcan NNA en riesgo de mendicidad. NNA separados. NNA en riesgo de deserci\u00f3n escolar\nTULCAN. Se identifcan NNA en tr\u00e1nsito no acompa\u00f1ados y NNA separados. NNA con riesgo de negligencia. Adolescentes en uni\u00f3n temprana"}}, {"formId": "c5vie2zkysumtk35", "recordId": "cl7z940g900134knmsf1b7pgf", "parentRecordId": "c5fllfgl30zydkp1d", "fields": {"mes": "2022-08", "colltmgkykvhxgij6": "c790yvmkylzqu4q4s", "rmrp": "Si", "covid": "No", "poblacion_meta2": "Refugiados y migrantes", "PRPI1_02_RM_NA": 4, "PRPI1_02_RM_NN": 4, "PRPI1_02_RM_OTR": 0, "PRPI1_02_RM_LGBT": 0, "PRPI1_02_RM_DS": 1, "PRPI1_02_CUAL": "AMBATO. Se identifcan NNA no acomp\u00f1ados. NNA en riesgo de trabajo de infantil, NNA en riesgo de sufrir violencia f\u00edsica\nCUENCA. Se identifcan NNA separados y NNA en riesgo de mendicidad\nESMERALDAS. Se identifcan NNA no acomp\u00f1ados, NNA separados. NNA en riesgo de VBG\nHUAQUILLAS. Se identifcan NNA no acompa\u00f1ados\nIBARRA. Se identifcan casos de NNA no acomp\u00f1ados, NNA separados. Adolescentes en uni\u00f3n temprana. NNA con riesgo de negligencia.\nMANTA. Se identifcan NNA no acomp\u00f1ados,NNA separados, en riesgo de deserci\u00f3n escolar\nQUITO. Se identifcan casos de NNA en uni\u00f3n temprana, NNA con dificultad para acceso a servicio de salud, NNA en riesgo de deserci\u00f3n escolar\nSAN LORENZO. Se identifcan NNA no acomp\u00f1ados,NNA separados, en riesgo de deserci\u00f3n escolar\nSANTO DOMINGO. Se identifcan NNA en riesgo de mendicidad. NNA separados. NNA en riesgo de deserci\u00f3n escolar\nTULCAN. Se identifcan NNA en tr\u00e1nsito no acompa\u00f1ados y NNA separados. NNA con riesgo de negligencia. Adolescentes en uni\u00f3n temprana"}}, {"formId": "c5vie2zkysumtk35", "recordId": "cl7z941lr00144knmp6ngbv1j", "parentRecordId": "c91a5d1l30zq47z1a", "fields": {"mes": "2022-08", "colltmgkykvhxgij6": "c790yvmkylzqu4q4s", "rmrp": "Si", "covid": "No", "poblacion_meta2": "Refugiados y migrantes", "PRPI1_02_RM_NA": 2, "PRPI1_02_RM_NN": 1, "PRPI1_02_RM_OTR": 0, "PRPI1_02_RM_LGBT": 0, "PRPI1_02_RM_DS": 1, "PRPI1_02_CUAL": "AMBATO. Se identifcan NNA no acomp\u00f1ados. NNA en riesgo de trabajo de infantil, NNA en riesgo de sufrir violencia f\u00edsica\nCUENCA. Se identifcan NNA separados y NNA en riesgo de mendicidad\nESMERALDAS. Se identifcan NNA no acomp\u00f1ados, NNA separados. NNA en riesgo de VBG\nHUAQUILLAS. Se identifcan NNA no acompa\u00f1ados\nIBARRA. Se identifcan casos de NNA no acomp\u00f1ados, NNA separados. Adolescentes en uni\u00f3n temprana. NNA con riesgo de negligencia.\nMANTA. Se identifcan NNA no acomp\u00f1ados,NNA separados, en riesgo de deserci\u00f3n escolar\nQUITO. Se identifcan casos de NNA en uni\u00f3n temprana, NNA con dificultad para acceso a servicio de salud, NNA en riesgo de deserci\u00f3n escolar\nSAN LORENZO. Se identifcan NNA no acomp\u00f1ados,NNA separados, en riesgo de deserci\u00f3n escolar\nSANTO DOMINGO. Se identifcan NNA en riesgo de mendicidad. NNA separados. NNA en riesgo de deserci\u00f3n escolar\nTULCAN. Se identifcan NNA en tr\u00e1nsito no acompa\u00f1ados y NNA separados. NNA con riesgo de negligencia. Adolescentes en uni\u00f3n temprana"}}, {"formId": "c5vie2zkysumtk35", "recordId": "cl7z942x600154knmyaf4myii", "parentRecordId": "cpenqeol30zfr0510", "fields": {"mes": "2022-08", "colltmgkykvhxgij6": "c790yvmkylzqu4q4s", "rmrp": "Si", "covid": "No", "poblacion_meta2": "Refugiados y migrantes", "PRPI1_02_RM_NA": 0, "PRPI1_02_RM_NN": 0, "PRPI1_02_RM_OTR": 0, "PRPI1_02_RM_LGBT": 0, "PRPI1_02_RM_DS": 1, "PRPI1_02_CUAL": "AMBATO. Se identifcan NNA no acomp\u00f1ados. NNA en riesgo de trabajo de infantil, NNA en riesgo de sufrir violencia f\u00edsica\nCUENCA. Se identifcan NNA separados y NNA en riesgo de mendicidad\nESMERALDAS. Se identifcan NNA no acomp\u00f1ados, NNA separados. NNA en riesgo de VBG\nHUAQUILLAS. Se identifcan NNA no acompa\u00f1ados\nIBARRA. Se identifcan casos de NNA no acomp\u00f1ados, NNA separados. Adolescentes en uni\u00f3n temprana. NNA con riesgo de negligencia.\nMANTA. Se identifcan NNA no acomp\u00f1ados,NNA separados, en riesgo de deserci\u00f3n escolar\nQUITO. Se identifcan casos de NNA en uni\u00f3n temprana, NNA con dificultad para acceso a servicio de salud, NNA en riesgo de deserci\u00f3n escolar\nSAN LORENZO. Se identifcan NNA no acomp\u00f1ados,NNA separados, en riesgo de deserci\u00f3n escolar\nSANTO DOMINGO. Se identifcan NNA en riesgo de mendicidad. NNA separados. NNA en riesgo de deserci\u00f3n escolar\nTULCAN. Se identifcan NNA en tr\u00e1nsito no acompa\u00f1ados y NNA separados. NNA con riesgo de negligencia. Adolescentes en uni\u00f3n temprana"}}, {"formId": "c5vie2zkysumtk35", "recordId": "cl7z9448000164knma6zvt7ri", "parentRecordId": "c3zeuqxl1uvkley1h", "fields": {"mes": "2022-08", "colltmgkykvhxgij6": "c790yvmkylzqu4q4s", "rmrp": "Si", "covid": "No", "poblacion_meta2": "Refugiados y migrantes", "PRPI1_02_RM_NA": 0, "PRPI1_02_RM_NN": 1, "PRPI1_02_RM_OTR": 0, "PRPI1_02_RM_LGBT": 0, "PRPI1_02_RM_DS": 1, "PRPI1_02_CUAL": "AMBATO. Se identifcan NNA no acomp\u00f1ados. NNA en riesgo de trabajo de infantil, NNA en riesgo de sufrir violencia f\u00edsica\nCUENCA. Se identifcan NNA separados y NNA en riesgo de mendicidad\nESMERALDAS. Se identifcan NNA no acomp\u00f1ados, NNA separados. NNA en riesgo de VBG\nHUAQUILLAS. Se identifcan NNA no acompa\u00f1ados\nIBARRA. Se identifcan casos de NNA no acomp\u00f1ados, NNA separados. Adolescentes en uni\u00f3n temprana. NNA con riesgo de negligencia.\nMANTA. Se identifcan NNA no acomp\u00f1ados,NNA separados, en riesgo de deserci\u00f3n escolar\nQUITO. Se identifcan casos de NNA en uni\u00f3n temprana, NNA con dificultad para acceso a servicio de salud, NNA en riesgo de deserci\u00f3n escolar\nSAN LORENZO. Se identifcan NNA no acomp\u00f1ados,NNA separados, en riesgo de deserci\u00f3n escolar\nSANTO DOMINGO. Se identifcan NNA en riesgo de mendicidad. NNA separados. NNA en riesgo de deserci\u00f3n escolar\nTULCAN. Se identifcan NNA en tr\u00e1nsito no acompa\u00f1ados y NNA separados. NNA con riesgo de negligencia. Adolescentes en uni\u00f3n temprana"}}, {"formId": "c5vie2zkysumtk35", "recordId": "cl7z945ed00174knm6ngosky6", "parentRecordId": "c6pym6pl0k2sghkr", "fields": {"mes": "2022-08", "colltmgkykvhxgij6": "c790yvmkylzqu4q4s", "rmrp": "Si", "covid": "No", "poblacion_meta2": "Refugiados y migrantes", "PRPI1_02_RM_NA": 2, "PRPI1_02_RM_NN": 5, "PRPI1_02_RM_OTR": 0, "PRPI1_02_RM_LGBT": 0, "PRPI1_02_RM_DS": 1, "PRPI1_02_CUAL": "AMBATO. Se identifcan NNA no acomp\u00f1ados. NNA en riesgo de trabajo de infantil, NNA en riesgo de sufrir violencia f\u00edsica\nCUENCA. Se identifcan NNA separados y NNA en riesgo de mendicidad\nESMERALDAS. Se identifcan NNA no acomp\u00f1ados, NNA separados. NNA en riesgo de VBG\nHUAQUILLAS. Se identifcan NNA no acompa\u00f1ados\nIBARRA. Se identifcan casos de NNA no acomp\u00f1ados, NNA separados. Adolescentes en uni\u00f3n temprana. NNA con riesgo de negligencia.\nMANTA. Se identifcan NNA no acomp\u00f1ados,NNA separados, en riesgo de deserci\u00f3n escolar\nQUITO. Se identifcan casos de NNA en uni\u00f3n temprana, NNA con dificultad para acceso a servicio de salud, NNA en riesgo de deserci\u00f3n escolar\nSAN LORENZO. Se identifcan NNA no acomp\u00f1ados,NNA separados, en riesgo de deserci\u00f3n escolar\nSANTO DOMINGO. Se identifcan NNA en riesgo de mendicidad. NNA separados. NNA en riesgo de deserci\u00f3n escolar\nTULCAN. Se identifcan NNA en tr\u00e1nsito no acompa\u00f1ados y NNA separados. NNA con riesgo de negligencia. Adolescentes en uni\u00f3n temprana"}}, {"formId": "c5vie2zkysumtk35", "recordId": "cl7z946ns00184knm0t59d5pv", "parentRecordId": "c8cerh8l0k2j555n", "fields": {"mes": "2022-08", "colltmgkykvhxgij6": "c790yvmkylzqu4q4s", "rmrp": "Si", "covid": "No", "poblacion_meta2": "Refugiados y migrantes", "PRPI1_02_RM_NA": 4, "PRPI1_02_RM_NN": 4, "PRPI1_02_RM_OTR": 0, "PRPI1_02_RM_LGBT": 0, "PRPI1_02_RM_DS": 1, "PRPI1_02_CUAL": "AMBATO. Se identifcan NNA no acomp\u00f1ados. NNA en riesgo de trabajo de infantil, NNA en riesgo de sufrir violencia f\u00edsica\nCUENCA. Se identifcan NNA separados y NNA en riesgo de mendicidad\nESMERALDAS. Se identifcan NNA no acomp\u00f1ados, NNA separados. NNA en riesgo de VBG\nHUAQUILLAS. Se identifcan NNA no acompa\u00f1ados\nIBARRA. Se identifcan casos de NNA no acomp\u00f1ados, NNA separados. Adolescentes en uni\u00f3n temprana. NNA con riesgo de negligencia.\nMANTA. Se identifcan NNA no acomp\u00f1ados,NNA separados, en riesgo de deserci\u00f3n escolar\nQUITO. Se identifcan casos de NNA en uni\u00f3n temprana, NNA con dificultad para acceso a servicio de salud, NNA en riesgo de deserci\u00f3n escolar\nSAN LORENZO. Se identifcan NNA no acomp\u00f1ados,NNA separados, en riesgo de deserci\u00f3n escolar\nSANTO DOMINGO. Se identifcan NNA en riesgo de mendicidad. NNA separados. NNA en riesgo de deserci\u00f3n escolar\nTULCAN. Se identifcan NNA en tr\u00e1nsito no acompa\u00f1ados y NNA separados. NNA con riesgo de negligencia. Adolescentes en uni\u00f3n temprana"}}, {"formId": "c5vie2zkysumtk35", "recordId": "cl7z947ug00194knmzebvd079", "parentRecordId": "chuqttwkzcxucpy3", "fields": {"mes": "2022-08", "colltmgkykvhxgij6": "c790yvmkylzqu4q4s", "rmrp": "Si", "covid": "No", "poblacion_meta2": "Refugiados y migrantes", "PRPI1_02_RM_NA": 8, "PRPI1_02_RM_NN": 7, "PRPI1_02_RM_OTR": 0, "PRPI1_02_RM_LGBT": 0, "PRPI1_02_RM_DS": 0, "PRPI1_02_CUAL": "Durante el mes de agosto  15 NNA fueron evaluados en sus necesidades espec\u00edficas y se ha planteado acciones para intervenir ante lo identificado.,Durante el mes de agosto se identificaron 15 NNA"}}]}