{"changes": [{"formId": "cesmivokysrxu0z3", "recordId": "cl7zh6eqi0001m8nmo4ir8aio", "parentRecordId": "cl7zgyxcy0000a4nml9zp3bvv", "fields": {"mes": "2022-08", "colltmgkykvhxgij6": "cobb8tskylzqu5463", "rmrp": "Si", "covid": "No", "wash_individual": "No", "poblacion_meta": ["Refugiados/as y migrantes", "Comunidad de acogida"], "modalidad_impl": "cb53mqwkykwwihkk8", "WA1_04_RM_NA": 0, "WA1_04_RM_NN": 0, "WA1_04_RM_MM": 17, "WA1_04_RM_HH": 1, "WA1_04_CA_NA": 0, "WA1_04_CA_NN": 0, "WA1_04_CA_MM": 51, "WA1_04_CA_HH": 4, "WA1_04_CUAL": "Se entregaron 80 kits de salud sexual y reproductivas a PERTS (personas que ejercen el trabajo sexual), los kits est\u00e1n conformados por una bolsa color ploma, adentro contiene 12 condones, toallitas h\u00famedas un pack peque\u00f1o, un esmalte, 2 lubricantes.  Se visito lugares de tolerancia como la Puentecita, se entreg\u00f3  a usuarias que visitan oficinas de PLAPERTS/LA SALITA.\n"}}]}