{"changes": [{"formId": "c4d8wbzkyngr50t3", "recordId": "cl7z95zqj002i4knm2js217qr", "parentRecordId": "cl6qu1nxu0002lwnmyg10q8ci", "fields": {"mes": "2022-08", "colltmgkykvhxgij6": "cxjbtsykylzqu4g3u", "rmrp": "Si", "covid": "No", "espacion_apoyo": "Si", "poblacion_meta": ["Refugiados/as y migrantes", "Comunidad de acogida"], "poblacion_meta_freq": "Primera vez", "modalidad_impl": "cmo12q1kykwwosjka", "semilla": "No", "IN5_01_RM_MM_N": 6, "IN5_01_RM_HH_N": 4, "IN5_01_RM_OTR_N": 0, "IN5_01_RM_LGBT_N": 0, "IN5_01_CA_MM_N": 0, "IN5_01_CA_HH_N": 0, "IN5_01_CA_OTR_N": 0, "IN5_01_CA_LGBT_N": 0, "IN5_01_CUAL": "Programa Tulc\u00e1n: 21 j\u00f3venes y adolescentes se capacitan en temas de barber\u00eda y peluquer\u00eda. "}}, {"formId": "c4d8wbzkyngr50t3", "recordId": "cl7z96196002j4knmd49c9mo8", "parentRecordId": "cg2eprnl48m80251i", "fields": {"mes": "2022-08", "colltmgkykvhxgij6": "cxjbtsykylzqu4g3u", "rmrp": "Si", "covid": "No", "espacion_apoyo": "Si", "poblacion_meta": ["Refugiados/as y migrantes", "Comunidad de acogida"], "poblacion_meta_freq": "Primera vez", "modalidad_impl": "cmo12q1kykwwosjka", "semilla": "No", "IN5_01_RM_MM_N": 8, "IN5_01_RM_HH_N": 0, "IN5_01_RM_OTR_N": 0, "IN5_01_RM_LGBT_N": 0, "IN5_01_CA_MM_N": 0, "IN5_01_CA_HH_N": 0, "IN5_01_CA_OTR_N": 0, "IN5_01_CA_LGBT_N": 0, "IN5_01_CUAL": null}}, {"formId": "c4d8wbzkyngr50t3", "recordId": "cl7z962re002k4knm1fz6rf2m", "parentRecordId": "cfkoejpl48m17p81g", "fields": {"mes": "2022-08", "colltmgkykvhxgij6": "cxjbtsykylzqu4g3u", "rmrp": "Si", "covid": "No", "espacion_apoyo": "Si", "poblacion_meta": ["Refugiados/as y migrantes", "Comunidad de acogida"], "poblacion_meta_freq": "Primera vez", "modalidad_impl": "cmo12q1kykwwosjka", "semilla": "No", "IN5_01_RM_MM_N": 3, "IN5_01_RM_HH_N": 1, "IN5_01_RM_OTR_N": 0, "IN5_01_RM_LGBT_N": 0, "IN5_01_CA_MM_N": 2, "IN5_01_CA_HH_N": 0, "IN5_01_CA_OTR_N": 0, "IN5_01_CA_LGBT_N": 0, "IN5_01_CUAL": null}}, {"formId": "c4d8wbzkyngr50t3", "recordId": "cl7z9647n002l4knmjh69g7m2", "parentRecordId": "czcr5tyl48lllcl1c", "fields": {"mes": "2022-08", "colltmgkykvhxgij6": "cxjbtsykylzqu4g3u", "rmrp": "Si", "covid": "No", "espacion_apoyo": "Si", "poblacion_meta": ["Refugiados/as y migrantes", "Comunidad de acogida"], "poblacion_meta_freq": "Primera vez", "modalidad_impl": "cmo12q1kykwwosjka", "semilla": "No", "IN5_01_RM_MM_N": 7, "IN5_01_RM_HH_N": 1, "IN5_01_RM_OTR_N": 0, "IN5_01_RM_LGBT_N": 0, "IN5_01_CA_MM_N": 0, "IN5_01_CA_HH_N": 0, "IN5_01_CA_OTR_N": 0, "IN5_01_CA_LGBT_N": 0, "IN5_01_CUAL": null}}, {"formId": "c4d8wbzkyngr50t3", "recordId": "cl7z965nv002m4knm8rjxjcvs", "parentRecordId": "c3epqakl1y334dvh", "fields": {"mes": "2022-08", "colltmgkykvhxgij6": "cxjbtsykylzqu4g3u", "rmrp": "Si", "covid": "No", "espacion_apoyo": "Si", "poblacion_meta": ["Refugiados/as y migrantes", "Comunidad de acogida"], "poblacion_meta_freq": "Primera vez", "modalidad_impl": "cmo12q1kykwwosjka", "semilla": "No", "IN5_01_RM_MM_N": 0, "IN5_01_RM_HH_N": 0, "IN5_01_RM_OTR_N": 0, "IN5_01_RM_LGBT_N": 0, "IN5_01_CA_MM_N": 0, "IN5_01_CA_HH_N": 0, "IN5_01_CA_OTR_N": 0, "IN5_01_CA_LGBT_N": 0, "IN5_01_CUAL": "El indicador se cumpli\u00f3 en el mes de julio.,En Cuenca, en este mes se obtuvo la notificaci\u00f3n sanitaria de dos emprendimientos gastron\u00f3micos, de personas en situaci\u00f3n de movilidad, uno de ellos enfocado en chocolater\u00eda y otro en la elaboraci\u00f3n de salsas. Cabe mencionar que la obtenci\u00f3n de la notificaci\u00f3n sanitaria es el \u00faltimo paso que requiere el proceso de formalizaci\u00f3n. El equipo de Manta se han identificado 7 emprendimientos a formalizar (5 de la comunidad de inter\u00e9s y 2 de la de acogida), se ha realizado la proforma de 6 de 7 productos con el laboratorio, para determinar costo de an\u00e1lisis de ex\u00e1menes. Las actividades en Portoviejo se han planificado para el mes de septiembre."}}, {"formId": "c4d8wbzkyngr50t3", "recordId": "cl7z9674d002n4knmomyeizmw", "parentRecordId": "cpf8s4wl1v0gyags", "fields": {"mes": "2022-08", "colltmgkykvhxgij6": "cxjbtsykylzqu4g3u", "rmrp": "Si", "covid": "No", "espacion_apoyo": "Si", "poblacion_meta": ["Refugiados/as y migrantes", "Comunidad de acogida"], "poblacion_meta_freq": "Primera vez", "modalidad_impl": "cmo12q1kykwwosjka", "semilla": "No", "IN5_01_RM_MM_N": 0, "IN5_01_RM_HH_N": 0, "IN5_01_RM_OTR_N": 0, "IN5_01_RM_LGBT_N": 1, "IN5_01_CA_MM_N": 0, "IN5_01_CA_HH_N": 0, "IN5_01_CA_OTR_N": 0, "IN5_01_CA_LGBT_N": 1, "IN5_01_CUAL": "No se incluye personas nuevas al AG en el mes de agosto, se tiene un avance de 88 personas de 90 en Quito y 45 personas de 40 en Sto. Domingo. Este indicador hace referencia adem\u00e1s a la meta de 500 personas adicionales que deben ser registradas con los talleres que hacemos con el GAD Municipal de Sto. Domingo. Se debe ajustar la meta del indicador a 630  ,Seguimiento y acompa\u00f1amiento a personas que recibieron k-semilla en el 2021,Personas que se incluyen al A GANAR en el mes de agosto"}}, {"formId": "c4d8wbzkyngr50t3", "recordId": "cl7z968jc002o4knmiwoq56o3", "parentRecordId": "cb7c9d4l1v0bk1ep", "fields": {"mes": "2022-08", "colltmgkykvhxgij6": "cxjbtsykylzqu4g3u", "rmrp": "Si", "covid": "No", "espacion_apoyo": "Si", "poblacion_meta": ["Refugiados/as y migrantes", "Comunidad de acogida"], "poblacion_meta_freq": "Primera vez", "modalidad_impl": "cmo12q1kykwwosjka", "semilla": "No", "IN5_01_RM_MM_N": 0, "IN5_01_RM_HH_N": 0, "IN5_01_RM_OTR_N": 0, "IN5_01_RM_LGBT_N": 1, "IN5_01_CA_MM_N": 0, "IN5_01_CA_HH_N": 0, "IN5_01_CA_OTR_N": 0, "IN5_01_CA_LGBT_N": 1, "IN5_01_CUAL": "No se incluye personas nuevas al AG en el mes de agosto, se tiene un avance de 88 personas de 90 en Quito y 45 personas de 40 en Sto. Domingo. Este indicador hace referencia adem\u00e1s a la meta de 500 personas adicionales que deben ser registradas con los talleres que hacemos con el GAD Municipal de Sto. Domingo. Se debe ajustar la meta del indicador a 630  ,Seguimiento y acompa\u00f1amiento a personas que recibieron k-semilla en el 2021,Personas que se incluyen al A GANAR en el mes de agosto"}}, {"formId": "c4d8wbzkyngr50t3", "recordId": "cl7z969yn002p4knmlkhlfvio", "parentRecordId": "c6rdmr2l1v0937nn", "fields": {"mes": "2022-08", "colltmgkykvhxgij6": "cxjbtsykylzqu4g3u", "rmrp": "Si", "covid": "No", "espacion_apoyo": "Si", "poblacion_meta": ["Refugiados/as y migrantes", "Comunidad de acogida"], "poblacion_meta_freq": "Primera vez", "modalidad_impl": "cmo12q1kykwwosjka", "semilla": "No", "IN5_01_RM_MM_N": 0, "IN5_01_RM_HH_N": 0, "IN5_01_RM_OTR_N": 0, "IN5_01_RM_LGBT_N": 1, "IN5_01_CA_MM_N": 0, "IN5_01_CA_HH_N": 0, "IN5_01_CA_OTR_N": 0, "IN5_01_CA_LGBT_N": 1, "IN5_01_CUAL": "No se incluye personas nuevas al AG en el mes de agosto, se tiene un avance de 88 personas de 90 en Quito y 45 personas de 40 en Sto. Domingo. Este indicador hace referencia adem\u00e1s a la meta de 500 personas adicionales que deben ser registradas con los talleres que hacemos con el GAD Municipal de Sto. Domingo. Se debe ajustar la meta del indicador a 630  ,Seguimiento y acompa\u00f1amiento a personas que recibieron k-semilla en el 2021,Personas que se incluyen al A GANAR en el mes de agosto"}}, {"formId": "c4d8wbzkyngr50t3", "recordId": "cl7z96bfe002q4knmz5ecu0rb", "parentRecordId": "c9gaaznl0smd48u2", "fields": {"mes": "2022-08", "colltmgkykvhxgij6": "cxjbtsykylzqu4g3u", "rmrp": "Si", "covid": "No", "espacion_apoyo": "Si", "poblacion_meta": ["Refugiados/as y migrantes", "Comunidad de acogida"], "poblacion_meta_freq": "Primera vez", "modalidad_impl": "cmo12q1kykwwosjka", "semilla": "No", "IN5_01_RM_MM_N": 0, "IN5_01_RM_HH_N": 0, "IN5_01_RM_OTR_N": 0, "IN5_01_RM_LGBT_N": 0, "IN5_01_CA_MM_N": 0, "IN5_01_CA_HH_N": 0, "IN5_01_CA_OTR_N": 0, "IN5_01_CA_LGBT_N": 0, "IN5_01_CUAL": "No se incluye personas nuevas al AG en el mes de agosto, se tiene un avance de 88 personas de 90 en Quito y 45 personas de 40 en Sto. Domingo. Este indicador hace referencia adem\u00e1s a la meta de 500 personas adicionales que deben ser registradas con los talleres que hacemos con el GAD Municipal de Sto. Domingo. Se debe ajustar la meta del indicador a 630  ,Seguimiento y acompa\u00f1amiento a personas que recibieron k-semilla en el 2021,Personas que se incluyen al A GANAR en el mes de agosto"}}, {"formId": "c4d8wbzkyngr50t3", "recordId": "cl7z96cwf002r4knmov1apaw4", "parentRecordId": "c8oomjqkzhfnlob4", "fields": {"mes": "2022-08", "colltmgkykvhxgij6": "cxjbtsykylzqu4g3u", "rmrp": "Si", "covid": "No", "espacion_apoyo": "Si", "poblacion_meta": ["Refugiados/as y migrantes", "Comunidad de acogida"], "poblacion_meta_freq": "Primera vez", "modalidad_impl": "cmo12q1kykwwosjka", "semilla": "No", "IN5_01_RM_MM_N": 0, "IN5_01_RM_HH_N": 0, "IN5_01_RM_OTR_N": 0, "IN5_01_RM_LGBT_N": 1, "IN5_01_CA_MM_N": 0, "IN5_01_CA_HH_N": 0, "IN5_01_CA_OTR_N": 0, "IN5_01_CA_LGBT_N": 1, "IN5_01_CUAL": "No se incluye personas nuevas al AG en el mes de agosto, se tiene un avance de 88 personas de 90 en Quito y 45 personas de 40 en Sto. Domingo. Este indicador hace referencia adem\u00e1s a la meta de 500 personas adicionales que deben ser registradas con los talleres que hacemos con el GAD Municipal de Sto. Domingo. Se debe ajustar la meta del indicador a 630  ,Seguimiento y acompa\u00f1amiento a personas que recibieron k-semilla en el 2021,Personas que se incluyen al A GANAR en el mes de agosto"}}]}