{"changes": [{"formId": "cgrklmakym3h7n64", "recordId": "cl7z96h3b002s4knmrsx21vr6", "parentRecordId": "cl5q96ewd003n90nmvc5m7ing", "fields": {"mes": "2022-08", "colltmgkykvhxgij6": "clp734wkylzqu4y5o", "rmrp": "Si", "covid": "No", "poblacion_meta": ["Refugiados/as y migrantes", "Comunidad de acogida"], "poblacion_meta_freq": "cijhw0kyp1p6zv36", "mecanismos": "cmo12q1kykwwosjka", "AT1_01_RM_NA_PR": 48, "AT1_01_RM_NN_PR": 44, "AT1_01_RM_MM_PR": 66, "AT1_01_RM_HH_PR": 48, "AT1_01_RM_OTR_PR": 0, "AT1_01_RM_LGBT_PR": 4, "AT1_01_CA_NA_PR": 4, "AT1_01_CA_NN_PR": 1, "AT1_01_CA_MM_PR": 0, "AT1_01_CA_HH_PR": 0, "AT1_01_CA_OTR_PR": 0, "AT1_01_CA_LGBT_PR": 1}}, {"formId": "cgrklmakym3h7n64", "recordId": "cl7z96izw002t4knmdihjrpab", "parentRecordId": "cl5q96ewd003o90nmgkbcyrpm", "fields": {"mes": "2022-08", "colltmgkykvhxgij6": "clp734wkylzqu4y5o", "rmrp": "Si", "covid": "No", "poblacion_meta": ["Refugiados/as y migrantes", "Comunidad de acogida"], "poblacion_meta_freq": "cijhw0kyp1p6zv36", "mecanismos": "cmo12q1kykwwosjka", "AT1_01_RM_NA_PR": 19, "AT1_01_RM_NN_PR": 15, "AT1_01_RM_MM_PR": 35, "AT1_01_RM_HH_PR": 33, "AT1_01_RM_OTR_PR": 1, "AT1_01_RM_LGBT_PR": 0, "AT1_01_CA_NA_PR": 2, "AT1_01_CA_NN_PR": 2, "AT1_01_CA_MM_PR": 0, "AT1_01_CA_HH_PR": 0, "AT1_01_CA_OTR_PR": 0, "AT1_01_CA_LGBT_PR": 0}}, {"formId": "cgrklmakym3h7n64", "recordId": "cl7z96kh0002u4knmb43hw01u", "parentRecordId": "cl5q96ewd003q90nm09ug8nnv", "fields": {"mes": "2022-08", "colltmgkykvhxgij6": "clp734wkylzqu4y5o", "rmrp": "Si", "covid": "No", "poblacion_meta": ["Refugiados/as y migrantes", "Comunidad de acogida"], "poblacion_meta_freq": "cijhw0kyp1p6zv36", "mecanismos": "cmo12q1kykwwosjka", "AT1_01_RM_NA_PR": 0, "AT1_01_RM_NN_PR": 0, "AT1_01_RM_MM_PR": 9, "AT1_01_RM_HH_PR": 21, "AT1_01_RM_OTR_PR": 0, "AT1_01_RM_LGBT_PR": 28, "AT1_01_CA_NA_PR": 0, "AT1_01_CA_NN_PR": 0, "AT1_01_CA_MM_PR": 0, "AT1_01_CA_HH_PR": 2, "AT1_01_CA_OTR_PR": 0, "AT1_01_CA_LGBT_PR": 2}}, {"formId": "cgrklmakym3h7n64", "recordId": "cl7z96lxc002v4knm0rxi8l7m", "parentRecordId": "cl5q96ewd003u90nmayofeknh", "fields": {"mes": "2022-08", "colltmgkykvhxgij6": "clp734wkylzqu4y5o", "rmrp": "Si", "covid": "No", "poblacion_meta": ["Refugiados/as y migrantes", "Comunidad de acogida"], "poblacion_meta_freq": "cijhw0kyp1p6zv36", "mecanismos": "cmo12q1kykwwosjka", "AT1_01_RM_NA_PR": 1, "AT1_01_RM_NN_PR": 2, "AT1_01_RM_MM_PR": 1, "AT1_01_RM_HH_PR": 1, "AT1_01_RM_OTR_PR": 0, "AT1_01_RM_LGBT_PR": 1, "AT1_01_CA_NA_PR": 0, "AT1_01_CA_NN_PR": 0, "AT1_01_CA_MM_PR": 0, "AT1_01_CA_HH_PR": 0, "AT1_01_CA_OTR_PR": 0, "AT1_01_CA_LGBT_PR": 0}}, {"formId": "cgrklmakym3h7n64", "recordId": "cl7z96nic002w4knmoz0f235w", "parentRecordId": "cl5q96ewd003x90nmfusky9q8", "fields": {"mes": "2022-08", "colltmgkykvhxgij6": "clp734wkylzqu4y5o", "rmrp": "Si", "covid": "No", "poblacion_meta": ["Refugiados/as y migrantes", "Comunidad de acogida"], "poblacion_meta_freq": "cijhw0kyp1p6zv36", "mecanismos": "cmo12q1kykwwosjka", "AT1_01_RM_NA_PR": 55, "AT1_01_RM_NN_PR": 38, "AT1_01_RM_MM_PR": 40, "AT1_01_RM_HH_PR": 25, "AT1_01_RM_OTR_PR": 2, "AT1_01_RM_LGBT_PR": 2, "AT1_01_CA_NA_PR": 0, "AT1_01_CA_NN_PR": 0, "AT1_01_CA_MM_PR": 0, "AT1_01_CA_HH_PR": 0, "AT1_01_CA_OTR_PR": 0, "AT1_01_CA_LGBT_PR": 0}}, {"formId": "cgrklmakym3h7n64", "recordId": "cl7z96p39002x4knmu1icf5s0", "parentRecordId": "cnoo9pel482w9za2", "fields": {"mes": "2022-08", "colltmgkykvhxgij6": "clp734wkylzqu4y5o", "rmrp": "Si", "covid": "No", "poblacion_meta": ["Refugiados/as y migrantes", "Comunidad de acogida"], "poblacion_meta_freq": "cijhw0kyp1p6zv36", "mecanismos": "cmo12q1kykwwosjka", "AT1_01_RM_NA_PR": 32, "AT1_01_RM_NN_PR": 44, "AT1_01_RM_MM_PR": 36, "AT1_01_RM_HH_PR": 18, "AT1_01_RM_OTR_PR": 0, "AT1_01_RM_LGBT_PR": 0, "AT1_01_CA_NA_PR": 0, "AT1_01_CA_NN_PR": 0, "AT1_01_CA_MM_PR": 0, "AT1_01_CA_HH_PR": 0, "AT1_01_CA_OTR_PR": 0, "AT1_01_CA_LGBT_PR": 0}}, {"formId": "cgrklmakym3h7n64", "recordId": "cl7z96qk9002y4knm48mygyuy", "parentRecordId": "c2651vol0k3pbri12", "fields": {"mes": "2022-08", "colltmgkykvhxgij6": "clp734wkylzqu4y5o", "rmrp": "Si", "covid": "No", "poblacion_meta": ["Refugiados/as y migrantes", "Comunidad de acogida"], "poblacion_meta_freq": "cijhw0kyp1p6zv36", "mecanismos": "cmo12q1kykwwosjka", "AT1_01_RM_NA_PR": 1, "AT1_01_RM_NN_PR": 1, "AT1_01_RM_MM_PR": 2, "AT1_01_RM_HH_PR": 2, "AT1_01_RM_OTR_PR": 0, "AT1_01_RM_LGBT_PR": 1, "AT1_01_CA_NA_PR": 0, "AT1_01_CA_NN_PR": 0, "AT1_01_CA_MM_PR": 0, "AT1_01_CA_HH_PR": 0, "AT1_01_CA_OTR_PR": 0, "AT1_01_CA_LGBT_PR": 0}}, {"formId": "cgrklmakym3h7n64", "recordId": "cl7z96s0y002z4knmzoycrh5z", "parentRecordId": "cw2nrlakzofelph2r", "fields": {"mes": "2022-08", "colltmgkykvhxgij6": "clp734wkylzqu4y5o", "rmrp": "Si", "covid": "No", "poblacion_meta": ["Refugiados/as y migrantes", "Comunidad de acogida"], "poblacion_meta_freq": "cijhw0kyp1p6zv36", "mecanismos": "cmo12q1kykwwosjka", "AT1_01_RM_NA_PR": 1, "AT1_01_RM_NN_PR": 2, "AT1_01_RM_MM_PR": 2, "AT1_01_RM_HH_PR": 1, "AT1_01_RM_OTR_PR": 0, "AT1_01_RM_LGBT_PR": 1, "AT1_01_CA_NA_PR": 0, "AT1_01_CA_NN_PR": 0, "AT1_01_CA_MM_PR": 0, "AT1_01_CA_HH_PR": 0, "AT1_01_CA_OTR_PR": 0, "AT1_01_CA_LGBT_PR": 0}}, {"formId": "cgrklmakym3h7n64", "recordId": "cl7z96tn300304knmshn4gv72", "parentRecordId": "cy45a7kzmwkl0g2", "fields": {"mes": "2022-08", "colltmgkykvhxgij6": "clp734wkylzqu4y5o", "rmrp": "Si", "covid": "No", "poblacion_meta": ["Refugiados/as y migrantes", "Comunidad de acogida"], "poblacion_meta_freq": "cijhw0kyp1p6zv36", "mecanismos": "cmo12q1kykwwosjka", "AT1_01_RM_NA_PR": 2, "AT1_01_RM_NN_PR": 4, "AT1_01_RM_MM_PR": 4, "AT1_01_RM_HH_PR": 1, "AT1_01_RM_OTR_PR": 0, "AT1_01_RM_LGBT_PR": 0, "AT1_01_CA_NA_PR": 0, "AT1_01_CA_NN_PR": 0, "AT1_01_CA_MM_PR": 0, "AT1_01_CA_HH_PR": 0, "AT1_01_CA_OTR_PR": 0, "AT1_01_CA_LGBT_PR": 0}}, {"formId": "cgrklmakym3h7n64", "recordId": "cl7z96v2p00314knmpy6obsel", "parentRecordId": "ccu2xgkkzofishx2t", "fields": {"mes": "2022-08", "colltmgkykvhxgij6": "clp734wkylzqu4y5o", "rmrp": "Si", "covid": "No", "poblacion_meta": ["Refugiados/as y migrantes", "Comunidad de acogida"], "poblacion_meta_freq": "cijhw0kyp1p6zv36", "mecanismos": "cmo12q1kykwwosjka", "AT1_01_RM_NA_PR": 13, "AT1_01_RM_NN_PR": 18, "AT1_01_RM_MM_PR": 14, "AT1_01_RM_HH_PR": 14, "AT1_01_RM_OTR_PR": 0, "AT1_01_RM_LGBT_PR": 2, "AT1_01_CA_NA_PR": 0, "AT1_01_CA_NN_PR": 0, "AT1_01_CA_MM_PR": 0, "AT1_01_CA_HH_PR": 0, "AT1_01_CA_OTR_PR": 0, "AT1_01_CA_LGBT_PR": 0}}, {"formId": "cgrklmakym3h7n64", "recordId": "cl7z96wit00324knmp4bgtxki", "parentRecordId": "ck8b5rokzofkkk42v", "fields": {"mes": "2022-08", "colltmgkykvhxgij6": "clp734wkylzqu4y5o", "rmrp": "Si", "covid": "No", "poblacion_meta": ["Refugiados/as y migrantes", "Comunidad de acogida"], "poblacion_meta_freq": "cijhw0kyp1p6zv36", "mecanismos": "cmo12q1kykwwosjka", "AT1_01_RM_NA_PR": 0, "AT1_01_RM_NN_PR": 3, "AT1_01_RM_MM_PR": 4, "AT1_01_RM_HH_PR": 1, "AT1_01_RM_OTR_PR": 0, "AT1_01_RM_LGBT_PR": 1, "AT1_01_CA_NA_PR": 0, "AT1_01_CA_NN_PR": 0, "AT1_01_CA_MM_PR": 0, "AT1_01_CA_HH_PR": 0, "AT1_01_CA_OTR_PR": 0, "AT1_01_CA_LGBT_PR": 0}}]}