{"changes": [{"formId": "c4d8wbzkyngr50t3", "recordId": "cl7z97jv900394knmn3wmhsal", "parentRecordId": "clfaqyrl4cyfpdk2", "fields": {"mes": "2022-08", "colltmgkykvhxgij6": "csob121kylzqu4e3o", "rmrp": "Si", "covid": "No", "espacion_apoyo": "Si", "poblacion_meta": ["Refugiados/as y migrantes", "Comunidad de acogida"], "poblacion_meta_freq": "Recurrente", "modalidad_impl": "cmo12q1kykwwosjka", "IN1_01_RM_MM_R": 0, "IN1_01_RM_HH_R": 0, "IN1_01_RM_OTR_R": 1, "IN1_01_RM_LGBT_R": 0, "IN1_01_CA_MM_R": 4, "IN1_01_CA_HH_R": 1, "IN1_01_CA_OTR_R": 0, "IN1_01_CA_LGBT_R": 0, "IN1_01_CUAL": "Perfiles de beneficiarios en la bolsa de empleo,Realizaci\u00f3n de talleres presenciales y virtuales"}}, {"formId": "c4d8wbzkyngr50t3", "recordId": "cl7z97les003a4knm0jri0xg3", "parentRecordId": "c9ysqqbl4cym44j6", "fields": {"mes": "2022-08", "colltmgkykvhxgij6": "csob121kylzqu4e3o", "rmrp": "Si", "covid": "No", "espacion_apoyo": "Si", "poblacion_meta": ["Refugiados/as y migrantes", "Comunidad de acogida"], "poblacion_meta_freq": "Recurrente", "modalidad_impl": "cmo12q1kykwwosjka", "IN1_01_RM_MM_R": 29, "IN1_01_RM_HH_R": 1, "IN1_01_RM_OTR_R": 0, "IN1_01_RM_LGBT_R": 0, "IN1_01_CA_MM_R": 0, "IN1_01_CA_HH_R": 0, "IN1_01_CA_OTR_R": 0, "IN1_01_CA_LGBT_R": 0, "IN1_01_CUAL": "Perfiles de beneficiarios en la bolsa de empleo,Realizaci\u00f3n de talleres presenciales y virtuales"}}, {"formId": "c4d8wbzkyngr50t3", "recordId": "cl7z97mua003b4knm5v2bytk7", "parentRecordId": "c5y9akel31pydo34", "fields": {"mes": "2022-08", "colltmgkykvhxgij6": "csob121kylzqu4e3o", "rmrp": "Si", "covid": "No", "espacion_apoyo": "Si", "poblacion_meta": ["Refugiados/as y migrantes", "Comunidad de acogida"], "poblacion_meta_freq": "Recurrente", "modalidad_impl": "cmo12q1kykwwosjka", "IN1_01_RM_MM_R": 5, "IN1_01_RM_HH_R": 1, "IN1_01_RM_OTR_R": 0, "IN1_01_RM_LGBT_R": 0, "IN1_01_CA_MM_R": 7, "IN1_01_CA_HH_R": 4, "IN1_01_CA_OTR_R": 0, "IN1_01_CA_LGBT_R": 0, "IN1_01_CUAL": "Perfiles de beneficiarios en la bolsa de empleo,Realizaci\u00f3n de talleres presenciales y virtuales"}}]}