{"changes": [{"formId": "csdtthikyov11so4", "recordId": "cl7z980ok003i4knmc52zb71m", "parentRecordId": "csoq09akzobu7ku12", "fields": {"mes": "2022-08", "colltmgkykvhxgij6": "cbuoigikylzqu4h3y", "rmrp": "Si", "covid": "No", "espacion_apoyo": "No", "poblacion_meta": ["Refugiados/as y Migrantes", "Comunidad de acogida"], "poblacion_meta_freq": "Primera vez", "modalidad_impl": "c3jf6gykykwwemuk7", "mecanismos": "c3de3pmkym0dbino", "transferencia": "Incondicional", "usd_transfer": 0, "CBI2_01_RM_NA_PR": 34, "CBI2_01_RM_NN_PR": 26, "CBI2_01_RM_MM_PR": 29, "CBI2_01_RM_HH_PR": 11, "CBI2_01_CA_NA_PR": 0, "CBI2_01_CA_NN_PR": 0, "CBI2_01_CA_MM_PR": 0, "CBI2_01_CA_HH_PR": 0, "CBI2_01_CUAL": null}}, {"formId": "csdtthikyov11so4", "recordId": "cl7z981q5003j4knmjj881mt1", "parentRecordId": "ca57qpykzobs78710", "fields": {"mes": "2022-08", "colltmgkykvhxgij6": "cbuoigikylzqu4h3y", "rmrp": "Si", "covid": "No", "espacion_apoyo": "No", "poblacion_meta": ["Refugiados/as y Migrantes", "Comunidad de acogida"], "poblacion_meta_freq": "Primera vez", "modalidad_impl": "c3jf6gykykwwemuk7", "mecanismos": "c3de3pmkym0dbino", "transferencia": "Incondicional", "usd_transfer": 0, "CBI2_01_RM_NA_PR": 30, "CBI2_01_RM_NN_PR": 32, "CBI2_01_RM_MM_PR": 34, "CBI2_01_RM_HH_PR": 11, "CBI2_01_CA_NA_PR": 0, "CBI2_01_CA_NN_PR": 0, "CBI2_01_CA_MM_PR": 0, "CBI2_01_CA_HH_PR": 0, "CBI2_01_CUAL": null}}, {"formId": "csdtthikyov11so4", "recordId": "cl7z982w0003k4knm8ok1vtuz", "parentRecordId": "c5qe0t7kzobju8gs", "fields": {"mes": "2022-08", "colltmgkykvhxgij6": "cbuoigikylzqu4h3y", "rmrp": "Si", "covid": "No", "espacion_apoyo": "No", "poblacion_meta": ["Refugiados/as y Migrantes", "Comunidad de acogida"], "poblacion_meta_freq": "Primera vez", "modalidad_impl": "c3jf6gykykwwemuk7", "mecanismos": "c3de3pmkym0dbino", "transferencia": "Incondicional", "usd_transfer": 0, "CBI2_01_RM_NA_PR": 17, "CBI2_01_RM_NN_PR": 16, "CBI2_01_RM_MM_PR": 19, "CBI2_01_RM_HH_PR": 8, "CBI2_01_CA_NA_PR": 0, "CBI2_01_CA_NN_PR": 0, "CBI2_01_CA_MM_PR": 0, "CBI2_01_CA_HH_PR": 0, "CBI2_01_CUAL": null}}, {"formId": "csdtthikyov11so4", "recordId": "cl7z983zd003l4knme89x0y7o", "parentRecordId": "c1ugzjekzobfh5yo", "fields": {"mes": "2022-08", "colltmgkykvhxgij6": "cbuoigikylzqu4h3y", "rmrp": "Si", "covid": "No", "espacion_apoyo": "No", "poblacion_meta": ["Refugiados/as y Migrantes", "Comunidad de acogida"], "poblacion_meta_freq": "Primera vez", "modalidad_impl": "c3jf6gykykwwemuk7", "mecanismos": "c3de3pmkym0dbino", "transferencia": "Incondicional", "usd_transfer": 0, "CBI2_01_RM_NA_PR": 48, "CBI2_01_RM_NN_PR": 38, "CBI2_01_RM_MM_PR": 34, "CBI2_01_RM_HH_PR": 16, "CBI2_01_CA_NA_PR": 0, "CBI2_01_CA_NN_PR": 0, "CBI2_01_CA_MM_PR": 0, "CBI2_01_CA_HH_PR": 0, "CBI2_01_CUAL": null}}, {"formId": "csdtthikyov11so4", "recordId": "cl7z9851u003m4knmi5zam05j", "parentRecordId": "cwxndckzob8dwgk", "fields": {"mes": "2022-08", "colltmgkykvhxgij6": "cbuoigikylzqu4h3y", "rmrp": "Si", "covid": "No", "espacion_apoyo": "No", "poblacion_meta": ["Refugiados/as y Migrantes", "Comunidad de acogida"], "poblacion_meta_freq": "Primera vez", "modalidad_impl": "c3jf6gykykwwemuk7", "mecanismos": "c3de3pmkym0dbino", "transferencia": "Incondicional", "usd_transfer": 0, "CBI2_01_RM_NA_PR": 19, "CBI2_01_RM_NN_PR": 18, "CBI2_01_RM_MM_PR": 17, "CBI2_01_RM_HH_PR": 11, "CBI2_01_CA_NA_PR": 0, "CBI2_01_CA_NN_PR": 0, "CBI2_01_CA_MM_PR": 0, "CBI2_01_CA_HH_PR": 0, "CBI2_01_CUAL": null}}]}