{"changes": [{"formId": "c5vie2zkysumtk35", "recordId": "cl7z94g3f001f4knm7279t2ro", "parentRecordId": "cl6qu1nxu0009lwnmejtodep9", "fields": {"mes": "2022-08", "colltmgkykvhxgij6": "cu2uyackylzqu4r4y", "rmrp": "Si", "covid": "No", "PRPI5_03": 1, "PRPI5_03_CUAL": "ni\u00f1os, ni\u00f1as y adolescentes entre 5 - 17 a\u00f1os que participan en Campeones Comunitarios nuevos integrantes en varios grupos ,Reportados nuevos 37 participantes en Campeones Comunitarios"}}, {"formId": "c5vie2zkysumtk35", "recordId": "cl7z94ggj001g4knmtxb9j9wk", "parentRecordId": "cl5q96ew7001790nmsvunj5od", "fields": {"mes": "2022-08", "colltmgkykvhxgij6": "cu2uyackylzqu4r4y", "rmrp": "Si", "covid": "No", "PRPI5_03": 5, "PRPI5_03_CUAL": "Inicio del segundo proceso de empleabilidad con adolescentes y j\u00f3venes de movilidad humana "}}, {"formId": "c5vie2zkysumtk35", "recordId": "cl7z94gvo001h4knmpb28foev", "parentRecordId": "cl5q96ew8001k90nm0he2k8sj", "fields": {"mes": "2022-08", "colltmgkykvhxgij6": "cu2uyackylzqu4r4y", "rmrp": "Si", "covid": "No", "PRPI5_03": 2, "PRPI5_03_CUAL": "ni\u00f1os, ni\u00f1as y adolescentes entre 5 - 17 a\u00f1os que participan en Campeones Comunitarios nuevos integrantes en varios grupos ,Reportados nuevos 37 participantes en Campeones Comunitarios"}}, {"formId": "c5vie2zkysumtk35", "recordId": "cl7z94haj001i4knm1atsstes", "parentRecordId": "cl5q96ew8001q90nmmgclnsoa", "fields": {"mes": "2022-08", "colltmgkykvhxgij6": "cu2uyackylzqu4r4y", "rmrp": "Si", "covid": "No", "PRPI5_03": 16, "PRPI5_03_CUAL": "ni\u00f1os, ni\u00f1as y adolescentes entre 5 - 17 a\u00f1os que participan en Campeones Comunitarios nuevos integrantes en varios grupos ,Reportados nuevos 37 participantes en Campeones Comunitarios"}}, {"formId": "c5vie2zkysumtk35", "recordId": "cl7z94hnz001j4knmio611bw2", "parentRecordId": "cl5q96ew8001o90nmh2q4ey3e", "fields": {"mes": "2022-08", "colltmgkykvhxgij6": "cu2uyackylzqu4r4y", "rmrp": "Si", "covid": "No", "PRPI5_03": 7, "PRPI5_03_CUAL": "ni\u00f1os, ni\u00f1as y adolescentes entre 5 - 17 a\u00f1os que participan en Campeones Comunitarios nuevos integrantes en varios grupos ,Reportados nuevos 37 participantes en Campeones Comunitarios"}}, {"formId": "c5vie2zkysumtk35", "recordId": "cl7z94hzu001k4knmd3qorl8j", "parentRecordId": "cl5q96ew8001n90nm801j8mvs", "fields": {"mes": "2022-08", "colltmgkykvhxgij6": "cu2uyackylzqu4r4y", "rmrp": "Si", "covid": "No", "PRPI5_03": 6, "PRPI5_03_CUAL": "ni\u00f1os, ni\u00f1as y adolescentes entre 5 - 17 a\u00f1os que participan en Campeones Comunitarios nuevos integrantes en varios grupos ,Reportados nuevos 37 participantes en Campeones Comunitarios"}}, {"formId": "c5vie2zkysumtk35", "recordId": "cl7z94idv001l4knmgkipoemn", "parentRecordId": "cl5q96ew8001m90nmi3ypicv1", "fields": {"mes": "2022-08", "colltmgkykvhxgij6": "cu2uyackylzqu4r4y", "rmrp": "Si", "covid": "No", "PRPI5_03": 64, "PRPI5_03_CUAL": "ni\u00f1os, ni\u00f1as y adolescentes entre 5 - 17 a\u00f1os que participan en Campeones Comunitarios nuevos integrantes en varios grupos ,Reportados nuevos 37 participantes en Campeones Comunitarios"}}, {"formId": "c5vie2zkysumtk35", "recordId": "cl7z94iqx001m4knmqv0dco5c", "parentRecordId": "cl5q96ew7001c90nmqh52ftxs", "fields": {"mes": "2022-08", "colltmgkykvhxgij6": "cu2uyackylzqu4r4y", "rmrp": "Si", "covid": "No", "PRPI5_03": 44, "PRPI5_03_CUAL": "ni\u00f1os, ni\u00f1as y adolescentes entre 5 - 17 a\u00f1os que participan en Campeones Comunitarios nuevos integrantes en varios grupos ,Reportados nuevos 37 participantes en Campeones Comunitarios"}}, {"formId": "c5vie2zkysumtk35", "recordId": "cl7z94j3u001n4knmsz7z6wae", "parentRecordId": "cl5q96ew8001l90nmo4o20wua", "fields": {"mes": "2022-08", "colltmgkykvhxgij6": "cu2uyackylzqu4r4y", "rmrp": "Si", "covid": "No", "PRPI5_03": 12, "PRPI5_03_CUAL": "ni\u00f1os, ni\u00f1as y adolescentes entre 5 - 17 a\u00f1os que participan en Campeones Comunitarios nuevos integrantes en varios grupos ,Reportados nuevos 37 participantes en Campeones Comunitarios"}}, {"formId": "c5vie2zkysumtk35", "recordId": "cl7z94jgb001o4knmgjxqp71s", "parentRecordId": "cl5q96ew8001j90nm6oiky1xx", "fields": {"mes": "2022-08", "colltmgkykvhxgij6": "cu2uyackylzqu4r4y", "rmrp": "Si", "covid": "No", "PRPI5_03": 20, "PRPI5_03_CUAL": "ni\u00f1os, ni\u00f1as y adolescentes entre 5 - 17 a\u00f1os que participan en Campeones Comunitarios nuevos integrantes en varios grupos ,Reportados nuevos 37 participantes en Campeones Comunitarios"}}, {"formId": "c5vie2zkysumtk35", "recordId": "cl7z94jtn001p4knm5w9bx0an", "parentRecordId": "cl5q96ew7001h90nmbbzpluuh", "fields": {"mes": "2022-08", "colltmgkykvhxgij6": "cu2uyackylzqu4r4y", "rmrp": "Si", "covid": "No", "PRPI5_03": 9, "PRPI5_03_CUAL": "ni\u00f1os, ni\u00f1as y adolescentes entre 5 - 17 a\u00f1os que participan en Campeones Comunitarios nuevos integrantes en varios grupos ,Reportados nuevos 37 participantes en Campeones Comunitarios"}}, {"formId": "c5vie2zkysumtk35", "recordId": "cl7z94k6p001q4knmpbvnr1ap", "parentRecordId": "cl5q96ew7001g90nmr7j3a3sp", "fields": {"mes": "2022-08", "colltmgkykvhxgij6": "cu2uyackylzqu4r4y", "rmrp": "Si", "covid": "No", "PRPI5_03": 7, "PRPI5_03_CUAL": "ni\u00f1os, ni\u00f1as y adolescentes entre 5 - 17 a\u00f1os que participan en Campeones Comunitarios nuevos integrantes en varios grupos ,Reportados nuevos 37 participantes en Campeones Comunitarios"}}, {"formId": "c5vie2zkysumtk35", "recordId": "cl7z94kjv001r4knmjqemrpsz", "parentRecordId": "cl5q96ew7001f90nms84xqggd", "fields": {"mes": "2022-08", "colltmgkykvhxgij6": "cu2uyackylzqu4r4y", "rmrp": "Si", "covid": "No", "PRPI5_03": 2, "PRPI5_03_CUAL": "ni\u00f1os, ni\u00f1as y adolescentes entre 5 - 17 a\u00f1os que participan en Campeones Comunitarios nuevos integrantes en varios grupos ,Reportados nuevos 37 participantes en Campeones Comunitarios"}}, {"formId": "c5vie2zkysumtk35", "recordId": "cl7z94kuv001s4knmnxmitckc", "parentRecordId": "cl5q96ew7001e90nm7eeuw3mo", "fields": {"mes": "2022-08", "colltmgkykvhxgij6": "cu2uyackylzqu4r4y", "rmrp": "Si", "covid": "No", "PRPI5_03": 5, "PRPI5_03_CUAL": "ni\u00f1os, ni\u00f1as y adolescentes entre 5 - 17 a\u00f1os que participan en Campeones Comunitarios nuevos integrantes en varios grupos ,Reportados nuevos 37 participantes en Campeones Comunitarios"}}, {"formId": "c5vie2zkysumtk35", "recordId": "cl7z94l6y001t4knmk5gw42jv", "parentRecordId": "c91a5d1l30zq47z1a", "fields": {"mes": "2022-08", "colltmgkykvhxgij6": "cu2uyackylzqu4r4y", "rmrp": "Si", "covid": "No", "PRPI5_03": 18, "PRPI5_03_CUAL": "Como parte de la enmienda 2 se incorpora el componente de ECW en EL ORO (Huaquillas y Machala). \nCuenca: los cuidadores reciben capacitaciones sobre el cuidado de NNA en contextos de emergencia, autocuidado y fortalecimiento de redes de apoyo.\nHuaquillas y Machala: se realizan sesiones informativas sobre le ingreso al sistema educativo, la importancia de la educaci\u00f3n con \u00e9nfasis en ni\u00f1as y adolescentes mujeres.\n"}}, {"formId": "c5vie2zkysumtk35", "recordId": "cl7z94ljz001u4knm83tiqagj", "parentRecordId": "c3zeuqxl1uvkley1h", "fields": {"mes": "2022-08", "colltmgkykvhxgij6": "cu2uyackylzqu4r4y", "rmrp": "Si", "covid": "No", "PRPI5_03": 91, "PRPI5_03_CUAL": "Como parte de la enmienda 2 se incorpora el componente de ECW en EL ORO (Huaquillas y Machala). \nCuenca: los cuidadores reciben capacitaciones sobre el cuidado de NNA en contextos de emergencia, autocuidado y fortalecimiento de redes de apoyo.\nHuaquillas y Machala: se realizan sesiones informativas sobre le ingreso al sistema educativo, la importancia de la educaci\u00f3n con \u00e9nfasis en ni\u00f1as y adolescentes mujeres.\n"}}]}