{"changes": [{"formId": "c1ajh01kyszt0c88", "recordId": "cl7z92kna00014knmjjo97es0", "parentRecordId": "cdww4ijl30ac7cu9", "fields": {"mes": "2022-08", "colltmgkykvhxgij6": "cw13jl0kylzqu4i43", "rmrp": "Si", "covid": "No", "espacion_apoyo": "No", "poblacion_meta": "Refugiados/as y migrantes", "modalidad_impl": "cmo12q1kykwwosjka", "PR2_02_RM_NA": 44, "PR2_02_RM_NN": 37, "PR2_02_RM_MM": 84, "PR2_02_RM_HH": 63, "PR2_02_RM_OTR": 0, "PR2_02_RM_LGBT": 2, "PR2_02_RM_DS": 6, "PR2_02_CUAL": null}}, {"formId": "c1ajh01kyszt0c88", "recordId": "cl7z92m4z00024knmsea7aez7", "parentRecordId": "c1livqakzoc5piv1a", "fields": {"mes": "2022-08", "colltmgkykvhxgij6": "cw13jl0kylzqu4i43", "rmrp": "Si", "covid": "No", "espacion_apoyo": "No", "poblacion_meta": "Refugiados/as y migrantes", "modalidad_impl": "cmo12q1kykwwosjka", "PR2_02_RM_NA": 32, "PR2_02_RM_NN": 26, "PR2_02_RM_MM": 54, "PR2_02_RM_HH": 42, "PR2_02_RM_OTR": 0, "PR2_02_RM_LGBT": 2, "PR2_02_RM_DS": 4, "PR2_02_CUAL": null}}, {"formId": "c1ajh01kyszt0c88", "recordId": "cl7z92ovb00034knmnwfrhqtm", "parentRecordId": "cyh35jskzoc9s3b1c", "fields": {"mes": "2022-08", "colltmgkykvhxgij6": "cw13jl0kylzqu4i43", "rmrp": "Si", "covid": "No", "espacion_apoyo": "No", "poblacion_meta": "Refugiados/as y migrantes", "modalidad_impl": "cmo12q1kykwwosjka", "PR2_02_RM_NA": 111, "PR2_02_RM_NN": 81, "PR2_02_RM_MM": 151, "PR2_02_RM_HH": 78, "PR2_02_RM_OTR": 0, "PR2_02_RM_LGBT": 3, "PR2_02_RM_DS": 10, "PR2_02_CUAL": null}}, {"formId": "c1ajh01kyszt0c88", "recordId": "cl7z92r6g00044knmvj27thtj", "parentRecordId": "csj1fqxkzocbply1e", "fields": {"mes": "2022-08", "colltmgkykvhxgij6": "cw13jl0kylzqu4i43", "rmrp": "Si", "covid": "No", "espacion_apoyo": "No", "poblacion_meta": "Refugiados/as y migrantes", "modalidad_impl": "cmo12q1kykwwosjka", "PR2_02_RM_NA": 14, "PR2_02_RM_NN": 23, "PR2_02_RM_MM": 39, "PR2_02_RM_HH": 26, "PR2_02_RM_OTR": 0, "PR2_02_RM_LGBT": 1, "PR2_02_RM_DS": 3, "PR2_02_CUAL": null}}, {"formId": "c1ajh01kyszt0c88", "recordId": "cl7z92szs00054knmyjngm7j8", "parentRecordId": "cnyd3jfkzocczuu1g", "fields": {"mes": "2022-08", "colltmgkykvhxgij6": "cw13jl0kylzqu4i43", "rmrp": "Si", "covid": "No", "espacion_apoyo": "No", "poblacion_meta": "Refugiados/as y migrantes", "modalidad_impl": "cmo12q1kykwwosjka", "PR2_02_RM_NA": 190, "PR2_02_RM_NN": 188, "PR2_02_RM_MM": 371, "PR2_02_RM_HH": 221, "PR2_02_RM_OTR": 0, "PR2_02_RM_LGBT": 7, "PR2_02_RM_DS": 24, "PR2_02_CUAL": null}}, {"formId": "c1ajh01kyszt0c88", "recordId": "cl7z92uev00064knmp125na16", "parentRecordId": "c271wdukzocem1r1i", "fields": {"mes": "2022-08", "colltmgkykvhxgij6": "cw13jl0kylzqu4i43", "rmrp": "Si", "covid": "No", "espacion_apoyo": "No", "poblacion_meta": "Refugiados/as y migrantes", "modalidad_impl": "cmo12q1kykwwosjka", "PR2_02_RM_NA": 162, "PR2_02_RM_NN": 151, "PR2_02_RM_MM": 268, "PR2_02_RM_HH": 174, "PR2_02_RM_OTR": 0, "PR2_02_RM_LGBT": 5, "PR2_02_RM_DS": 18, "PR2_02_CUAL": null}}, {"formId": "c1ajh01kyszt0c88", "recordId": "cl7z92vj200074knmigda8ezw", "parentRecordId": "cr4s040kzocgecw1k", "fields": {"mes": "2022-08", "colltmgkykvhxgij6": "cw13jl0kylzqu4i43", "rmrp": "Si", "covid": "No", "espacion_apoyo": "No", "poblacion_meta": "Refugiados/as y migrantes", "modalidad_impl": "cmo12q1kykwwosjka", "PR2_02_RM_NA": 48, "PR2_02_RM_NN": 39, "PR2_02_RM_MM": 68, "PR2_02_RM_HH": 42, "PR2_02_RM_OTR": 0, "PR2_02_RM_LGBT": 2, "PR2_02_RM_DS": 6, "PR2_02_CUAL": null}}, {"formId": "c1ajh01kyszt0c88", "recordId": "cl7z92wns00084knm2rgufs7b", "parentRecordId": "clnwredkzocirvj1m", "fields": {"mes": "2022-08", "colltmgkykvhxgij6": "cw13jl0kylzqu4i43", "rmrp": "Si", "covid": "No", "espacion_apoyo": "No", "poblacion_meta": "Refugiados/as y migrantes", "modalidad_impl": "cmo12q1kykwwosjka", "PR2_02_RM_NA": 30, "PR2_02_RM_NN": 53, "PR2_02_RM_MM": 76, "PR2_02_RM_HH": 37, "PR2_02_RM_OTR": 0, "PR2_02_RM_LGBT": 2, "PR2_02_RM_DS": 7, "PR2_02_CUAL": null}}, {"formId": "c1ajh01kyszt0c88", "recordId": "cl7z92xwl00094knmqftg93ii", "parentRecordId": "cupmm4kzoclae71q", "fields": {"mes": "2022-08", "colltmgkykvhxgij6": "cw13jl0kylzqu4i43", "rmrp": "Si", "covid": "No", "espacion_apoyo": "No", "poblacion_meta": "Refugiados/as y migrantes", "modalidad_impl": "cmo12q1kykwwosjka", "PR2_02_RM_NA": 59, "PR2_02_RM_NN": 61, "PR2_02_RM_MM": 102, "PR2_02_RM_HH": 73, "PR2_02_RM_OTR": 0, "PR2_02_RM_LGBT": 3, "PR2_02_RM_DS": 8, "PR2_02_CUAL": null}}, {"formId": "c1ajh01kyszt0c88", "recordId": "cl7z92z4n000a4knma6okpbx8", "parentRecordId": "c3ej6fhkzocmrt31s", "fields": {"mes": "2022-08", "colltmgkykvhxgij6": "cw13jl0kylzqu4i43", "rmrp": "Si", "covid": "No", "espacion_apoyo": "No", "poblacion_meta": "Refugiados/as y migrantes", "modalidad_impl": "cmo12q1kykwwosjka", "PR2_02_RM_NA": 133, "PR2_02_RM_NN": 105, "PR2_02_RM_MM": 243, "PR2_02_RM_HH": 161, "PR2_02_RM_OTR": 0, "PR2_02_RM_LGBT": 5, "PR2_02_RM_DS": 18, "PR2_02_CUAL": null}}, {"formId": "c1ajh01kyszt0c88", "recordId": "cl7z930aq000b4knma5fx36xi", "parentRecordId": "c8g95cmkzocom8v1u", "fields": {"mes": "2022-08", "colltmgkykvhxgij6": "cw13jl0kylzqu4i43", "rmrp": "Si", "covid": "No", "espacion_apoyo": "No", "poblacion_meta": "Refugiados/as y migrantes", "modalidad_impl": "cmo12q1kykwwosjka", "PR2_02_RM_NA": 2, "PR2_02_RM_NN": 6, "PR2_02_RM_MM": 9, "PR2_02_RM_HH": 8, "PR2_02_RM_OTR": 0, "PR2_02_RM_LGBT": 1, "PR2_02_RM_DS": 3, "PR2_02_CUAL": null}}, {"formId": "c1ajh01kyszt0c88", "recordId": "cl7z931gz000c4knmav85ddae", "parentRecordId": "ctystyqkzocuqnl20", "fields": {"mes": "2022-08", "colltmgkykvhxgij6": "cw13jl0kylzqu4i43", "rmrp": "Si", "covid": "No", "espacion_apoyo": "No", "poblacion_meta": "Refugiados/as y migrantes", "modalidad_impl": "cmo12q1kykwwosjka", "PR2_02_RM_NA": 68, "PR2_02_RM_NN": 89, "PR2_02_RM_MM": 85, "PR2_02_RM_HH": 66, "PR2_02_RM_OTR": 0, "PR2_02_RM_LGBT": 3, "PR2_02_RM_DS": 9, "PR2_02_CUAL": null}}]}