{"changes": [{"formId": "c5vie2zkysumtk35", "recordId": "cl7z94buo001a4knm1070z0hc", "parentRecordId": "c5fllfgl30zydkp1d", "fields": {"mes": "2022-08", "colltmgkykvhxgij6": "cvjxk5xkylzqu4r4w", "rmrp": "Si", "covid": "No", "PRPI5_01": 21, "PRPI5_01_CUAL": "En Cuenca se realiz\u00f3 una capacitaci\u00f3n con funcionarios de la DINAPEN sobre prevenci\u00f3n de riesgos y atenci\u00f3n para NNA en situaci\u00f3n de vulnerabilidad; en Esmeraldas se capacit\u00f3 sobre Normas M\u00ednimas de Protecci\u00f3n y rutas de atenci\u00f3n a funcionarios de la Defensor\u00eda del Pueblo, Defensor\u00eda P\u00fablica y Secretar\u00eda de Derechos Humanos; en Huaquillas, se trabaj\u00f3 con funcionarios de la Polic\u00eda Municipal sobre riesgos de protecci\u00f3n y VBG que enfrentan las mujeres, adolescentes y NNA en situaci\u00f3n de movilidad humana que viven en situaci\u00f3n de calle; en Pichincha se trabaj\u00f3 con funcionarios de MSP Centro de salud \"La Magdalena\" sobre Normas m\u00ednimas de protecci\u00f3n y el acceso a servicios de salud; y, en San Lorenzo, se trabaj\u00f3 en un taller con funcionarios del MSP en cuanto a los servicios y ruta de acceso de HIAS."}}, {"formId": "c5vie2zkysumtk35", "recordId": "cl7z94caj001b4knm80cwta2y", "parentRecordId": "c91a5d1l30zq47z1a", "fields": {"mes": "2022-08", "colltmgkykvhxgij6": "cvjxk5xkylzqu4r4w", "rmrp": "Si", "covid": "No", "PRPI5_01": 18, "PRPI5_01_CUAL": "En Cuenca se realiz\u00f3 una capacitaci\u00f3n con funcionarios de la DINAPEN sobre prevenci\u00f3n de riesgos y atenci\u00f3n para NNA en situaci\u00f3n de vulnerabilidad; en Esmeraldas se capacit\u00f3 sobre Normas M\u00ednimas de Protecci\u00f3n y rutas de atenci\u00f3n a funcionarios de la Defensor\u00eda del Pueblo, Defensor\u00eda P\u00fablica y Secretar\u00eda de Derechos Humanos; en Huaquillas, se trabaj\u00f3 con funcionarios de la Polic\u00eda Municipal sobre riesgos de protecci\u00f3n y VBG que enfrentan las mujeres, adolescentes y NNA en situaci\u00f3n de movilidad humana que viven en situaci\u00f3n de calle; en Pichincha se trabaj\u00f3 con funcionarios de MSP Centro de salud \"La Magdalena\" sobre Normas m\u00ednimas de protecci\u00f3n y el acceso a servicios de salud; y, en San Lorenzo, se trabaj\u00f3 en un taller con funcionarios del MSP en cuanto a los servicios y ruta de acceso de HIAS."}}, {"formId": "c5vie2zkysumtk35", "recordId": "cl7z94cn3001c4knm4l0khmp2", "parentRecordId": "cpenqeol30zfr0510", "fields": {"mes": "2022-08", "colltmgkykvhxgij6": "cvjxk5xkylzqu4r4w", "rmrp": "Si", "covid": "No", "PRPI5_01": 14, "PRPI5_01_CUAL": "En Cuenca se realiz\u00f3 una capacitaci\u00f3n con funcionarios de la DINAPEN sobre prevenci\u00f3n de riesgos y atenci\u00f3n para NNA en situaci\u00f3n de vulnerabilidad; en Esmeraldas se capacit\u00f3 sobre Normas M\u00ednimas de Protecci\u00f3n y rutas de atenci\u00f3n a funcionarios de la Defensor\u00eda del Pueblo, Defensor\u00eda P\u00fablica y Secretar\u00eda de Derechos Humanos; en Huaquillas, se trabaj\u00f3 con funcionarios de la Polic\u00eda Municipal sobre riesgos de protecci\u00f3n y VBG que enfrentan las mujeres, adolescentes y NNA en situaci\u00f3n de movilidad humana que viven en situaci\u00f3n de calle; en Pichincha se trabaj\u00f3 con funcionarios de MSP Centro de salud \"La Magdalena\" sobre Normas m\u00ednimas de protecci\u00f3n y el acceso a servicios de salud; y, en San Lorenzo, se trabaj\u00f3 en un taller con funcionarios del MSP en cuanto a los servicios y ruta de acceso de HIAS."}}, {"formId": "c5vie2zkysumtk35", "recordId": "cl7z94czy001d4knm36ok4m9h", "parentRecordId": "c3zeuqxl1uvkley1h", "fields": {"mes": "2022-08", "colltmgkykvhxgij6": "cvjxk5xkylzqu4r4w", "rmrp": "Si", "covid": "No", "PRPI5_01": 41, "PRPI5_01_CUAL": "En Cuenca se realiz\u00f3 una capacitaci\u00f3n con funcionarios de la DINAPEN sobre prevenci\u00f3n de riesgos y atenci\u00f3n para NNA en situaci\u00f3n de vulnerabilidad; en Esmeraldas se capacit\u00f3 sobre Normas M\u00ednimas de Protecci\u00f3n y rutas de atenci\u00f3n a funcionarios de la Defensor\u00eda del Pueblo, Defensor\u00eda P\u00fablica y Secretar\u00eda de Derechos Humanos; en Huaquillas, se trabaj\u00f3 con funcionarios de la Polic\u00eda Municipal sobre riesgos de protecci\u00f3n y VBG que enfrentan las mujeres, adolescentes y NNA en situaci\u00f3n de movilidad humana que viven en situaci\u00f3n de calle; en Pichincha se trabaj\u00f3 con funcionarios de MSP Centro de salud \"La Magdalena\" sobre Normas m\u00ednimas de protecci\u00f3n y el acceso a servicios de salud; y, en San Lorenzo, se trabaj\u00f3 en un taller con funcionarios del MSP en cuanto a los servicios y ruta de acceso de HIAS."}}, {"formId": "c5vie2zkysumtk35", "recordId": "cl7z94dcl001e4knmdmqaia8l", "parentRecordId": "c8cerh8l0k2j555n", "fields": {"mes": "2022-08", "colltmgkykvhxgij6": "cvjxk5xkylzqu4r4w", "rmrp": "Si", "covid": "No", "PRPI5_01": 7, "PRPI5_01_CUAL": "En Cuenca se realiz\u00f3 una capacitaci\u00f3n con funcionarios de la DINAPEN sobre prevenci\u00f3n de riesgos y atenci\u00f3n para NNA en situaci\u00f3n de vulnerabilidad; en Esmeraldas se capacit\u00f3 sobre Normas M\u00ednimas de Protecci\u00f3n y rutas de atenci\u00f3n a funcionarios de la Defensor\u00eda del Pueblo, Defensor\u00eda P\u00fablica y Secretar\u00eda de Derechos Humanos; en Huaquillas, se trabaj\u00f3 con funcionarios de la Polic\u00eda Municipal sobre riesgos de protecci\u00f3n y VBG que enfrentan las mujeres, adolescentes y NNA en situaci\u00f3n de movilidad humana que viven en situaci\u00f3n de calle; en Pichincha se trabaj\u00f3 con funcionarios de MSP Centro de salud \"La Magdalena\" sobre Normas m\u00ednimas de protecci\u00f3n y el acceso a servicios de salud; y, en San Lorenzo, se trabaj\u00f3 en un taller con funcionarios del MSP en cuanto a los servicios y ruta de acceso de HIAS."}}]}