{"changes": [{"formId": "c4d8wbzkyngr50t3", "recordId": "cl7z97qg5003c4knm1g4mc49r", "parentRecordId": "cnt0lcml48mk1ru1l", "fields": {"mes": "2022-08", "colltmgkykvhxgij6": "codm40bkylzqu4f3p", "rmrp": "Si", "covid": "No", "espacion_apoyo": "No", "poblacion_meta": ["Refugiados/as y migrantes", "Comunidad de acogida"], "modalidad_impl": "cmo12q1kykwwosjka", "IN2_01_RM_MM": 2, "IN2_01_RM_HH": 1, "IN2_01_CA_MM": 6, "IN2_01_CA_HH": 0, "IN2_01_CUAL": "Se realiza taller de educaci\u00f3n financiera para los participantes con CRISFE."}}]}