{"changes": [{"formId": "c4d8wbzkyngr50t3", "recordId": "cl7z97x6a003h4knmdwgh6636", "parentRecordId": "chdd13tl1v0u8hfw", "fields": {"mes": "2022-08", "colltmgkykvhxgij6": "c7rjyqkkylzqu4f3s", "rmrp": "Si", "covid": "No", "IN3_03": 37, "IN3_03_CUAL": "Varios talleres de sensibilizaci\u00f3n e incidencia en los distintos territorios que no se reporta por no considerarlos como funcionarios p\u00fablicos espec\u00edficamente. ,Visita a  7 Gerentes y Directivos de empresas privadas en Sto, Domingo; Actividad Mural por el mes de la juventud / Escuela Hualcopo Duchicela en las Palmas/ 30 adultos Docentes y Gestores."}}]}