{"changes": [{"formId": "c4d8wbzkyngr50t3", "recordId": "cl7z95o8d002e4knmtdkuqkms", "parentRecordId": "czcr5tyl48lllcl1c", "fields": {"mes": "2022-08", "colltmgkykvhxgij6": "cxjbtsykylzqu4g3u", "rmrp": "Si", "covid": "No", "espacion_apoyo": "No", "poblacion_meta": ["Refugiados/as y migrantes", "Comunidad de acogida"], "poblacion_meta_freq": "Primera vez", "modalidad_impl": "c3jf6gykykwwemuk7", "mecanismos": "cr04avekym0dbimj", "transferencia": "Condicional", "usd_transfer": 8501, "semilla": "Si", "IN5_01_RM_MM_N": 12, "IN5_01_RM_HH_N": 0, "IN5_01_RM_OTR_N": 0, "IN5_01_RM_LGBT_N": 0, "IN5_01_CA_MM_N": 0, "IN5_01_CA_HH_N": 0, "IN5_01_CA_OTR_N": 0, "IN5_01_CA_LGBT_N": 0, "IN5_01_CUAL": "En Guayas se entrega capital semilla para los siguientes sectores: alimentos, artesan\u00edas, sector comercial, belleza, textiles y servicios generales; en Sucumb\u00edos se entrega el capital semilla para los siguientes sectores: gastronom\u00eda, textiles y ventas; y, en Manab\u00ed se entrega capital semilla para el sector de textiles en general.\t\t\t\t\t\t\t\t\t\t\t\t\t\t\n"}}, {"formId": "c4d8wbzkyngr50t3", "recordId": "cl7z95q0v002f4knm9boyp1pe", "parentRecordId": "cfh0ww9l48lb9gm16", "fields": {"mes": "2022-08", "colltmgkykvhxgij6": "cxjbtsykylzqu4g3u", "rmrp": "Si", "covid": "No", "espacion_apoyo": "No", "poblacion_meta": ["Refugiados/as y migrantes", "Comunidad de acogida"], "poblacion_meta_freq": "Primera vez", "modalidad_impl": "c3jf6gykykwwemuk7", "mecanismos": "cr04avekym0dbimj", "transferencia": "Condicional", "usd_transfer": 2501, "semilla": "Si", "IN5_01_RM_MM_N": 5, "IN5_01_RM_HH_N": 0, "IN5_01_RM_OTR_N": 0, "IN5_01_RM_LGBT_N": 0, "IN5_01_CA_MM_N": 0, "IN5_01_CA_HH_N": 0, "IN5_01_CA_OTR_N": 0, "IN5_01_CA_LGBT_N": 0, "IN5_01_CUAL": "En Guayas se entrega capital semilla para los siguientes sectores: alimentos, artesan\u00edas, sector comercial, belleza, textiles y servicios generales; en Sucumb\u00edos se entrega el capital semilla para los siguientes sectores: gastronom\u00eda, textiles y ventas; y, en Manab\u00ed se entrega capital semilla para el sector de textiles en general.\t\t\t\t\t\t\t\t\t\t\t\t\t\t\n"}}, {"formId": "c4d8wbzkyngr50t3", "recordId": "cl7z95rs1002g4knmpszqsh3i", "parentRecordId": "c90yir0l30avmy5c", "fields": {"mes": "2022-08", "colltmgkykvhxgij6": "cxjbtsykylzqu4g3u", "rmrp": "Si", "covid": "No", "espacion_apoyo": "No", "poblacion_meta": ["Refugiados/as y migrantes", "Comunidad de acogida"], "poblacion_meta_freq": "Primera vez", "modalidad_impl": "c3jf6gykykwwemuk7", "mecanismos": "cr04avekym0dbimj", "transferencia": "Condicional", "usd_transfer": 3000, "semilla": "Si", "IN5_01_RM_MM_N": 3, "IN5_01_RM_HH_N": 0, "IN5_01_RM_OTR_N": 0, "IN5_01_RM_LGBT_N": 0, "IN5_01_CA_MM_N": 2, "IN5_01_CA_HH_N": 0, "IN5_01_CA_OTR_N": 0, "IN5_01_CA_LGBT_N": 0, "IN5_01_CUAL": "En Guayas se entrega capital semilla para los siguientes sectores: alimentos, artesan\u00edas, sector comercial, belleza, textiles y servicios generales; en Sucumb\u00edos se entrega el capital semilla para los siguientes sectores: gastronom\u00eda, textiles y ventas; y, en Manab\u00ed se entrega capital semilla para el sector de textiles en general.\t\t\t\t\t\t\t\t\t\t\t\t\t\t\n"}}, {"formId": "c4d8wbzkyngr50t3", "recordId": "cl7z95toa002h4knm9iny1f5h", "parentRecordId": "c3epqakl1y334dvh", "fields": {"mes": "2022-08", "colltmgkykvhxgij6": "cxjbtsykylzqu4g3u", "rmrp": "Si", "covid": "No", "espacion_apoyo": "No", "poblacion_meta": ["Refugiados/as y migrantes", "Comunidad de acogida"], "poblacion_meta_freq": "Primera vez", "modalidad_impl": "c3jf6gykykwwemuk7", "mecanismos": "cr04avekym0dbimj", "transferencia": "Condicional", "usd_transfer": 7500, "semilla": "Si", "IN5_01_RM_MM_N": 8, "IN5_01_RM_HH_N": 1, "IN5_01_RM_OTR_N": 0, "IN5_01_RM_LGBT_N": 0, "IN5_01_CA_MM_N": 6, "IN5_01_CA_HH_N": 0, "IN5_01_CA_OTR_N": 0, "IN5_01_CA_LGBT_N": 0, "IN5_01_CUAL": "En conjunto con la EDEC (Empresa de Desarrollo de Cuenca) se llev\u00f3 a cabo un proceso de capacitaci\u00f3n en Cuenca, enfocado en la elaboraci\u00f3n de Plan de Negocios de mujeres sobrevivientes de VBG y poblaci\u00f3n LGBTIQ+. El proceso comenz\u00f3 en el mes de julio y finaliz\u00f3 en el mes de agosto con la entrega del segundo y \u00faltimo desembolso del capital entregado a los emprendimientos. Posteriormente, frente a un tribunal, se validaron los planes de negocio y se entregaron 15 capitales semilla. Con ello, se cumple el indicador para todos los territorios."}}]}