{"changes": [{"formId": "ci7r5tmkytar1k23", "recordId": "cl7z97dw700384knm38datrhi", "parentRecordId": "cl5q96ew4000790nmzfjxv73e", "fields": {"mes": "2022-08", "colltmgkykvhxgij6": "cv6ztylkylzqu4d3l", "rmrp": "Si", "covid": "No", "poblacion_meta": ["Refugiados/as y migrantes", "Comunidad de acogida"], "modalidad_impl": "cb53mqwkykwwihkk8", "ED5_01_RM_NA": 21, "ED5_01_RM_NN": 35, "ED5_01_RM_DS": 0, "ED5_01_CA_NA": 0, "ED5_01_CA_NN": 0, "ED5_01_CA_DS": 0, "ED5_01_CUAL": "EL ORO - HUAQUILLAS. Se realiza la entrega de kits educativos a NNA fuera del sistema escolar de nacionalidad venezolana, los kits incluyen materiales de papeler\u00eda como cuadernos, l\u00e1pices, etc"}}]}