{"changes": [{"formId": "cgev2lrkyoystct6", "recordId": "cl7z94rzs001w4knmdlx2vycq", "parentRecordId": "cl5q96ewc003d90nm8pt0d0e5", "fields": {"mes": "2022-08", "colltmgkykvhxgij6": "cgr5d7fkylzqu4p4p", "rmrp": "Si", "covid": "No", "PRVBG4_03": 17, "PRVBG4_03_CUAL": "HIAS brind\u00f3 talleres de la curr\u00edcula de mujeres, talleres de empoderamiento y prevenci\u00f3n de la VBG, sensibilizaci\u00f3n sobre la VBG y sobre prevenci\u00f3n y respuesta a la VBG, talleres sobre masculinidades positivas y protecci\u00f3n y empoderamiento de las mujeres, diversidades sexuales y de g\u00e9nero, autoestima, derechos sexuales y reproductivos, entre otros.\nEn Cuenca se capacita a 16 personas en el marco de ECW"}}, {"formId": "cgev2lrkyoystct6", "recordId": "cl7z94sc2001x4knmz5cadd5c", "parentRecordId": "cwxqp1cl1pa9i9sk", "fields": {"mes": "2022-08", "colltmgkykvhxgij6": "cgr5d7fkylzqu4p4p", "rmrp": "Si", "covid": "No", "PRVBG4_03": 25, "PRVBG4_03_CUAL": "HIAS brind\u00f3 talleres de la curr\u00edcula de mujeres, talleres de empoderamiento y prevenci\u00f3n de la VBG, sensibilizaci\u00f3n sobre la VBG y sobre prevenci\u00f3n y respuesta a la VBG, talleres sobre masculinidades positivas y protecci\u00f3n y empoderamiento de las mujeres, diversidades sexuales y de g\u00e9nero, autoestima, derechos sexuales y reproductivos, entre otros.\nEn Cuenca se capacita a 16 personas en el marco de ECW"}}, {"formId": "cgev2lrkyoystct6", "recordId": "cl7z94snz001y4knmxj75lzgv", "parentRecordId": "cihabbpl1p9xojnc", "fields": {"mes": "2022-08", "colltmgkykvhxgij6": "cgr5d7fkylzqu4p4p", "rmrp": "Si", "covid": "No", "PRVBG4_03": 27, "PRVBG4_03_CUAL": "HIAS brind\u00f3 talleres de la curr\u00edcula de mujeres, talleres de empoderamiento y prevenci\u00f3n de la VBG, sensibilizaci\u00f3n sobre la VBG y sobre prevenci\u00f3n y respuesta a la VBG, talleres sobre masculinidades positivas y protecci\u00f3n y empoderamiento de las mujeres, diversidades sexuales y de g\u00e9nero, autoestima, derechos sexuales y reproductivos, entre otros.\nEn Cuenca se capacita a 16 personas en el marco de ECW"}}, {"formId": "cgev2lrkyoystct6", "recordId": "cl7z94t1n001z4knma7u36khz", "parentRecordId": "cc36jqel0l5dnhd7", "fields": {"mes": "2022-08", "colltmgkykvhxgij6": "cgr5d7fkylzqu4p4p", "rmrp": "Si", "covid": "No", "PRVBG4_03": 16, "PRVBG4_03_CUAL": "HIAS brind\u00f3 talleres de la curr\u00edcula de mujeres, talleres de empoderamiento y prevenci\u00f3n de la VBG, sensibilizaci\u00f3n sobre la VBG y sobre prevenci\u00f3n y respuesta a la VBG, talleres sobre masculinidades positivas y protecci\u00f3n y empoderamiento de las mujeres, diversidades sexuales y de g\u00e9nero, autoestima, derechos sexuales y reproductivos, entre otros.\nEn Cuenca se capacita a 16 personas en el marco de ECW"}}, {"formId": "cgev2lrkyoystct6", "recordId": "cl7z94te800204knmrwd032e1", "parentRecordId": "c3z6n5ul0l5457l4", "fields": {"mes": "2022-08", "colltmgkykvhxgij6": "cgr5d7fkylzqu4p4p", "rmrp": "Si", "covid": "No", "PRVBG4_03": 42, "PRVBG4_03_CUAL": "HIAS brind\u00f3 talleres de la curr\u00edcula de mujeres, talleres de empoderamiento y prevenci\u00f3n de la VBG, sensibilizaci\u00f3n sobre la VBG y sobre prevenci\u00f3n y respuesta a la VBG, talleres sobre masculinidades positivas y protecci\u00f3n y empoderamiento de las mujeres, diversidades sexuales y de g\u00e9nero, autoestima, derechos sexuales y reproductivos, entre otros.\nEn Cuenca se capacita a 16 personas en el marco de ECW"}}, {"formId": "cgev2lrkyoystct6", "recordId": "cl7z94trl00214knmpkx1r1z0", "parentRecordId": "cq97urnl0kb2tne1t", "fields": {"mes": "2022-08", "colltmgkykvhxgij6": "cgr5d7fkylzqu4p4p", "rmrp": "Si", "covid": "No", "PRVBG4_03": 11, "PRVBG4_03_CUAL": "HIAS brind\u00f3 talleres de la curr\u00edcula de mujeres, talleres de empoderamiento y prevenci\u00f3n de la VBG, sensibilizaci\u00f3n sobre la VBG y sobre prevenci\u00f3n y respuesta a la VBG, talleres sobre masculinidades positivas y protecci\u00f3n y empoderamiento de las mujeres, diversidades sexuales y de g\u00e9nero, autoestima, derechos sexuales y reproductivos, entre otros.\nEn Cuenca se capacita a 16 personas en el marco de ECW"}}, {"formId": "cgev2lrkyoystct6", "recordId": "cl7z94u4i00224knmsavmiqze", "parentRecordId": "c4rz53zl0kb0t3n1r", "fields": {"mes": "2022-08", "colltmgkykvhxgij6": "cgr5d7fkylzqu4p4p", "rmrp": "Si", "covid": "No", "PRVBG4_03": 27, "PRVBG4_03_CUAL": "HIAS brind\u00f3 talleres de la curr\u00edcula de mujeres, talleres de empoderamiento y prevenci\u00f3n de la VBG, sensibilizaci\u00f3n sobre la VBG y sobre prevenci\u00f3n y respuesta a la VBG, talleres sobre masculinidades positivas y protecci\u00f3n y empoderamiento de las mujeres, diversidades sexuales y de g\u00e9nero, autoestima, derechos sexuales y reproductivos, entre otros.\nEn Cuenca se capacita a 16 personas en el marco de ECW"}}, {"formId": "cgev2lrkyoystct6", "recordId": "cl7z94uho00234knmtgrqd492", "parentRecordId": "ckvy73ol0kazk2s1p", "fields": {"mes": "2022-08", "colltmgkykvhxgij6": "cgr5d7fkylzqu4p4p", "rmrp": "Si", "covid": "No", "PRVBG4_03": 54, "PRVBG4_03_CUAL": "HIAS brind\u00f3 talleres de la curr\u00edcula de mujeres, talleres de empoderamiento y prevenci\u00f3n de la VBG, sensibilizaci\u00f3n sobre la VBG y sobre prevenci\u00f3n y respuesta a la VBG, talleres sobre masculinidades positivas y protecci\u00f3n y empoderamiento de las mujeres, diversidades sexuales y de g\u00e9nero, autoestima, derechos sexuales y reproductivos, entre otros.\nEn Cuenca se capacita a 16 personas en el marco de ECW"}}]}