{"changes": [{"formId": "c4d8wbzkyngr50t3", "recordId": "cl7z956iq00254knm276w50j9", "parentRecordId": "cl5q96ew5000m90nmyd45g7il", "fields": {"mes": "2022-08", "colltmgkykvhxgij6": "c595hvlkylzqu4g3t", "rmrp": "Si", "covid": "No", "poblacion_meta": ["Refugiados/as y migrantes", "Comunidad de acogida"], "IN4_01_RM_NA": 0, "IN4_01_RM_NN": 0, "IN4_01_RM_MM": 6, "IN4_01_RM_HH": 3, "IN4_01_RM_OTR": 0, "IN4_01_RM_LGBT": 1, "IN4_01_CA_NA": 0, "IN4_01_CA_NN": 0, "IN4_01_CA_MM": 0, "IN4_01_CA_HH": 0, "IN4_01_CA_OTR": 0, "IN4_01_CA_LGBT": 2, "IN4_01_CUAL": "Acto simb\u00f3lico de inicio de obra en los cuatros espacios de intervenci\u00f3n, con la comunidad, socio implementador, ACNUR, municipio. Se realizo el taller de obreros con el tema de Obras sin Violencia, para las personas que estar\u00e1n trabajando en las adecuaciones. Finalmente se realizo el cine foro con la proyecci\u00f3n de la pelicula realizada por ACNUR, tema: Al otro lado, en casa comunal de las brisas, por el motivo de las adecuaciones."}}, {"formId": "c4d8wbzkyngr50t3", "recordId": "cl7z9580b00264knmzlflbkvp", "parentRecordId": "cl5q96ew6000r90nmhrctkxl7", "fields": {"mes": "2022-08", "colltmgkykvhxgij6": "c595hvlkylzqu4g3t", "rmrp": "Si", "covid": "No", "poblacion_meta": ["Refugiados/as y migrantes", "Comunidad de acogida"], "IN4_01_RM_NA": 0, "IN4_01_RM_NN": 3, "IN4_01_RM_MM": 26, "IN4_01_RM_HH": 68, "IN4_01_RM_OTR": 0, "IN4_01_RM_LGBT": 85, "IN4_01_CA_NA": 4, "IN4_01_CA_NN": 3, "IN4_01_CA_MM": 21, "IN4_01_CA_HH": 56, "IN4_01_CA_OTR": 0, "IN4_01_CA_LGBT": 75, "IN4_01_CUAL": "Las personas con discapacidad, ind\u00edgenas y afrodescendientes son parte de la comunidad LGBTIQ+. \nExistieron personas de nacionalidad Venezolana que registraron su estatus migratorio como refugiados (4) y solicitantes de asilo (3). "}}, {"formId": "c4d8wbzkyngr50t3", "recordId": "cl7z959g200274knmb6x39uq6", "parentRecordId": "cl5q96ew6000s90nmmlk4omv6", "fields": {"mes": "2022-08", "colltmgkykvhxgij6": "c595hvlkylzqu4g3t", "rmrp": "Si", "covid": "No", "poblacion_meta": ["Refugiados/as y migrantes", "Comunidad de acogida"], "IN4_01_RM_NA": 0, "IN4_01_RM_NN": 1, "IN4_01_RM_MM": 50, "IN4_01_RM_HH": 31, "IN4_01_RM_OTR": 0, "IN4_01_RM_LGBT": 54, "IN4_01_CA_NA": 0, "IN4_01_CA_NN": 0, "IN4_01_CA_MM": 214, "IN4_01_CA_HH": 129, "IN4_01_CA_OTR": 29, "IN4_01_CA_LGBT": 247, "IN4_01_CUAL": "Este indicador hace referencia a procesos realizados en los meses de junio, julio y agosto correspondientes a actividades de promoci\u00f3n y sensibilizaci\u00f3n en el Orgullo LGBTIQ+ Cuenca, cine foro, proceso de capacitaci\u00f3n con el SEXSAR, Consejos Consultivos, espacios seguros con Selina,"}}, {"formId": "c4d8wbzkyngr50t3", "recordId": "cl7z95aw800284knmczijv10s", "parentRecordId": "cgtgvlal47fio366", "fields": {"mes": "2022-08", "colltmgkykvhxgij6": "c595hvlkylzqu4g3t", "rmrp": "Si", "covid": "No", "poblacion_meta": ["Refugiados/as y migrantes", "Comunidad de acogida"], "IN4_01_RM_NA": 11, "IN4_01_RM_NN": 11, "IN4_01_RM_MM": 38, "IN4_01_RM_HH": 21, "IN4_01_RM_OTR": 0, "IN4_01_RM_LGBT": 0, "IN4_01_CA_NA": 0, "IN4_01_CA_NN": 0, "IN4_01_CA_MM": 0, "IN4_01_CA_HH": 0, "IN4_01_CA_OTR": 0, "IN4_01_CA_LGBT": 0, "IN4_01_CUAL": "En ambos territorios, participaron un importante n\u00famero de personas de la comunidad de acogida, sin embargo, con base en la meta establecida se reporta la poblaci\u00f3n en situaci\u00f3n de movilidad humana. En Quito, se realizaron 4 actividades referentes a este indicador. Dos de estas actividades fueron realizadas en el Museo de la Ciudad: Brigadas Medicas y Taller Siembra Diversa y otras dos en la Comunidad de San Diego: Minga de Limpieza y Entrega de Equipamientos Deportivos para NNAs. Participaron 119 personas de las cuales 61 fueron personas de inter\u00e9s. En Santo Domingo, en la comunidad del CDC Voluntad de Dios, se realiz\u00f3 la inauguraci\u00f3n de las adecuaciones arquitect\u00f3nicas, la cual cont\u00f3 con presentaciones art\u00edsticas de baile y canto tanto de la poblaci\u00f3n de inter\u00e9s como de acogida. Se realiz\u00f3 una brigada m\u00e9dica con la Cruz Roja. En las actividades participaron 109 personas de las cuales 81 fueron personas de inter\u00e9s. ,En Manta, el d\u00eda viernes 26 de agosto se realiz\u00f3 una jornada informativa sobre el tema de regularizaci\u00f3n, la cual se efectu\u00f3 en la asociaci\u00f3n de artesanos de San Mateo y tuvo el apoyo de los compa\u00f1eros de COOPI, teniendo como resultado la participaci\u00f3n de 24 personas, de las cuales 21 personas de Nacionalidad venezolana, 2 de Nacionalidad colombiana y 1 ecuatoriana la cual fue en representaci\u00f3n de su esposo de Nacionalidad venezolana. En Guayaquil, con el objetivo de promover la integraci\u00f3n local y la convivencia pac\u00edfica entre poblaci\u00f3n en movilidad y comunidad de acogida, se realiz\u00f3 una jornada deportiva a a trav\u00e9s de juegos tradicionales y un campeonato de Indor y feria gastron\u00f3mica. En Cuenca, el indicador ya est\u00e1 cumplido, sin embargo, se llev\u00f3 a cabo el proceso de colonias vacaciones en el barrio San Roque. "}}, {"formId": "c4d8wbzkyngr50t3", "recordId": "cl7z95cbt00294knmxoqvuhun", "parentRecordId": "c2xlvvkl47f23hk4", "fields": {"mes": "2022-08", "colltmgkykvhxgij6": "c595hvlkylzqu4g3t", "rmrp": "Si", "covid": "No", "poblacion_meta": ["Refugiados/as y migrantes", "Comunidad de acogida"], "IN4_01_RM_NA": 7, "IN4_01_RM_NN": 15, "IN4_01_RM_MM": 26, "IN4_01_RM_HH": 6, "IN4_01_RM_OTR": 0, "IN4_01_RM_LGBT": 0, "IN4_01_CA_NA": 0, "IN4_01_CA_NN": 0, "IN4_01_CA_MM": 0, "IN4_01_CA_HH": 0, "IN4_01_CA_OTR": 0, "IN4_01_CA_LGBT": 0, "IN4_01_CUAL": "En ambos territorios, participaron un importante n\u00famero de personas de la comunidad de acogida, sin embargo, con base en la meta establecida se reporta la poblaci\u00f3n en situaci\u00f3n de movilidad humana. En Quito, se realizaron 4 actividades referentes a este indicador. Dos de estas actividades fueron realizadas en el Museo de la Ciudad: Brigadas Medicas y Taller Siembra Diversa y otras dos en la Comunidad de San Diego: Minga de Limpieza y Entrega de Equipamientos Deportivos para NNAs. Participaron 119 personas de las cuales 61 fueron personas de inter\u00e9s. En Santo Domingo, en la comunidad del CDC Voluntad de Dios, se realiz\u00f3 la inauguraci\u00f3n de las adecuaciones arquitect\u00f3nicas, la cual cont\u00f3 con presentaciones art\u00edsticas de baile y canto tanto de la poblaci\u00f3n de inter\u00e9s como de acogida. Se realiz\u00f3 una brigada m\u00e9dica con la Cruz Roja. En las actividades participaron 109 personas de las cuales 81 fueron personas de inter\u00e9s. ,En Manta, el d\u00eda viernes 26 de agosto se realiz\u00f3 una jornada informativa sobre el tema de regularizaci\u00f3n, la cual se efectu\u00f3 en la asociaci\u00f3n de artesanos de San Mateo y tuvo el apoyo de los compa\u00f1eros de COOPI, teniendo como resultado la participaci\u00f3n de 24 personas, de las cuales 21 personas de Nacionalidad venezolana, 2 de Nacionalidad colombiana y 1 ecuatoriana la cual fue en representaci\u00f3n de su esposo de Nacionalidad venezolana. En Guayaquil, con el objetivo de promover la integraci\u00f3n local y la convivencia pac\u00edfica entre poblaci\u00f3n en movilidad y comunidad de acogida, se realiz\u00f3 una jornada deportiva a a trav\u00e9s de juegos tradicionales y un campeonato de Indor y feria gastron\u00f3mica. En Cuenca, el indicador ya est\u00e1 cumplido, sin embargo, se llev\u00f3 a cabo el proceso de colonias vacaciones en el barrio San Roque. "}}, {"formId": "c4d8wbzkyngr50t3", "recordId": "cl7z95dtl002a4knmkxcrxhjx", "parentRecordId": "c8e3vxql1y47l3h2", "fields": {"mes": "2022-08", "colltmgkykvhxgij6": "c595hvlkylzqu4g3t", "rmrp": "Si", "covid": "No", "poblacion_meta": ["Refugiados/as y migrantes", "Comunidad de acogida"], "IN4_01_RM_NA": 4, "IN4_01_RM_NN": 0, "IN4_01_RM_MM": 3, "IN4_01_RM_HH": 2, "IN4_01_RM_OTR": 0, "IN4_01_RM_LGBT": 0, "IN4_01_CA_NA": 1, "IN4_01_CA_NN": 3, "IN4_01_CA_MM": 18, "IN4_01_CA_HH": 2, "IN4_01_CA_OTR": 0, "IN4_01_CA_LGBT": 0, "IN4_01_CUAL": "En ambos territorios, participaron un importante n\u00famero de personas de la comunidad de acogida, sin embargo, con base en la meta establecida se reporta la poblaci\u00f3n en situaci\u00f3n de movilidad humana. En Quito, se realizaron 4 actividades referentes a este indicador. Dos de estas actividades fueron realizadas en el Museo de la Ciudad: Brigadas Medicas y Taller Siembra Diversa y otras dos en la Comunidad de San Diego: Minga de Limpieza y Entrega de Equipamientos Deportivos para NNAs. Participaron 119 personas de las cuales 61 fueron personas de inter\u00e9s. En Santo Domingo, en la comunidad del CDC Voluntad de Dios, se realiz\u00f3 la inauguraci\u00f3n de las adecuaciones arquitect\u00f3nicas, la cual cont\u00f3 con presentaciones art\u00edsticas de baile y canto tanto de la poblaci\u00f3n de inter\u00e9s como de acogida. Se realiz\u00f3 una brigada m\u00e9dica con la Cruz Roja. En las actividades participaron 109 personas de las cuales 81 fueron personas de inter\u00e9s. ,En Manta, el d\u00eda viernes 26 de agosto se realiz\u00f3 una jornada informativa sobre el tema de regularizaci\u00f3n, la cual se efectu\u00f3 en la asociaci\u00f3n de artesanos de San Mateo y tuvo el apoyo de los compa\u00f1eros de COOPI, teniendo como resultado la participaci\u00f3n de 24 personas, de las cuales 21 personas de Nacionalidad venezolana, 2 de Nacionalidad colombiana y 1 ecuatoriana la cual fue en representaci\u00f3n de su esposo de Nacionalidad venezolana. En Guayaquil, con el objetivo de promover la integraci\u00f3n local y la convivencia pac\u00edfica entre poblaci\u00f3n en movilidad y comunidad de acogida, se realiz\u00f3 una jornada deportiva a a trav\u00e9s de juegos tradicionales y un campeonato de Indor y feria gastron\u00f3mica. En Cuenca, el indicador ya est\u00e1 cumplido, sin embargo, se llev\u00f3 a cabo el proceso de colonias vacaciones en el barrio San Roque. "}}, {"formId": "c4d8wbzkyngr50t3", "recordId": "cl7z95fcc002b4knmf4e19tkq", "parentRecordId": "c56lp1el1y3syct2", "fields": {"mes": "2022-08", "colltmgkykvhxgij6": "c595hvlkylzqu4g3t", "rmrp": "Si", "covid": "No", "poblacion_meta": ["Refugiados/as y migrantes", "Comunidad de acogida"], "IN4_01_RM_NA": 1, "IN4_01_RM_NN": 0, "IN4_01_RM_MM": 13, "IN4_01_RM_HH": 7, "IN4_01_RM_OTR": 0, "IN4_01_RM_LGBT": 0, "IN4_01_CA_NA": 0, "IN4_01_CA_NN": 0, "IN4_01_CA_MM": 1, "IN4_01_CA_HH": 0, "IN4_01_CA_OTR": 0, "IN4_01_CA_LGBT": 0, "IN4_01_CUAL": "En ambos territorios, participaron un importante n\u00famero de personas de la comunidad de acogida, sin embargo, con base en la meta establecida se reporta la poblaci\u00f3n en situaci\u00f3n de movilidad humana. En Quito, se realizaron 4 actividades referentes a este indicador. Dos de estas actividades fueron realizadas en el Museo de la Ciudad: Brigadas Medicas y Taller Siembra Diversa y otras dos en la Comunidad de San Diego: Minga de Limpieza y Entrega de Equipamientos Deportivos para NNAs. Participaron 119 personas de las cuales 61 fueron personas de inter\u00e9s. En Santo Domingo, en la comunidad del CDC Voluntad de Dios, se realiz\u00f3 la inauguraci\u00f3n de las adecuaciones arquitect\u00f3nicas, la cual cont\u00f3 con presentaciones art\u00edsticas de baile y canto tanto de la poblaci\u00f3n de inter\u00e9s como de acogida. Se realiz\u00f3 una brigada m\u00e9dica con la Cruz Roja. En las actividades participaron 109 personas de las cuales 81 fueron personas de inter\u00e9s. ,En Manta, el d\u00eda viernes 26 de agosto se realiz\u00f3 una jornada informativa sobre el tema de regularizaci\u00f3n, la cual se efectu\u00f3 en la asociaci\u00f3n de artesanos de San Mateo y tuvo el apoyo de los compa\u00f1eros de COOPI, teniendo como resultado la participaci\u00f3n de 24 personas, de las cuales 21 personas de Nacionalidad venezolana, 2 de Nacionalidad colombiana y 1 ecuatoriana la cual fue en representaci\u00f3n de su esposo de Nacionalidad venezolana. En Guayaquil, con el objetivo de promover la integraci\u00f3n local y la convivencia pac\u00edfica entre poblaci\u00f3n en movilidad y comunidad de acogida, se realiz\u00f3 una jornada deportiva a a trav\u00e9s de juegos tradicionales y un campeonato de Indor y feria gastron\u00f3mica. En Cuenca, el indicador ya est\u00e1 cumplido, sin embargo, se llev\u00f3 a cabo el proceso de colonias vacaciones en el barrio San Roque. "}}, {"formId": "c4d8wbzkyngr50t3", "recordId": "cl7z95gq1002c4knm8b3ttos2", "parentRecordId": "c2a29g8l0laoheb4", "fields": {"mes": "2022-08", "colltmgkykvhxgij6": "c595hvlkylzqu4g3t", "rmrp": "Si", "covid": "No", "poblacion_meta": ["Refugiados/as y migrantes", "Comunidad de acogida"], "IN4_01_RM_NA": 1, "IN4_01_RM_NN": 2, "IN4_01_RM_MM": 10, "IN4_01_RM_HH": 7, "IN4_01_RM_OTR": 0, "IN4_01_RM_LGBT": 1, "IN4_01_CA_NA": 6, "IN4_01_CA_NN": 11, "IN4_01_CA_MM": 11, "IN4_01_CA_HH": 8, "IN4_01_CA_OTR": 0, "IN4_01_CA_LGBT": 1, "IN4_01_CUAL": "San Lorenzo: Acompa\u00f1amiento a Red de personas con discapacidad en Diagnostico Participativo, Encuentro de Mujeres Resilientes por parte de la Asociaci\u00f3n Caminos de Vida y Asociaci\u00f3n Civil de Venezolanos, Entrega de reconocimientos a referentes juveniles por parte de la Red de J\u00f3venes de la Casa de la Juventud.                                                                                                                                                                                                       Esmeraldas: Acompa\u00f1amiento de la red interbarrial con  Encuentros Resilientes, Acompa\u00f1amiento a Defensor\u00eda Comunitaria en Encuentro por la accesibilidad (Casa Comunal y cuadra inclusiva),  Formaci\u00f3n a defensores/as con Defensor\u00eda P\u00fablica, Encuentro Alma de Mujer con Secretaria de Derechos Humanos para entrega de Exhorto por la defensa de los derechos de la mujer, entrega de equipos a red de J\u00f3venes Titanes                  "}}, {"formId": "c4d8wbzkyngr50t3", "recordId": "cl7z95i6s002d4knmn6pqjo36", "parentRecordId": "c7gqfs9kzhizc405", "fields": {"mes": "2022-08", "colltmgkykvhxgij6": "c595hvlkylzqu4g3t", "rmrp": "Si", "covid": "No", "poblacion_meta": ["Refugiados/as y migrantes", "Comunidad de acogida"], "IN4_01_RM_NA": 0, "IN4_01_RM_NN": 0, "IN4_01_RM_MM": 51, "IN4_01_RM_HH": 1, "IN4_01_RM_OTR": 0, "IN4_01_RM_LGBT": 1, "IN4_01_CA_NA": 0, "IN4_01_CA_NN": 0, "IN4_01_CA_MM": 237, "IN4_01_CA_HH": 10, "IN4_01_CA_OTR": 0, "IN4_01_CA_LGBT": 2, "IN4_01_CUAL": "San Lorenzo: Acompa\u00f1amiento a Red de personas con discapacidad en Diagnostico Participativo, Encuentro de Mujeres Resilientes por parte de la Asociaci\u00f3n Caminos de Vida y Asociaci\u00f3n Civil de Venezolanos, Entrega de reconocimientos a referentes juveniles por parte de la Red de J\u00f3venes de la Casa de la Juventud.                                                                                                                                                                                                       Esmeraldas: Acompa\u00f1amiento de la red interbarrial con  Encuentros Resilientes, Acompa\u00f1amiento a Defensor\u00eda Comunitaria en Encuentro por la accesibilidad (Casa Comunal y cuadra inclusiva),  Formaci\u00f3n a defensores/as con Defensor\u00eda P\u00fablica, Encuentro Alma de Mujer con Secretaria de Derechos Humanos para entrega de Exhorto por la defensa de los derechos de la mujer, entrega de equipos a red de J\u00f3venes Titanes                  "}}]}