{"changes": [{"formId": "c1ajh01kyszt0c88", "recordId": "cl7z936x4000d4knmfw6jitkw", "parentRecordId": "cl6qu1nxu000clwnms27yzbkj", "fields": {"mes": ["2022-08"], "colltmgkykvhxgij6": ["clwyggvkylzqu4l4c"], "rmrp": ["Si"], "covid": ["No"], "modalidad_impl": ["cmo12q1kykwwosjka"], "PR6_01": [1], "PR6_01_CUAL": "no se incluye nuevos territorios,Otros territorios que se alcanza en el mes de agosto que incluye Antonio Ante como parte del ECW. En Sucumb\u00edos Putumayo se llega a Sanahuari y Palma Roja como parte del acompa\u00f1amiento de vacacionales con el Municipio de Putumayo, La Facilitadora Ingrid hace participaci\u00f3n activa con ni\u00f1ez enfocada a temas de sensibilizaci\u00f3n para evitar violencia y xenofobia."}}, {"formId": "c1ajh01kyszt0c88", "recordId": "cl7z9378n000e4knmtutzppse", "parentRecordId": "cl5q96ewa002j90nmxd1k2jo9", "fields": {"mes": ["2022-08"], "colltmgkykvhxgij6": ["clwyggvkylzqu4l4c"], "rmrp": ["Si"], "covid": ["No"], "modalidad_impl": ["cmo12q1kykwwosjka"], "PR6_01": [2], "PR6_01_CUAL": "Se est\u00e1 apoyando procesos de articulaci\u00f3n y coordinaci\u00f3n de la poblaci\u00f3n refugiada a nivel local como es la FAME, d\u00f3nde confluyen varias asociaciones locales y algunas de otras provincias, sin duda requieren apoyo de la Cooperaci\u00f3n para su visibilidad y fortalecimiento en el territorio, en Huaquillas la MTEVBG viene incorporando su presencia y apoyo en forma sostenida, aspiramos que lo mismo se replique en otros cantones, se ha logrado concertar algunas apuestas organizativas y l\u00edneas estrat\u00e9gicas de trabajo, hemos aceptado ser socias honorarias. Adem\u00e1s, con la CDH regional se viene trabajando un Encuentro Binacional con enfoque de movilidad humanas en la zona de frontera en asocio y con apoyo con otras instancias institucionales."}}, {"formId": "c1ajh01kyszt0c88", "recordId": "cl7z937p3000f4knmbjpdbk8w", "parentRecordId": "cl5q96ewa002g90nmharpiqlf", "fields": {"mes": ["2022-08"], "colltmgkykvhxgij6": ["clwyggvkylzqu4l4c"], "rmrp": ["Si"], "covid": ["No"], "modalidad_impl": ["cmo12q1kykwwosjka"], "PR6_01": [2], "PR6_01_CUAL": "Se est\u00e1 apoyando procesos de articulaci\u00f3n y coordinaci\u00f3n de la poblaci\u00f3n refugiada a nivel local como es la FAME, d\u00f3nde confluyen varias asociaciones locales y algunas de otras provincias, sin duda requieren apoyo de la Cooperaci\u00f3n para su visibilidad y fortalecimiento en el territorio, en Huaquillas la MTEVBG viene incorporando su presencia y apoyo en forma sostenida, aspiramos que lo mismo se replique en otros cantones, se ha logrado concertar algunas apuestas organizativas y l\u00edneas estrat\u00e9gicas de trabajo, hemos aceptado ser socias honorarias. Adem\u00e1s, con la CDH regional se viene trabajando un Encuentro Binacional con enfoque de movilidad humanas en la zona de frontera en asocio y con apoyo con otras instancias institucionales."}}, {"formId": "c1ajh01kyszt0c88", "recordId": "cl7z9381x000g4knmbx0r50pv", "parentRecordId": "cl5q96ewa002e90nm9923l8bl", "fields": {"mes": ["2022-08"], "colltmgkykvhxgij6": ["clwyggvkylzqu4l4c"], "rmrp": ["Si"], "covid": ["No"], "modalidad_impl": ["cmo12q1kykwwosjka"], "PR6_01": [2], "PR6_01_CUAL": "Se est\u00e1 apoyando procesos de articulaci\u00f3n y coordinaci\u00f3n de la poblaci\u00f3n refugiada a nivel local como es la FAME, d\u00f3nde confluyen varias asociaciones locales y algunas de otras provincias, sin duda requieren apoyo de la Cooperaci\u00f3n para su visibilidad y fortalecimiento en el territorio, en Huaquillas la MTEVBG viene incorporando su presencia y apoyo en forma sostenida, aspiramos que lo mismo se replique en otros cantones, se ha logrado concertar algunas apuestas organizativas y l\u00edneas estrat\u00e9gicas de trabajo, hemos aceptado ser socias honorarias. Adem\u00e1s, con la CDH regional se viene trabajando un Encuentro Binacional con enfoque de movilidad humanas en la zona de frontera en asocio y con apoyo con otras instancias institucionales."}}, {"formId": "c1ajh01kyszt0c88", "recordId": "cl7z938dx000h4knmimnj0p7i", "parentRecordId": "cl5q96ewa002d90nm83wjwk33", "fields": {"mes": ["2022-08"], "colltmgkykvhxgij6": ["clwyggvkylzqu4l4c"], "rmrp": ["Si"], "covid": ["No"], "modalidad_impl": ["cmo12q1kykwwosjka"], "PR6_01": [2], "PR6_01_CUAL": "Se est\u00e1 apoyando procesos de articulaci\u00f3n y coordinaci\u00f3n de la poblaci\u00f3n refugiada a nivel local como es la FAME, d\u00f3nde confluyen varias asociaciones locales y algunas de otras provincias, sin duda requieren apoyo de la Cooperaci\u00f3n para su visibilidad y fortalecimiento en el territorio, en Huaquillas la MTEVBG viene incorporando su presencia y apoyo en forma sostenida, aspiramos que lo mismo se replique en otros cantones, se ha logrado concertar algunas apuestas organizativas y l\u00edneas estrat\u00e9gicas de trabajo, hemos aceptado ser socias honorarias. Adem\u00e1s, con la CDH regional se viene trabajando un Encuentro Binacional con enfoque de movilidad humanas en la zona de frontera en asocio y con apoyo con otras instancias institucionales."}}, {"formId": "c1ajh01kyszt0c88", "recordId": "cl7z938tt000i4knmv1rwlrwk", "parentRecordId": "cl5q96ew8001u90nm9igaonqo", "fields": {"mes": ["2022-08"], "colltmgkykvhxgij6": ["clwyggvkylzqu4l4c"], "rmrp": ["Si"], "covid": ["No"], "modalidad_impl": ["cmo12q1kykwwosjka"], "PR6_01": [3], "PR6_01_CUAL": null}}, {"formId": "c1ajh01kyszt0c88", "recordId": "cl7z9395z000j4knmt0weep5r", "parentRecordId": "cl5q96ew9002790nmcceebhu8", "fields": {"mes": ["2022-08"], "colltmgkykvhxgij6": ["clwyggvkylzqu4l4c"], "rmrp": ["Si"], "covid": ["No"], "modalidad_impl": ["cmo12q1kykwwosjka"], "PR6_01": [3], "PR6_01_CUAL": "no se incluye nuevos territorios,Otros territorios que se alcanza en el mes de agosto que incluye Antonio Ante como parte del ECW. En Sucumb\u00edos Putumayo se llega a Sanahuari y Palma Roja como parte del acompa\u00f1amiento de vacacionales con el Municipio de Putumayo, La Facilitadora Ingrid hace participaci\u00f3n activa con ni\u00f1ez enfocada a temas de sensibilizaci\u00f3n para evitar violencia y xenofobia."}}, {"formId": "c1ajh01kyszt0c88", "recordId": "cl7z939j4000k4knmliywhd9e", "parentRecordId": "cwvc3msl473q4j6b", "fields": {"mes": ["2022-08"], "colltmgkykvhxgij6": ["clwyggvkylzqu4l4c"], "rmrp": ["Si"], "covid": ["No"], "modalidad_impl": ["cmo12q1kykwwosjka"], "PR6_01": [2], "PR6_01_CUAL": "En Pichincha, se realizaron 2 actividades. La primera fue un taller para definir y firmar acuerdo con la comunidad de San Diego y la Casa Somos en donde se identificaron nuevos beneficiarios. La segunda fue de seguimiento en donde se realiz\u00f3 un taller de prevenci\u00f3n a la VBG en el CDC de Carapungo, con la participaci\u00f3n de los responsables por el centro comunitario. Las dos actividades han sido realizadas con el apoyo de ACNUR. En Santo Domingo, se realizaron tres actividades de fortalecimiento en la comunidad del CDC Voluntad de Dios. Entre estas consta la participaci\u00f3n en las mingas comunitarias, inauguraci\u00f3n del espacio comunitario, y una brigada m\u00e9dica con la Cruz Roja, gestionada por AVSI, la cual atendi\u00f3 a 5 personas en movilidad humana y 4 de acogida que presentaban necesidades en su salud. En FEDAFRO, se fortaleci\u00f3 a la comunidad mediante las mingas y entrega de obra, correspondiente a las adecuaciones planificadas, las cuales ser\u00e1n en septiembre.,En Manta, se tiene previsto trabajar con la comunidad de Montecristi, por el momento se sigue mapeando barrios para intervenir. En Guayaquil, se trabaj\u00f3 en la identificaci\u00f3n de una Organizaci\u00f3n de Base ubicada en el Cristo del consuelo, con las que se hab\u00eda organizado actividades, pero por los \u00faltimos eventos de seguridad suscitados en el sector, se lleg\u00f3 al acuerdo que por el momento no se trabajar\u00e1 en esa organizaci\u00f3n de base, hasta que las actividades se normalices y el sector nos brinde las garant\u00edas para entrar. En Portoviejo, se han planificado las actividades de identificaci\u00f3n de organizaciones para el mes de septiembre."}}, {"formId": "c1ajh01kyszt0c88", "recordId": "cl7z939vn000l4knmhy30jyr0", "parentRecordId": "cabsfwwl0lc6ym6b", "fields": {"mes": ["2022-08"], "colltmgkykvhxgij6": ["clwyggvkylzqu4l4c"], "rmrp": ["Si"], "covid": ["No"], "modalidad_impl": ["cmo12q1kykwwosjka"], "PR6_01": [2], "PR6_01_CUAL": "Esmeraldas: Entrega de equipos a red de J\u00f3venes Titanes  y apoyo a Red de personas con discapacidad APDIFE en Casa comunal y cuadra inclusiva \nSan Lorenzo: Apoyo en Encuentro de Mujeres Resilientes con Asoc. Civil de Venezolanos y Asoc. Colombo Ecuatoriana Caminos de Vida                                                                                                       ,Esmeraldas: Entrega de equipos a red J\u00f3venes Titanes y apoyo a Red de personas con discapacidad APDIFE en Casa Comunal y Cuadra Inclusiva\nSan Lorenzo: Apoyo en Encuentro de Mujeres Resilientes con Asoc. Caminos de Vida y Asoc. Civil de Venezolanos"}}, {"formId": "c1ajh01kyszt0c88", "recordId": "cl7z93a85000m4knm7zpfok3u", "parentRecordId": "cruxxl7l0lc4yqy9", "fields": {"mes": ["2022-08"], "colltmgkykvhxgij6": ["clwyggvkylzqu4l4c"], "rmrp": ["Si"], "covid": ["No"], "modalidad_impl": ["cmo12q1kykwwosjka"], "PR6_01": [6], "PR6_01_CUAL": "Esmeraldas: Entrega de equipos a red de J\u00f3venes Titanes  y apoyo a Red de personas con discapacidad APDIFE en Casa comunal y cuadra inclusiva \nSan Lorenzo: Apoyo en Encuentro de Mujeres Resilientes con Asoc. Civil de Venezolanos y Asoc. Colombo Ecuatoriana Caminos de Vida                                                                                                       ,Esmeraldas: Entrega de equipos a red J\u00f3venes Titanes y apoyo a Red de personas con discapacidad APDIFE en Casa Comunal y Cuadra Inclusiva\nSan Lorenzo: Apoyo en Encuentro de Mujeres Resilientes con Asoc. Caminos de Vida y Asoc. Civil de Venezolanos"}}, {"formId": "c1ajh01kyszt0c88", "recordId": "cl7z93al2000n4knm7u15b7r6", "parentRecordId": "cr4s040kzocgecw1k", "fields": {"mes": ["2022-08"], "colltmgkykvhxgij6": ["clwyggvkylzqu4l4c"], "rmrp": ["Si"], "covid": ["No"], "modalidad_impl": ["cmo12q1kykwwosjka"], "PR6_01": [1], "PR6_01_CUAL": "La meta ya se ha cumplido y se contin\u00faa realizando actividades con las organizaciones comunitarias de base.,En Ibarra, se entreg\u00f3 la biblioteca a la comunidad San Juan de Otavalo, en la casa de la juventud. En Lago Agrio, se entreg\u00f3 la biblioteca a la comunidad Central, en la Unidad educativa Rafael Rodr\u00edguez Palacios y en Manta se entreg\u00f3 la biblioteca a la comunidad de Nuevo Tarqui, a la biblioteca del patronato."}}, {"formId": "c1ajh01kyszt0c88", "recordId": "cl7z93ayb000o4knm1vuh2xks", "parentRecordId": "clnwredkzocirvj1m", "fields": {"mes": ["2022-08"], "colltmgkykvhxgij6": ["clwyggvkylzqu4l4c"], "rmrp": ["Si"], "covid": ["No"], "modalidad_impl": ["cmo12q1kykwwosjka"], "PR6_01": [1], "PR6_01_CUAL": "La meta ya se ha cumplido y se contin\u00faa realizando actividades con las organizaciones comunitarias de base.,En Ibarra, se entreg\u00f3 la biblioteca a la comunidad San Juan de Otavalo, en la casa de la juventud. En Lago Agrio, se entreg\u00f3 la biblioteca a la comunidad Central, en la Unidad educativa Rafael Rodr\u00edguez Palacios y en Manta se entreg\u00f3 la biblioteca a la comunidad de Nuevo Tarqui, a la biblioteca del patronato."}}, {"formId": "c1ajh01kyszt0c88", "recordId": "cl7z93ba2000p4knmip9yhgk0", "parentRecordId": "cupmm4kzoclae71q", "fields": {"mes": ["2022-08"], "colltmgkykvhxgij6": ["clwyggvkylzqu4l4c"], "rmrp": ["Si"], "covid": ["No"], "modalidad_impl": ["cmo12q1kykwwosjka"], "PR6_01": [1], "PR6_01_CUAL": "La meta ya se ha cumplido y se contin\u00faa realizando actividades con las organizaciones comunitarias de base.,En Ibarra, se entreg\u00f3 la biblioteca a la comunidad San Juan de Otavalo, en la casa de la juventud. En Lago Agrio, se entreg\u00f3 la biblioteca a la comunidad Central, en la Unidad educativa Rafael Rodr\u00edguez Palacios y en Manta se entreg\u00f3 la biblioteca a la comunidad de Nuevo Tarqui, a la biblioteca del patronato."}}]}