{"changes": [{"formId": "c4d8wbzkyngr50t3", "recordId": "cl7z97t9z003d4knm5bt8bgoe", "parentRecordId": "clfaqyrl4cyfpdk2", "fields": {"mes": "2022-08", "colltmgkykvhxgij6": "cv39ar7kylzqu4f3r", "rmrp": "Si", "covid": "No", "IN3_02": 1, "IN3_02_CUAL": "Se firm\u00f3 cartas de colaboraci\u00f3n con las empresas: Fakulti- Quito, y Skalec- Santo Domingo"}}, {"formId": "c4d8wbzkyngr50t3", "recordId": "cl7z97tng003e4knmi3rszeyj", "parentRecordId": "c5y9akel31pydo34", "fields": {"mes": "2022-08", "colltmgkykvhxgij6": "cv39ar7kylzqu4f3r", "rmrp": "Si", "covid": "No", "IN3_02": 1, "IN3_02_CUAL": "Se firm\u00f3 cartas de colaboraci\u00f3n con las empresas: Fakulti- Quito, y Skalec- Santo Domingo"}}, {"formId": "c4d8wbzkyngr50t3", "recordId": "cl7z97u10003f4knmxksho5t7", "parentRecordId": "chdd13tl1v0u8hfw", "fields": {"mes": "2022-08", "colltmgkykvhxgij6": "cv39ar7kylzqu4f3r", "rmrp": "Si", "covid": "No", "IN3_02": 5, "IN3_02_CUAL": "Se contin\u00faa con el proceso de acompa\u00f1amiento para la creaci\u00f3n de la Aso. de Venezolanos de Lago Agrio, con soporte directo del Coordinador Zonal \u00c1ngel Villalba, en un proceso constructivo,5 Empresas privadas son visitas en Sto. Domingo como parte de una estrategia de incidencia hacia la empleabilidad, estas empresas est\u00e1n dispuestas a seguir trabajando en la apertura de oportunidades, las empresas son: COFIZA, COMERCIAL LA FERIA, LA CASA DEL TOLDO, ZONA FRANKA, ALMACENES ZEZAR, con soporte de Coordinaci\u00f3n T\u00e9cnica Nacional, Coordinador Zonal, Gestora Sto. Domingo"}}, {"formId": "c4d8wbzkyngr50t3", "recordId": "cl7z97udn003g4knmjrp68hs1", "parentRecordId": "cpf8s4wl1v0gyags", "fields": {"mes": "2022-08", "colltmgkykvhxgij6": "cv39ar7kylzqu4f3r", "rmrp": "Si", "covid": "No", "IN3_02": 1, "IN3_02_CUAL": "Se contin\u00faa con el proceso de acompa\u00f1amiento para la creaci\u00f3n de la Aso. de Venezolanos de Lago Agrio, con soporte directo del Coordinador Zonal \u00c1ngel Villalba, en un proceso constructivo,5 Empresas privadas son visitas en Sto. Domingo como parte de una estrategia de incidencia hacia la empleabilidad, estas empresas est\u00e1n dispuestas a seguir trabajando en la apertura de oportunidades, las empresas son: COFIZA, COMERCIAL LA FERIA, LA CASA DEL TOLDO, ZONA FRANKA, ALMACENES ZEZAR, con soporte de Coordinaci\u00f3n T\u00e9cnica Nacional, Coordinador Zonal, Gestora Sto. Domingo"}}]}