{"changes": [{"formId": "cddpx0jkym2f0he5", "recordId": "cl7zh69v10000m8nmse6tei1l", "parentRecordId": "cl5q96ewd003m90nmwc7765qi", "fields": {"mes": "2022-08", "colltmgkykvhxgij6": "cebj4ekkylzqu4w5h", "rmrp": "Si", "covid": "No", "poblacion_meta": ["Refugiados/as y migrantes", "Comunidad de acogida"], "S8_01_RM_NA": 0, "S8_01_RM_NN": 0, "S8_01_RM_MM": 16, "S8_01_RM_HH": 0, "S8_01_RM_OTR": 0, "S8_01_RM_LGBT": 1, "S8_01_CA_NA": 0, "S8_01_CA_NN": 0, "S8_01_CA_MM": 59, "S8_01_CA_HH": 1, "S8_01_CA_OTR": 0, "S8_01_CA_LGBT": 2, "S8_01_CUAL": "En agosto se ejecutaron r\u00e9plicas con promotoras PERTS, se realizaron en La Salita de PLAPERTS d\u00f3nde son convocas las usuarias para recibir la replicas.  Tambi\u00e9n se visit\u00f3 lugares de tolerancia como la Puentecita, lugar donde existe cerca de 150 trabajadoras del Sexo, la modalidad de intervenci\u00f3n es diferente por cuanto el tiempo es limitado. Tambi\u00e9n se realizaron replicas en Centro de Salud Velasco Ibarra.  Se culminar\u00e1n el total de las r\u00e9plicas PERTS en el mes de septiembre como consta en la planificaci\u00f3n de actividades. \nSe continua con la segunda reuni\u00f3n de autopoyo para personas con VIH, en este taller realizaron un fanzine como herramienta de comunicaci\u00f3n y expresi\u00f3n, asistencia 20 personas.\nTambi\u00e9n realiz\u00f3 el primer cine foro en la SALITA /PLAPERTS, pel\u00edcula: DISCLOUSURE, Ser Trans mas all\u00e1 de la Pantalla, asistencia 30 personas. \nEl taller con promotores adolescentes se planifica comenzar en el \u00faltimo d\u00eda del mes de agosto por cuanto el indicador ser\u00e1 actualizado en septiembre.\n"}}]}