{"changes": [{"formId": "ci7r5tmkytar1k23", "recordId": "cl7z978hu00354knmemsefhly", "parentRecordId": "cl6qu1nxu0001lwnm24lut30t", "fields": {"mes": "2022-08", "colltmgkykvhxgij6": "cfjcfskkylzqu4d3k", "rmrp": "Si", "covid": "No", "poblacion_meta": ["Refugiados/as y migrantes", "Comunidad de acogida"], "ED4_03_RM_NA": 0, "ED4_03_RM_NN": 0, "ED4_03_RM_MM": 3, "ED4_03_RM_HH": 0, "ED4_03_CA_NA": 0, "ED4_03_CA_NN": 0, "ED4_03_CA_MM": 6, "ED4_03_CA_HH": 0, "ED4_03_CUAL": "9 personas adultas inician proceso de sensibilizaci\u00f3n en Antonio Ante, adem\u00e1s de soporte psicosocial para comprender la importancia de la educaci\u00f3n en sus hijas e hijos "}}, {"formId": "ci7r5tmkytar1k23", "recordId": "cl7z979b200364knm39ef69ks", "parentRecordId": "cl5q96ew4000190nm6pdfc3mu", "fields": {"mes": "2022-08", "colltmgkykvhxgij6": "cfjcfskkylzqu4d3k", "rmrp": "Si", "covid": "No", "poblacion_meta": ["Refugiados/as y migrantes", "Comunidad de acogida"], "ED4_03_RM_NA": 0, "ED4_03_RM_NN": 0, "ED4_03_RM_MM": 13, "ED4_03_RM_HH": 0, "ED4_03_CA_NA": 0, "ED4_03_CA_NN": 0, "ED4_03_CA_MM": 26, "ED4_03_CA_HH": 3, "ED4_03_CUAL": "Durante el mes de reporte se desarroll\u00f3 el Primer Encuentro Comunitario de Inclusi\u00f3n Educativa donde se socializ\u00f3 los Acuerdos Ministeriales A00025 y A000026, as\u00ed como se recabaron insumos para la elaboraci\u00f3n participativa de la Ruta de Acceso a la Educaci\u00f3n. "}}, {"formId": "ci7r5tmkytar1k23", "recordId": "cl7z97a3l00374knmhyrn5jd4", "parentRecordId": "cl5q96ew5000k90nm0ep2xd2u", "fields": {"mes": "2022-08", "colltmgkykvhxgij6": "cfjcfskkylzqu4d3k", "rmrp": "Si", "covid": "No", "poblacion_meta": ["Refugiados/as y migrantes", "Comunidad de acogida"], "ED4_03_RM_NA": 0, "ED4_03_RM_NN": 0, "ED4_03_RM_MM": 31, "ED4_03_RM_HH": 2, "ED4_03_CA_NA": 0, "ED4_03_CA_NN": 0, "ED4_03_CA_MM": 11, "ED4_03_CA_HH": 1, "ED4_03_CUAL": "El indicador no reporta avances ya que a\u00fan no se establecen los planes de acci\u00f3n institucionales, adem\u00e1s se han realizado otras acciones m\u00e1s relevantes y de mayor urgencia durante este tiempo como las focalizaciones de posibles beneficiarios mediante la aplicaci\u00f3n del SOP        \n- Rol de los padres en la Educaci\u00f3n y herramientas de apoyo desde casa.\n- Acuerdo 26 A de Educaci\u00f3n\n-  Protecci\u00f3n de NNA en situaci\u00f3n de movilidad humana (Gracias al apoyo de celia Cabrera-ACNUR)\n En el Centro de Promoci\u00f3n econ\u00f3mico y social del municio de Ambato el 11 y 18 de Septiembre se Capacit\u00f3 a 45  cuidadores en las siguientes tem\u00e1ticas: "}}]}