{"changes": [{"formId": "cgrklmakym3h7n64", "recordId": "cl7z971wn00334knm2cx34bga", "parentRecordId": "crjrl46l4722b6i2", "fields": {"mes": "2022-08", "colltmgkykvhxgij6": "c2ghc8ykylzqu505v", "rmrp": "Si", "covid": "No", "AT4_01": 1, "AT4_01_CUAL": "Este indicador se reporta en cero ya que fue cumplido el mes de mayo.,En Quito, se dot\u00f3 de equipamiento deportivo a la Organizaci\u00f3n Barrial de San Diego con el objetivo de favorecer los procesos comunitarios llevados a cabo en el \u00e1rea, en corresponsabilidad con la Casa Somos del Sector. En la FEDERACI\u00d3N PROVINCIAL DE AFRODESCENDIENTES ALONSO DE ILLESCAS DE SANTO DOMINGO (FEDAFRO) de Santo Domingo se terminaron las adecuaciones arquitect\u00f3nicas, las cuales de manera general estuvieron sujetas a cambios de las bater\u00edas sanitarias, sistema el\u00e9ctrico, seguridad, incorporaci\u00f3n de un bar, equipamiento de sillas, mesas, tanque de gas, pizarras, cocina industrial, pintura de mural y escultura. En FEDAFRO, todas estas adecuaciones se realizaron con el apoyo de la comunidad de acogida para el uso posterior en capacitaciones, procesos culturales, reuniones y otras actividades que incentiven la participaci\u00f3n de la poblaci\u00f3n en movilidad humana y afrodescendiente."}}, {"formId": "cgrklmakym3h7n64", "recordId": "cl7z9729700344knmfgiepfv3", "parentRecordId": "c1df573l45ze4al2", "fields": {"mes": "2022-08", "colltmgkykvhxgij6": "c2ghc8ykylzqu505v", "rmrp": "Si", "covid": "No", "AT4_01": 1, "AT4_01_CUAL": "Este indicador se reporta en cero ya que fue cumplido el mes de mayo.,En Quito, se dot\u00f3 de equipamiento deportivo a la Organizaci\u00f3n Barrial de San Diego con el objetivo de favorecer los procesos comunitarios llevados a cabo en el \u00e1rea, en corresponsabilidad con la Casa Somos del Sector. En la FEDERACI\u00d3N PROVINCIAL DE AFRODESCENDIENTES ALONSO DE ILLESCAS DE SANTO DOMINGO (FEDAFRO) de Santo Domingo se terminaron las adecuaciones arquitect\u00f3nicas, las cuales de manera general estuvieron sujetas a cambios de las bater\u00edas sanitarias, sistema el\u00e9ctrico, seguridad, incorporaci\u00f3n de un bar, equipamiento de sillas, mesas, tanque de gas, pizarras, cocina industrial, pintura de mural y escultura. En FEDAFRO, todas estas adecuaciones se realizaron con el apoyo de la comunidad de acogida para el uso posterior en capacitaciones, procesos culturales, reuniones y otras actividades que incentiven la participaci\u00f3n de la poblaci\u00f3n en movilidad humana y afrodescendiente."}}]}