{"changes": [{"formId": "c5vie2zkysumtk35", "recordId": "cl7z93fs2000q4knmiih7s2ce", "parentRecordId": "cl5q96ew7001790nmsvunj5od", "fields": {"mes": "2022-08", "colltmgkykvhxgij6": "cjo64mykylzqu4p4r", "rmrp": "Si", "covid": "No", "espacion_apoyo": "No", "poblacion_meta": ["Refugiados/as y migrantes", "Comunidad de acogida"], "modalidad_impl": "cmo12q1kykwwosjka", "PRPI1_01_RM_NA": 1, "PRPI1_01_RM_NN": 2, "PRPI1_01_RM_OTR": 0, "PRPI1_01_RM_LGBT": 0, "PRPI1_01_RM_DS": 0, "PRPI1_01_CA_NA": 0, "PRPI1_01_CA_NN": 0, "PRPI1_01_CA_OTR": 0, "PRPI1_01_CA_LGBT": 0, "PRPI1_01_CA_DS": 0, "PRPI1_01_CUAL": "En el Programa de Ibarra ingresaron 2 adolescentes de la poblaci\u00f3n de inter\u00e9s y 2 j\u00f3venes ecuatorianos. Se realiza el acompa\u00f1amiento de 16 adolescentes  de los cuales 6 reciben solo acompa\u00f1amiento t\u00e9cnico, 10 se encuentran recibieron CBI  y 1 egresa el 31 de agosto debido a que se han alcanzado los objetivos planteados y el a\u00f1o de acompa\u00f1amiento.  En el Programa Tulc\u00e1n ingresan 3 adolescentes de la poblaci\u00f3n de inter\u00e9s. Se mantiene el acompa\u00f1amiento a 6 adolescentes incluidos los nuevos ingresos, y egresan 3 adolescentes."}}, {"formId": "c5vie2zkysumtk35", "recordId": "cl7z93h8a000r4knmxv6cb1k0", "parentRecordId": "cl5q96ew7001990nmwq17nnvh", "fields": {"mes": "2022-08", "colltmgkykvhxgij6": "cjo64mykylzqu4p4r", "rmrp": "Si", "covid": "No", "espacion_apoyo": "No", "poblacion_meta": ["Refugiados/as y migrantes", "Comunidad de acogida"], "modalidad_impl": "cmo12q1kykwwosjka", "PRPI1_01_RM_NA": 1, "PRPI1_01_RM_NN": 1, "PRPI1_01_RM_OTR": 0, "PRPI1_01_RM_LGBT": 0, "PRPI1_01_RM_DS": 0, "PRPI1_01_CA_NA": 0, "PRPI1_01_CA_NN": 0, "PRPI1_01_CA_OTR": 0, "PRPI1_01_CA_LGBT": 0, "PRPI1_01_CA_DS": 0, "PRPI1_01_CUAL": "En el Programa de Ibarra ingresaron 2 adolescentes de la poblaci\u00f3n de inter\u00e9s y 2 j\u00f3venes ecuatorianos. Se realiza el acompa\u00f1amiento de 16 adolescentes  de los cuales 6 reciben solo acompa\u00f1amiento t\u00e9cnico, 10 se encuentran recibieron CBI  y 1 egresa el 31 de agosto debido a que se han alcanzado los objetivos planteados y el a\u00f1o de acompa\u00f1amiento.  En el Programa Tulc\u00e1n ingresan 3 adolescentes de la poblaci\u00f3n de inter\u00e9s. Se mantiene el acompa\u00f1amiento a 6 adolescentes incluidos los nuevos ingresos, y egresan 3 adolescentes."}}, {"formId": "c5vie2zkysumtk35", "recordId": "cl7z93iub000s4knmwj0vyac5", "parentRecordId": "chuqttwkzcxucpy3", "fields": {"mes": "2022-08", "colltmgkykvhxgij6": "cjo64mykylzqu4p4r", "rmrp": "Si", "covid": "No", "espacion_apoyo": "No", "poblacion_meta": ["Refugiados/as y migrantes", "Comunidad de acogida"], "modalidad_impl": "cmo12q1kykwwosjka", "PRPI1_01_RM_NA": 8, "PRPI1_01_RM_NN": 7, "PRPI1_01_RM_OTR": 0, "PRPI1_01_RM_LGBT": 0, "PRPI1_01_RM_DS": 0, "PRPI1_01_CA_NA": 0, "PRPI1_01_CA_NN": 0, "PRPI1_01_CA_OTR": 0, "PRPI1_01_CA_LGBT": 0, "PRPI1_01_CA_DS": 0, "PRPI1_01_CUAL": "Durante el mes de agosto 15 NNA fueron atendidos y tienen alguna modalidad alternativa, desde el acompa\u00f1amiento ambulatorio y de espacio de casa de autonom\u00eda."}}, {"formId": "c5vie2zkysumtk35", "recordId": "cl7z93kjy000t4knm2i1ybbqw", "parentRecordId": "cl5q96ew7001790nmsvunj5od", "fields": {"mes": "2022-08", "colltmgkykvhxgij6": "cjo64mykylzqu4p4r", "rmrp": "Si", "covid": "No", "espacion_apoyo": "No", "poblacion_meta": ["Refugiados/as y migrantes", "Comunidad de acogida"], "modalidad_impl": "cmo12q1kykwwosjka", "mecanismos": "c6gspwxkym0dbinm", "transferencia": "cib4u00kym0ixwew", "usd_transfer": 2743, "PRPI1_01_RM_NA": 1, "PRPI1_01_RM_NN": 2, "PRPI1_01_RM_OTR": 0, "PRPI1_01_RM_LGBT": 0, "PRPI1_01_RM_DS": 0, "PRPI1_01_CA_NA": 0, "PRPI1_01_CA_NN": 0, "PRPI1_01_CA_OTR": 0, "PRPI1_01_CA_LGBT": 0, "PRPI1_01_CA_DS": 0, "PRPI1_01_CUAL": "Se registran3 nuevas transferencias monetarias para adolescentes en el Programa Tulc\u00e1n. Se registran 2 nuevas transferencias monetarias para adolescentes de la poblaci\u00f3n de inter\u00e9s  y 2 transferencias monetarias para j\u00f3venes ecuatorianos. "}}, {"formId": "c5vie2zkysumtk35", "recordId": "cl7z93mbl000u4knmqtfl0qj7", "parentRecordId": "cl5q96ew7001990nmwq17nnvh", "fields": {"mes": "2022-08", "colltmgkykvhxgij6": "cjo64mykylzqu4p4r", "rmrp": "Si", "covid": "No", "espacion_apoyo": "No", "poblacion_meta": ["Refugiados/as y migrantes", "Comunidad de acogida"], "modalidad_impl": "cmo12q1kykwwosjka", "mecanismos": "c6gspwxkym0dbinm", "transferencia": "cib4u00kym0ixwew", "usd_transfer": 3658, "PRPI1_01_RM_NA": 1, "PRPI1_01_RM_NN": 1, "PRPI1_01_RM_OTR": 0, "PRPI1_01_RM_LGBT": 0, "PRPI1_01_RM_DS": 0, "PRPI1_01_CA_NA": 0, "PRPI1_01_CA_NN": 0, "PRPI1_01_CA_OTR": 0, "PRPI1_01_CA_LGBT": 0, "PRPI1_01_CA_DS": 0, "PRPI1_01_CUAL": "Se registran3 nuevas transferencias monetarias para adolescentes en el Programa Tulc\u00e1n. Se registran 2 nuevas transferencias monetarias para adolescentes de la poblaci\u00f3n de inter\u00e9s  y 2 transferencias monetarias para j\u00f3venes ecuatorianos. "}}, {"formId": "c5vie2zkysumtk35", "recordId": "cl7z93o1v000v4knmob6m7jnz", "parentRecordId": "chuqttwkzcxucpy3", "fields": {"mes": "2022-08", "colltmgkykvhxgij6": "cjo64mykylzqu4p4r", "rmrp": "Si", "covid": "No", "espacion_apoyo": "No", "poblacion_meta": ["Refugiados/as y migrantes", "Comunidad de acogida"], "modalidad_impl": "cmo12q1kykwwosjka", "mecanismos": "c6gspwxkym0dbinm", "transferencia": "cib4u00kym0ixwew", "usd_transfer": 350, "PRPI1_01_RM_NA": 2, "PRPI1_01_RM_NN": 0, "PRPI1_01_RM_OTR": 0, "PRPI1_01_RM_LGBT": 0, "PRPI1_01_RM_DS": 0, "PRPI1_01_CA_NA": 0, "PRPI1_01_CA_NN": 0, "PRPI1_01_CA_OTR": 0, "PRPI1_01_CA_LGBT": 0, "PRPI1_01_CA_DS": 0, "PRPI1_01_CUAL": "Durante el mes de Agosto se entreg\u00f3 asistencia monetaria a varios NNA recurrentes debido a que se realiz\u00f3 una enmienda en donde estipula que pueden volver a recibir una asistencia m\u00e1s los NNA que recibieron hasta el mes de mayo; por tanto en el mes de agosto se registraron \u00fanicamente a dos NNA."}}]}